230 0.154458 -0.067611 0.227176 0.144376 0.186826 -0.057874 0.091600 -0.040378 0.182853 -0.367006 -0.221071 0.135446 -0.100056 0.246041 -0.078331 0.103301 0.087845 -0.120173 0.188414 -0.063484 0.030960 -0.008574 0.151908 -0.024319 0.020726 0.134409 -0.211648 0.173225 0.015245 -0.109458 0.064445 0.028878 0.177718 0.126436 -0.054541 -0.063006 -0.027845 0.307886 -0.021579 -0.108521 -0.016972 0.037580 0.114760 -0.093298 -0.227645 0.055579 0.148582 0.089882 0.058551 0.238457
a -0.003310 -0.018442 0.056344 0.031363 0.196306 0.022633 -0.015431 0.096829 0.034384 0.157769 0.120391 -0.111676 0.199734 0.024269 -0.123163 -0.160297 0.187106 0.075956 0.077059 0.046559 0.131612 0.017257 0.216547 0.000984 0.140504 -0.017649 -0.298289 -0.006850 -0.295216 0.182485 -0.076191 -0.106468 0.294816 0.014441 0.026569 0.119496 0.158800 -0.129383 0.137213 0.236095 -0.091577 0.102873 0.247500 -0.002129 0.034600 -0.029714 -0.355803 0.001264 0.140634 0.071090
abiding 0.301013 0.271971 -0.115884 -0.037427 0.051507 -0.029868 0.079233 -0.140470 0.044114 -0.044511 -0.175994 -0.023061 0.210076 -0.140790 0.250623 0.119011 0.109891 0.110306 0.068546 -0.049368 -0.043318 -0.029852 0.052315 0.300678 0.162188 -0.100032 0.099291 0.138526 -0.197859 0.005039 0.145106 0.025093 0.287400 0.026613 0.133075 0.071976 -0.204646 -0.095050 -0.001863 -0.008328 0.093716 0.054560 0.150372 -0.019530 0.082090 -0.126862 -0.272137 -0.075892 -0.054231 0.252266
about -0.052048 0.032841 -0.023759 -0.070777 -0.058950 0.064919 -0.117788 0.061171 0.265248 -0.071456 0.050997 -0.077889 -0.078205 -0.198851 -0.087571 0.057748 0.096463 0.206007 0.025170 -0.023346 -0.001190 0.128263 0.002152 0.030207 -0.171672 0.312579 0.213161 0.169314 -0.050377 -0.281988 -0.170398 -0.006437 -0.030611 0.218124 0.028268 0.109004 -0.211270 0.201257 -0.250288 0.109660 0.095361 0.127999 -0.122129 0.153150 0.148787 -0.134500 0.240908 -0.120833 0.208016 -0.029099
abroad -0.120389 0.088723 -0.009137 -0.158902 0.247856 -0.006013 0.325213 -0.166509 0.140889 0.139642 -0.070026 0.227245 -0.171469 0.114798 0.126378 -0.047889 0.166671 0.158789 0.054950 0.139165 0.035940 0.190521 -0.178389 -0.136351 -0.184386 -0.037961 0.028412 0.203473 -0.061410 0.212047 -0.054407 0.211129 -0.052852 0.083032 0.037680 0.270820 0.049690 0.222083 -0.170486 -0.085091 0.089158 -0.013454 -0.015729 0.086652 -0.007007 0.084408 0.059760 -0.107186 0.147516 0.175715
absentee -0.039331 0.207406 -0.380375 -0.062326 -0.175858 0.006164 -0.049948 -0.130412 0.188471 0.033083 0.038664 0.078998 -0.118205 -0.057477 0.089516 -0.246236 0.140301 -0.008762 -0.039572 -0.041099 0.092452 0.309190 -0.183300 0.015960 0.099742 -0.022055 -0.150297 -0.214446 -0.093123 -0.036511 0.160498 -0.160302 -0.357852 0.007091 0.061310 0.020542 -0.088770 -0.079994 0.009504 0.102431 -0.193860 0.036804 0.149697 -0.117580 0.078852 -0.124599 -0.146323 -0.124296 0.023438 0.182116
abuse -0.211097 -0.125262 0.159867 0.008312 0.078681 -0.148689 -0.006717 0.223814 0.094061 -0.078669 -0.107709 0.139554 0.094153 -0.079295 -0.228557 0.028258 -0.064319 -0.094047 -0.074494 -0.076962 -0.114428 0.341903 -0.177729 0.152913 -0.068027 -0.028531 0.209489 -0.312894 -0.032279 0.111130 0.014743 -0.032106 -0.203730 0.053140 -0.234487 0.068740 -0.016260 -0.278993 0.012442 -0.100034 -0.138523 -0.044602 -0.129794 0.169366 0.194208 -0.070134 -0.016205 -0.194170 -0.061402 0.081945
academic 0.079578 -0.062309 0.094129 0.212843 -0.372007 0.016595 -0.058389 -0.037072 0.119225 0.149431 0.026208 -0.030819 -0.188825 0.121372 -0.054538 0.111039 -0.217717 0.191171 0.092357 -0.328478 0.211771 -0.096414 -0.057156 -0.048938 -0.132663 0.115961 -0.006877 -0.081788 0.086089 0.096935 0.052780 -0.075099 -0.068388 0.091034 0.137107 -0.232662 0.038144 0.011199 -0.162617 -0.228618 -0.206936 0.057872 0.037137 -0.054950 -0.127693 -0.025185 0.065804 -0.274494 -0.205386 0.097731
accelerates -0.211150 0.077208 0.119564 -0.033483 -0.243328 0.029901 -0.039449 0.087957 -0.089103 -0.016870 0.162159 0.038361 -0.404064 -0.001743 -0.081415 0.179469 -0.082186 0.008428 0.109779 -0.191144 -0.054951 -0.035252 -0.096292 0.114562 0.095111 0.002111 -0.074156 0.000776 0.250491 -0.100355 0.016733 -0.036163 0.035371 -0.153571 0.041039 0.293143 0.098972 0.112655 0.280377 -0.050155 -0.231178 0.096536 0.061516 -0.079597 -0.103004 0.095789 -0.080078 -0.364674 -0.085633 -0.007075
accelerating -0.214757 -0.016772 0.027422 -0.086468 -0.097176 0.042603 0.020685 -0.296697 0.031642 -0.139896 0.233833 0.255920 -0.053128 0.137449 0.058458 0.236944 0.079939 0.160206 0.118769 -0.274044 0.187948 -0.214491 -0.169812 -0.073776 0.233355 -0.193866 0.206560 -0.008350 -0.062637 0.071028 0.047575 -0.240100 -0.073885 -0.042488 0.148096 -0.093538 0.160990 0.052923 -0.005244 0.051057 -0.011591 -0.187757 -0.079855 -0.034713 0.039625 -0.190580 0.036169 -0.135770 0.110015 0.033208
access 0.153275 0.025364 -0.041987 -0.050903 0.117796 0.060609 0.170621 0.333455 0.082592 -0.000711 0.260408 0.068826 0.226605 -0.189149 -0.076030 -0.186269 -0.187457 0.117179 -0.056963 0.058577 -0.040003 -0.001110 0.202661 0.041353 0.012456 0.022876 0.100295 0.385518 0.034967 0.193418 0.062119 0.086319 0.052547 -0.158023 0.034831 -0.234951 0.177556 -0.040240 0.110818 0.044466 0.109960 0.280080 -0.110103 0.166298 0.030981 -0.062099 0.004890 0.086944 -0.145909 0.043520
according -0.213290 -0.073989 -0.003564 0.119645 -0.052846 -0.150887 -0.119930 0.252016 -0.141211 0.084541 -0.179117 -0.099177 -0.093973 -0.052801 -0.285294 -0.165023 -0.300305 -0.028433 -0.191860 0.060866 -0.091181 -0.122611 -0.002993 0.033414 0.111714 -0.105830 0.108260 -0.040428 0.038868 -0.012233 0.044047 0.167519 -0.090762 0.161658 -0.056157 0.171046 -0.048297 0.072805 0.038337 -0.235532 -0.180166 -0.172480 0.141569 -0.156973 0.155454 0.053197 0.285205 -0.222635 -0.129942 0.065437
accountability -0.082600 0.005469 0.227108 0.010756 0.291268 -0.045607 0.178353 0.058380 0.014651 0.112602 0.058682 0.237439 -0.289203 0.137611 0.159756 -0.032059 -0.138002 0.051027 0.089917 0.044836 -0.076125 0.076797 -0.170609 0.131501 0.005063 0.296313 -0.123983 -0.243927 -0.215575 0.156907 -0.195560 -0.041630 0.139210 0.160688 0.063136 0.074730 0.000528 0.123146 -0.008646 -0.073739 -0.092937 -0.228839 0.248836 0.075663 0.149526 0.091752 0.032394 -0.096377 0.091941 0.014493
accountable -0.209687 0.080617 -0.246579 0.058587 -0.032109 0.058934 -0.229488 0.246737 -0.144095 -0.008652 0.133525 -0.152636 0.207663 0.163992 -0.255925 0.283841 -0.053647 0.021575 0.045087 0.019214 0.114138 -0.267329 -0.147931 0.071436 -0.097215 -0.007944 -0.120505 0.135665 -0.046459 -0.139376 0.053310 -0.025941 0.272882 -0.097283 0.010514 -0.104882 -0.012874 0.109097 -0.060752 0.164778 0.077225 -0.028090 -0.044573 0.102505 -0.155596 0.137631 -0.192873 -0.109652 -0.233395 -0.019907
accounted -0.147898 -0.384975 -0.213734 0.055036 0.165175 0.146701 -0.059247 0.155042 -0.020416 -0.135688 0.094941 -0.018735 0.119416 0.112362 0.073149 -0.184592 0.076905 0.064155 0.190295 -0.143193 0.168423 -0.114942 -0.044634 -0.035658 -0.176298 -0.172495 -0.026241 -0.003388 0.124000 0.238150 -0.052163 0.140824 0.008825 -0.039249 -0.023013 0.359455 0.164419 -0.077342 0.167123 0.212703 -0.047991 0.100062 -0.042863 0.057831 0.093755 -0.010574 0.145507 0.102057 0.123602 -0.178263
accounts 0.238949 0.170080 -0.006311 0.118432 0.184505 -0.095614 -0.243230 0.124826 -0.018432 -0.109315 0.030321 -0.025848 0.300063 0.139204 0.142819 0.104818 -0.115784 -0.062259 0.072061 -0.069046 -0.045063 -0.155543 -0.022069 -0.114248 0.048016 -0.220014 -0.212931 0.068063 0.057488 -0.091816 0.128644 0.070328 0.078993 0.010973 -0.023012 0.112732 -0.088889 -0.251963 -0.117939 0.037874 -0.121595 0.104563 0.354853 0.093082 0.253719 0.085929 -0.232857 -0.031876 0.180683 0.010576
accuracy 0.200162 -0.045890 0.170716 0.030030 0.081401 0.125409 -0.189129 0.308326 0.149912 -0.005282 -0.295337 -0.169412 -0.141054 -0.101564 -0.066709 0.082705 -0.072407 0.065753 -0.107294 -0.003090 -0.042948 0.197254 0.038986 -0.225938 -0.108373 -0.139676 0.213362 0.076843 -0.030501 0.067378 -0.415044 -0.010676 0.029047 0.102285 -0.065886 0.127577 0.080550 -0.019014 0.039482 0.162856 -0.128371 0.066387 0.059173 -0.281750 -0.045502 -0.044700 0.199265 0.021664 -0.009370 0.069095
achievement -0.189462 -0.020646 -0.229725 0.040718 -0.112614 -0.172735 -0.031798 0.006125 -0.072083 -0.051566 -0.103876 -0.097986 -0.015860 0.113736 -0.059781 0.377859 -0.015139 -0.065676 -0.163859 -0.162071 -0.086046 0.115153 -0.060454 -0.082771 -0.092481 0.044717 0.138033 0.184757 0.035762 0.166671 0.064792 -0.234890 0.049184 -0.269183 0.052981 0.273744 -0.054508 -0.108558 0.068758 -0.314325 -0.099959 0.026448 0.186529 -0.153022 0.169819 -0.053024 -0.090529 0.114662 -0.035984 -0.206886
acquisitions -0.003077 0.036649 0.410002 -0.344903 0.056678 -0.045089 0.008296 0.047949 0.123107 -0.035758 -0.015045 -0.160220 -0.015398 0.165812 0.085478 -0.002878 0.038514 -0.038168 -0.148127 -0.035590 -0.097531 0.304420 0.068013 -0.099651 0.090289 0.226707 0.152206 -0.015115 -0.090452 0.043616 0.053547 0.071773 0.270155 0.323428 -0.030415 -0.025428 -0.094711 -0.086047 0.053940 0.040797 0.077928 -0.009878 0.069676 0.052973 0.305570 0.037232 -0.207592 -0.052952 0.156902 -0.058717
acreage -0.206329 0.019574 -0.284556 0.121841 0.070451 -0.048388 0.212512 -0.242738 -0.131036 0.145092 -0.088216 0.074158 -0.014750 0.057189 0.398559 -0.047591 0.099883 -0.042049 -0.001224 -0.069058 0.044653 -0.155202 0.050353 -0.248763 -0.078541 -0.064836 -0.034796 0.107126 -0.312895 0.097063 -0.246270 -0.108236 0.052269 -0.025051 -0.100641 0.212943 0.195738 0.031751 -0.000039 0.116722 0.070435 -0.024974 0.107600 0.045037 -0.137817 -0.187405 0.037248 0.185563 0.052980 0.016133
across 0.174335 0.054551 -0.045201 0.285881 -0.124245 -0.119153 0.122514 -0.128873 -0.038090 0.170221 0.020624 -0.106085 -0.162720 0.059358 -0.096376 -0.150142 0.109718 -0.120737 -0.081601 0.140705 0.185094 -0.145559 0.357658 0.100726 -0.164774 -0.134267 0.273558 0.001580 -0.040521 -0.018021 -0.057358 -0.189324 -0.187486 0.017260 0.178563 -0.058179 -0.111517 -0.148962 0.196342 0.013401 -0.041022 -0.097665 -0.099022 0.053043 0.106451 0.247279 -0.134515 -0.177347 0.122511 0.070875
act -0.115727 0.046487 0.051734 0.107638 0.015960 0.083878 0.029721 -0.031929 0.321306 -0.241085 0.140318 -0.017844 0.214849 -0.045989 -0.058184 -0.011713 -0.130985 0.199834 -0.005589 -0.049877 -0.173312 0.086901 0.026562 0.009592 -0.101518 -0.045700 0.034741 -0.035264 0.010902 -0.154454 -0.148134 -0.154091 0.070507 0.081160 0.297996 -0.303083 0.141497 0.049095 -0.100134 -0.260580 0.143401 0.034908 -0.114104 -0.158012 0.156157 0.110715 0.008367 -0.237737 -0.066447 -0.308750
active -0.124721 -0.023184 -0.080326 0.185168 -0.113809 0.160545 -0.282268 0.151517 -0.168588 0.052342 0.089862 -0.040340 -0.058645 -0.404997 0.050765 0.050214 0.053901 -0.097595 0.129995 0.012624 0.127925 0.085512 -0.140397 -0.171800 0.048289 0.011702 0.180683 0.173481 -0.215776 -0.090387 0.110904 -0.062462 0.032066 -0.050146 -0.139187 -0.300261 0.088165 -0.021464 0.122112 0.093200 0.251340 0.169437 0.064253 -0.079021 -0.209494 -0.146343 0.103433 0.161223 0.007756 0.025239
activist -0.230065 0.129706 -0.227118 0.174550 0.181405 0.153284 -0.203698 0.119419 0.031237 -0.116482 -0.080389 -0.039068 -0.226684 -0.049929 0.187461 0.011219 -0.102639 -0.062958 -0.061266 0.216869 0.075603 -0.145602 -0.119145 -0.010642 -0.169141 0.114762 0.157599 -0.009865 -0.156425 -0.121886 -0.048871 0.270472 -0.015763 -0.180245 0.032595 -0.071130 -0.068990 -0.252897 0.000275 0.018379 0.016068 -0.085304 -0.021485 0.314954 0.091316 0.115457 -0.106649 -0.294498 0.016064 -0.033663
acts -0.199491 -0.124759 0.136054 -0.117958 0.135162 0.114184 0.205025 -0.287406 -0.014635 0.174945 0.055356 0.078864 -0.051077 0.118714 -0.050939 0.095865 0.082852 -0.215357 0.010165 0.127354 -0.130485 -0.008813 -0.061438 -0.005465 0.000977 -0.077580 0.230643 0.173592 0.073984 -0.054253 -0.153708 -0.107429 -0.214698 0.009143 0.100677 0.198766 0.028879 -0.134915 -0.219360 0.117610 0.213862 0.007029 -0.054009 0.279816 -0.282310 -0.171701 0.008620 -0.127854 0.100457 0.157379
adapted 0.081412 -0.155912 -0.093602 0.015937 0.030823 -0.038459 -0.211922 -0.023636 -0.079963 0.153593 0.030368 -0.123039 0.224170 0.035879 -0.213702 0.190609 0.165136 -0.175191 0.118950 -0.019051 -0.006701 -0.085672 0.131809 0.018327 -0.439600 -0.240923 -0.121390 0.046058 0.252014 -0.025504 0.197384 0.104788 0.062379 -0.066419 -0.080831 -0.042087 0.067757 0.004466 0.031160 0.164396 -0.220634 0.086101 -0.164251 -0.026585 0.236914 -0.008082 0.199892 0.034485 0.130866 0.072703
added -0.320971 -0.121839 0.059670 0.089919 0.067673 -0.013165 -0.000056 -0.055243 -0.181720 0.011986 0.057808 0.015214 -0.133025 0.378158 0.256456 0.009958 0.081379 0.049405 -0.062395 -0.306745 -0.139013 0.074561 0.205173 0.036100 -0.169855 -0.016027 -0.003511 0.154029 -0.010811 -0.031526 -0.019609 0.056274 0.017949 0.056523 0.019626 0.241195 -0.213809 0.265159 0.199357 0.026560 -0.099112 0.110738 -0.044926 -0.268525 0.056733 0.074875 -0.107651 -0.122940 0.035186 -0.122520
additional 0.111854 -0.232583 0.031763 0.000186 0.171702 -0.210406 0.002006 0.341047 -0.111063 0.065680 -0.012696 -0.116395 0.069231 -0.082831 -0.087237 0.290166 0.115593 -0.182836 -0.115763 -0.070528 -0.220883 -0.056131 -0.007875 -0.109989 0.201949 -0.005362 -0.199808 0.193761 -0.054882 -0.265344 -0.088101 0.061053 0.048803 0.029797 -0.017715 0.088302 0.119689 -0.072849 -0.107396 -0.046083 0.342360 0.140617 0.141625 -0.150624 -0.144181 -0.121009 -0.022031 0.030651 -0.029402 0.117998
address 0.111105 0.047674 -0.043917 -0.093531 -0.072906 -0.154184 0.048324 -0.082263 -0.171226 0.112022 0.016475 -0.203118 0.021158 -0.272672 0.199857 -0.011938 -0.175931 0.132830 0.082924 0.050985 0.073231 -0.071999 0.244148 0.141267 0.175973 -0.036055 0.211361 -0.119175 -0.033990 -0.167957 0.197447 0.106831 -0.057407 0.349909 -0.277930 0.059786 -0.123849 -0.182676 0.043461 -0.016229 -0.043633 0.100996 0.104474 0.170003 0.050393 -0.201725 0.018635 -0.222319 -0.026501 0.126922
adherence 0.202262 0.147058 0.118429 -0.169304 -0.270546 0.200144 0.036053 -0.123404 -0.215674 -0.092619 -0.085051 -0.266577 0.075276 -0.134715 -0.196323 -0.272785 0.026109 0.068569 0.078230 -0.068147 -0.071972 -0.011184 0.012306 0.079712 0.036822 0.066378 -0.087295 0.001088 0.040317 0.014550 -0.113138 -0.018190 0.183157 -0.071630 0.167499 -0.219492 -0.145590 -0.172700 0.002394 0.000279 -0.198659 -0.091729 -0.005893 -0.134201 0.205399 -0.109900 0.361425 0.017659 -0.139727 -0.043949
adjudication -0.040704 -0.034743 -0.051108 -0.022837 -0.101616 -0.077581 0.012048 -0.042537 -0.013623 0.011780 0.011872 -0.065995 -0.085891 0.102688 -0.074743 0.046033 0.014334 0.000205 0.079143 -0.002629 0.179580 0.409251 0.396559 0.314837 0.304688 0.208711 0.285541 0.231637 0.220552 0.365757 0.008304 -0.024629 0.049501 -0.018123 0.025379 0.014898 -0.017179 -0.018972 0.029349 0.008305 -0.001560 -0.031757 -0.045793 -0.002208 0.071804 -0.002652 -0.063802 0.007458 -0.010383 -0.101195
adjusted -0.013227 -0.112386 0.143599 0.132719 0.073817 0.048786 0.140814 0.134031 0.088298 0.134702 -0.003841 0.092093 0.058529 0.041443 0.004197 0.210977 -0.100249 0.066409 -0.043844 -0.179322 -0.083968 -0.096428 -0.167910 0.092554 0.213991 -0.048218 0.018608 0.020922 0.421132 0.025184 0.239670 -0.171589 -0.043127 -0.052581 -0.377987 -0.034202 -0.211781 0.118175 0.271883 -0.023866 -0.034516 0.275096 -0.007354 0.105124 -0.131033 0.030326 -0.099649 -0.002724 0.066634 0.037325
adjustments 0.247640 -0.103815 -0.264818 -0.008206 -0.036245 0.227522 0.163621 -0.261648 0.005208 0.174692 0.058971 0.186018 0.032879 0.149068 -0.009685 0.198949 0.154847 0.042968 0.064322 -0.007244 0.291696 -0.012223 0.093216 -0.044299 0.209231 -0.113382 0.093434 -0.058074 -0.291697 0.098268 -0.155373 0.056333 0.036951 -0.083118 -0.100591 -0.103932 -0.184580 -0.087010 0.070855 -0.060933 -0.097036 -0.061383 0.257495 -0.099949 -0.087043 0.182682 0.050384 -0.104313 0.073659 -0.179590
administration 0.153985 -0.037112 0.150205 -0.165526 -0.114038 0.019625 -0.151080 0.009716 -0.260784 -0.093414 0.058830 0.259948 -0.053850 0.015026 -0.113184 0.056211 -0.169102 0.087623 0.166150 -0.268887 0.220383 -0.412816 0.192680 -0.165077 -0.083074 0.035383 -0.205218 -0.141364 0.027707 -0.182560 0.068114 -0.037011 -0.058629 -0.001878 0.045707 -0.194035 -0.039761 -0.112685 -0.073128 -0.281596 -0.113297 -0.015488 -0.031535 0.031744 -0.002846 -0.128704 -0.041782 0.023699 -0.019718 0.124222
administrative 0.081127 0.308170 -0.014302 0.031094 -0.254641 0.109595 0.176644 0.162903 -0.227324 -0.079895 -0.070514 -0.069899 0.211138 0.025663 0.041718 -0.166548 -0.015455 -0.058711 -0.129711 0.029415 -0.031596 0.019943 0.038049 0.071839 0.250598 -0.150095 -0.158954 -0.055821 0.161885 0.122788 -0.130482 -0.052298 -0.087480 0.006264 0.145923 -0.066814 -0.194969 -0.146751 0.191639 -0.247720 0.197707 0.075466 0.133504 -0.109645 -0.037130 -0.073838 0.180371 -0.246614 0.051002 0.217746
adversaries 0.107234 0.176098 -0.064205 0.185311 0.045458 -0.031307 -0.169245 0.004061 -0.212095 0.165663 0.148648 -0.021660 0.000769 0.085605 -0.031187 -0.236504 -0.136250 0.035926 0.052761 -0.050541 0.086249 0.046387 0.175244 -0.135167 0.093948 -0.027694 -0.182370 0.031451 -0.344652 0.044357 0.374938 0.018395 -0.071602 -0.148926 -0.159507 -0.226503 -0.111827 0.078212 -0.081335 0.043400 0.074675 -0.141897 0.066037 -0.104999 -0.174320 -0.195836 -0.037526 0.041684 -0.291418 0.098680
advisory -0.123667 0.005076 -0.138043 0.138850 -0.019090 0.131469 0.084917 -0.018361 -0.091539 0.083575 -0.159800 0.201425 -0.094604 -0.006760 -0.115386 -0.157212 -0.199645 -0.090305 0.052602 -0.119720 0.030857 -0.029515 -0.132218 -0.365543 0.193134 -0.129270 -0.316587 0.220862 0.061082 -0.056237 -0.023406 0.149704 -0.134359 0.060576 -0.091444 -0.105194 -0.039018 -0.130528 0.019986 -0.024352 -0.200602 0.192843 -0.078772 0.159462 -0.137145 -0.127772 0.272696 -0.230677 -0.041913 0.086655
advocacy -0.002306 -0.154807 -0.089019 0.089568 -0.154267 0.107915 0.103718 -0.081102 -0.012670 -0.165161 -0.088872 -0.436874 -0.053371 0.044039 0.103419 0.016729 -0.043658 0.034164 0.088698 0.042522 -0.010404 0.018340 0.004833 0.020382 -0.093858 -0.066649 0.349482 0.126229 0.051038 -0.145676 -0.126189 -0.004622 -0.033679 -0.056526 -0.176935 -0.228753 -0.001350 0.098259 0.105174 -0.173133 0.050513 0.126548 -0.146083 -0.180074 -0.103050 0.117312 -0.288136 0.153741 -0.010607 0.344204
advocates 0.078217 -0.019183 -0.060458 0.378219 0.028417 -0.016945 0.013457 0.031410 0.188680 0.041701 -0.000386 -0.362363 -0.110168 0.244422 -0.149523 -0.155283 0.195942 -0.060216 -0.137050 0.081102 0.107531 -0.119797 0.014018 0.012892 -0.085566 0.154496 0.025256 -0.091218 0.166877 -0.104392 0.233446 -0.021773 0.027168 -0.117281 0.236007 -0.135779 -0.039633 -0.025275 0.112157 0.107790 -0.167310 0.191324 -0.031105 -0.273208 -0.189185 0.031782 0.078206 -0.027552 0.167884 0.054083
affordability 0.053248 0.093184 -0.425656 -0.015677 -0.056228 0.021283 -0.102040 -0.112468 -0.074330 -0.084464 0.072586 0.001746 -0.060584 0.199564 -0.002685 -0.053012 0.192282 0.130049 0.098843 -0.042142 -0.100660 -0.043058 -0.113794 0.119504 0.289546 0.075121 -0.197697 -0.091370 -0.169605 0.193279 -0.063438 -0.154340 0.104642 0.234317 0.130648 -0.050798 0.029380 0.194423 0.283566 0.092763 -0.027701 0.179289 -0.171249 0.109499 -0.182726 0.126853 0.077530 0.158209 0.111595 -0.014817
affordable 0.412439 0.304594 0.229883 0.271551 0.201535 0.242337 0.241359 0.267818 0.304919 0.233156 -0.164796 -0.126134 -0.161634 -0.098754 -0.165008 -0.136037 -0.031004 -0.189390 -0.083378 -0.190246 -0.022375 0.035871 0.018812 0.038703 0.004866 -0.020030 0.053223 0.008056 0.029284 0.024259 -0.032217 -0.036372 0.037721 -0.074200 -0.041571 0.004623 0.017203 0.037577 0.022745 -0.005074 -0.041178 -0.007723 0.034443 -0.063602 -0.010126 0.009551 -0.012640 -0.002966 -0.004707 -0.012107
against -0.087931 -0.085022 -0.012825 0.031164 -0.104706 0.137009 -0.011419 0.259098 -0.047856 0.202126 0.064082 -0.208138 -0.242670 -0.074449 0.033243 0.187421 0.102017 0.040757 0.110053 -0.185129 -0.055448 0.044829 0.086723 -0.075007 0.324822 0.052498 -0.174656 -0.137348 0.158433 -0.033773 -0.083296 -0.238883 0.124185 0.064975 0.029202 0.210791 -0.120318 -0.277759 -0.120969 -0.232143 0.003746 -0.010254 -0.028191 -0.287910 0.101152 -0.046049 0.017359 0.122160 0.165092 -0.085960
agencies -0.331512 -0.018688 -0.089777 0.204802 -0.052167 0.047197 0.155789 0.084703 0.060614 0.024032 0.174057 -0.027348 0.027630 -0.079497 -0.027702 0.147384 0.180853 -0.108723 0.108576 0.245180 -0.165377 0.027895 0.302718 -0.258404 -0.003605 0.002904 0.287959 -0.171489 -0.052952 0.013695 0.041094 -0.047556 0.176000 0.004518 -0.147266 0.190754 0.117830 -0.013110 0.150868 0.117786 -0.173349 -0.118551 0.085000 0.082682 0.005011 -0.213770 -0.115353 -0.020746 -0.183243 -0.158933
agency 0.192325 -0.036564 0.031849 0.010674 -0.070197 0.130976 -0.104607 0.011964 0.238856 -0.123154 -0.000270 -0.120951 0.084028 0.322358 0.054441 0.230029 -0.077354 0.086294 -0.191753 -0.027890 0.376309 0.031311 0.034629 0.133251 0.203254 -0.028595 -0.169421 -0.218113 0.062617 -0.046368 -0.232052 -0.048812 0.106682 0.050574 -0.085191 0.125317 0.134606 0.153826 -0.111724 -0.039694 0.034897 0.018121 0.059142 -0.070924 0.215841 -0.179606 0.090994 0.271091 0.065213 -0.112981
aggregate -0.141071 0.112604 -0.319173 0.145923 0.098290 -0.269503 -0.056897 0.082221 0.007991 0.012724 -0.093541 0.250090 -0.175432 0.078902 0.104490 0.059635 -0.081568 0.097522 -0.091630 -0.268898 -0.343608 -0.089693 -0.089533 -0.191441 0.076619 0.019829 -0.029217 -0.141302 -0.016940 -0.035142 0.117390 0.045787 -0.122726 0.156673 0.152988 0.102407 0.049544 0.107044 -0.094910 -0.230932 0.125248 0.093199 0.165946 -0.024393 0.227899 -0.125822 0.043814 -0.067733 0.123799 0.158055
aggression 0.015955 0.152071 0.168000 0.131447 0.416551 0.257764 -0.077987 -0.026270 -0.174340 0.078403 0.080623 -0.009639 -0.133376 0.013992 0.006586 0.035205 -0.028802 -0.054015 0.031545 -0.018852 0.044866 -0.095912 -0.199083 -0.333930 0.063241 -0.082665 0.057389 0.007067 -0.125126 -0.007925 0.131503 0.059611 -0.210432 -0.313384 -0.027997 -0.058246 -0.255035 0.042036 -0.075822 0.085200 0.177802 -0.115458 0.077193 -0.006896 0.085948 0.223138 0.023105 -0.221829 0.031047 0.135912
aggressive 0.103938 -0.170422 0.129895 0.145486 -0.000935 -0.096403 -0.197138 -0.151688 -0.144308 -0.008559 0.088225 0.199145 0.268666 -0.353666 -0.305096 0.096051 0.147571 0.031526 -0.007755 -0.019046 0.312880 0.113326 -0.109407 0.036714 0.000381 0.007037 0.076851 -0.074662 -0.235990 0.050500 -0.039666 -0.115266 -0.151695 -0.105497 0.035296 -0.016526 0.045277 -0.158542 0.058027 -0.160067 0.146841 -0.116715 -0.016887 0.092141 0.256785 -0.081121 -0.013955 0.020746 0.066627 -0.194368
agreement 0.216032 0.107408 -0.232737 -0.065619 -0.164054 -0.139237 -0.031334 -0.139552 0.252225 -0.082521 -0.037065 0.050171 0.074192 -0.173887 0.054499 0.067625 0.130629 0.041012 -0.188095 0.234700 0.040627 0.177482 -0.121624 0.172943 0.141290 -0.256607 -0.193473 -0.035019 0.144363 0.109330 0.025823 -0.038178 0.135926 0.001255 0.236998 0.227929 0.202536 -0.076571 -0.015076 0.063585 0.177751 -0.111036 -0.125810 0.059877 0.269914 -0.108634 0.104211 0.087724 0.085658 -0.029624
agreements 0.286676 0.057350 -0.192538 0.186093 -0.209896 0.120611 0.018508 0.193748 0.213802 -0.041665 0.240376 -0.152188 -0.198693 0.063494 0.010891 0.158564 -0.088698 0.042573 0.262413 -0.026928 -0.014702 -0.026853 0.063845 -0.076293 -0.070953 0.053083 0.036528 -0.113150 -0.291964 0.189397 -0.059392 0.089672 -0.045289 0.169231 -0.000060 0.090428 -0.023911 -0.016085 0.099989 -0.134853 0.210429 -0.011258 -0.066474 -0.193928 0.024747 -0.068419 -0.093783 0.080400 -0.273276 0.234226
agricultural -0.104782 -0.166605 -0.224894 0.022309 -0.192725 -0.007757 0.071463 -0.119444 -0.008024 -0.176963 -0.089497 -0.116047 0.166745 0.131876 -0.130403 -0.065775 0.214568 -0.159950 -0.115289 -0.078726 -0.030382 0.022260 0.196700 -0.072183 -0.045325 -0.062627 0.140419 -0.059276 0.208133 -0.011344 0.092914 0.095035 0.106663 -0.183004 -0.103036 -0.158545 0.128045 -0.146221 -0.187704 0.227309 0.183053 0.139251 0.327691 0.003975 0.193893 0.061707 -0.116254 -0.082395 -0.279735 -0.043836
agriculture -0.110104 0.112690 -0.131735 -0.060730 0.208762 0.154498 -0.003243 -0.074632 0.006235 0.334641 -0.065320 0.080690 0.062537 -0.017233 0.096448 0.016220 0.009489 0.248352 -0.022077 0.419383 -0.153800 -0.172499 -0.017136 0.055833 0.030306 0.220528 -0.133640 0.058352 0.210981 -0.017407 -0.132123 -0.163154 -0.052648 0.261676 0.139642 -0.102195 0.012775 -0.157535 0.002504 -0.180455 -0.017191 0.100711 -0.077637 -0.029199 -0.093204 -0.027807 0.090428 0.082620 -0.201367 0.220890
air 0.043799 -0.032410 0.080375 -0.095247 0.254991 -0.080013 -0.091164 -0.174166 0.029305 0.009981 0.051578 -0.152790 0.175632 -0.018794 0.010924 -0.006342 -0.124792 -0.354060 0.082367 -0.170203 -0.000913 0.182693 -0.140802 -0.073234 0.141052 0.059098 -0.218173 0.190024 0.241346 -0.201015 0.107401 0.089286 -0.070013 0.098773 0.203028 -0.091588 0.143908 0.325433 -0.034336 -0.105365 -0.094463 -0.229022 -0.104852 -0.027493 -0.114015 -0.065271 -0.100141 0.080760 -0.030625 0.203873
airport -0.009092 -0.314809 -0.117389 0.108415 -0.071288 -0.094066 -0.143620 0.211020 -0.011335 0.172395 -0.110118 0.043390 -0.185677 0.020555 -0.091607 -0.163068 -0.050204 -0.215832 -0.128307 0.137314 -0.148784 0.004982 -0.166723 0.129149 -0.251219 -0.053266 -0.033785 -0.038128 -0.050260 0.068064 0.051396 -0.131301 0.035496 -0.155442 0.039228 0.505536 0.226421 0.099424 -0.074255 -0.058129 -0.101169 -0.151231 -0.129045 0.080288 0.072243 0.072015 -0.009819 -0.005822 -0.124814 -0.030330
algorithmic -0.147753 -0.167328 0.202806 0.001693 0.150118 -0.002831 0.049969 0.049667 -0.000138 0.230554 0.168790 0.088313 0.013154 -0.058954 0.049910 0.081387 -0.169569 0.018823 -0.047681 0.094475 -0.019264 -0.230494 -0.208062 0.373915 -0.106388 0.163999 -0.006049 -0.236803 -0.031941 -0.093780 0.108414 0.079292 0.098237 -0.078860 -0.197170 -0.268014 -0.057593 0.014597 -0.007604 -0.131792 0.138792 -0.033436 0.156423 -0.074536 -0.004887 -0.197035 -0.250344 -0.166629 -0.190061 0.129944
algorithms 0.122186 0.098034 0.219452 -0.057192 0.040984 -0.062965 -0.067736 0.161395 0.058845 -0.004677 0.168259 0.018449 -0.344824 -0.053248 -0.050496 -0.119772 0.020073 0.010847 0.162869 0.061914 0.266865 0.179692 0.064941 -0.185283 0.047715 0.011764 -0.072735 -0.128545 0.025164 0.094450 0.243377 0.065377 -0.128849 0.213467 0.264560 0.111722 -0.113819 -0.073878 0.239675 0.115967 0.365793 -0.082987 -0.130562 0.011370 0.110093 0.033301 -0.050601 -0.136225 0.138196 -0.038643
all -0.190388 -0.156752 -0.025399 0.057448 0.114545 0.003569 0.012714 0.153202 0.108576 -0.139998 0.121274 0.012844 0.016766 0.010529 -0.059887 0.052016 0.016834 0.011207 -0.035939 -0.050585 -0.395692 0.103144 0.148158 -0.178121 0.064383 0.111525 -0.136551 0.039351 0.209931 -0.234292 -0.049028 -0.025606 -0.249645 -0.211511 -0.001456 0.231679 -0.081678 0.432166 -0.093149 0.087821 0.000185 -0.151593 0.124989 -0.065179 -0.067041 -0.095677 0.052799 -0.200319 0.097577 0.045561
alliances 0.206900 -0.081017 0.000858 0.006263 0.085664 -0.140169 0.125052 -0.120841 0.186531 0.230165 0.024863 0.064637 0.120364 0.126238 0.085814 -0.092598 0.002826 0.089514 -0.048401 0.180051 0.064354 -0.135532 -0.033168 -0.040923 0.052930 0.025554 -0.012809 0.135435 0.022024 0.192127 0.148822 -0.322965 0.109023 -0.081220 -0.170948 -0.013735 -0.215265 0.075906 0.017819 0.269749 0.031122 0.028419 0.010676 -0.046001 -0.492940 -0.220828 0.140669 -0.066995 0.009315 -0.085751
allocated -0.091087 0.088738 -0.229814 0.124674 0.055302 0.029379 -0.026496 0.012800 -0.113805 0.060889 0.192832 -0.062725 0.315492 0.175081 0.033240 -0.182398 -0.057942 -0.032949 0.090542 0.062037 0.005941 0.118913 -0.001557 -0.054778 -0.067190 0.286884 0.040477 -0.109022 -0.021988 -0.324763 -0.144491 -0.033847 -0.168759 0.118133 0.184669 -0.027423 0.062911 -0.125572 -0.079853 -0.334406 -0.113691 0.036967 -0.077878 -0.271949 -0.011620 -0.175531 0.129526 0.256968 -0.008028 -0.054799
allocation -0.254092 -0.118589 -0.087686 0.309585 -0.041413 -0.038739 0.145462 -0.010341 0.169712 0.066610 -0.177368 0.069641 -0.298643 -0.033932 0.004789 0.006723 -0.297609 -0.068218 0.110727 -0.053230 0.198111 -0.072162 -0.030686 -0.004214 0.130377 0.115161 -0.154493 0.082339 0.081298 0.200575 0.023928 0.087565 -0.218085 -0.253970 -0.173627 -0.042918 -0.055689 0.151685 -0.217960 -0.003485 0.039357 -0.146635 -0.077704 -0.115994 0.049394 -0.024311 0.059044 -0.303261 0.024083 0.066308
allocations 0.175080 0.024840 0.048622 -0.039258 -0.014100 0.046512 -0.102784 -0.031051 -0.075554 0.111456 0.332419 -0.006311 0.008923 0.025229 0.169976 -0.032124 0.036037 0.040879 0.040229 0.087601 0.145776 -0.152033 0.258718 -0.214371 0.025800 0.001054 0.031845 0.164615 0.052518 -0.092645 -0.129280 0.242464 0.011061 0.078593 -0.156001 0.210973 -0.391458 0.230358 0.151288 0.163891 0.023264 -0.115896 0.034427 0.162941 -0.219597 -0.165704 0.206165 0.117276 0.001061 -0.040458
allow -0.090761 -0.296157 -0.167412 -0.084185 -0.012768 0.023069 -0.094677 -0.165796 0.174065 0.123682 -0.228467 -0.094280 -0.030681 -0.128220 -0.097832 -0.017589 -0.059546 -0.126512 -0.212473 -0.179530 -0.184560 -0.007102 -0.079883 -0.118050 -0.054333 -0.029687 0.012549 -0.055254 0.090018 0.113490 0.020988 -0.027724 -0.085038 -0.118218 0.165544 -0.273848 -0.201740 -0.002198 0.037847 -0.145457 0.071117 0.068775 -0.045393 -0.158688 -0.269531 -0.002242 -0.343710 0.094457 -0.305773 0.010946
allowing -0.122653 0.055747 -0.426084 -0.075612 -0.267049 -0.126433 0.191944 -0.156841 0.074793 -0.105810 -0.108952 -0.230019 0.244409 -0.117305 0.103847 0.066855 0.243551 0.090000 0.172505 0.009309 0.054787 -0.043038 0.092483 0.048682 -0.140362 0.035721 0.017733 0.012745 0.122429 0.197056 0.262800 0.176561 0.155290 -0.025680 0.225991 0.045089 -0.062863 0.107175 0.065918 -0.115877 0.058509 0.086708 -0.093925 -0.065641 -0.118212 0.078846 0.012610 0.152086 0.090955 0.007590
alongside -0.155988 -0.017942 -0.008124 -0.085906 -0.101561 0.076278 -0.023348 -0.082634 0.186730 0.131719 -0.011298 0.074267 -0.300944 0.128663 0.109847 -0.257020 0.111203 0.175902 -0.097299 0.049195 0.080217 0.176156 -0.064328 -0.036672 0.024842 0.105801 -0.021232 -0.054045 0.212172 -0.120229 0.052425 0.081985 0.141683 0.171360 0.087859 0.013900 0.111951 0.024710 0.096196 0.177842 -0.088748 0.132393 0.409660 0.191188 0.201006 -0.061434 0.123766 -0.154068 0.183095 -0.247196
ambitions -0.197058 0.183531 0.213239 -0.099176 0.039746 0.009594 -0.019566 0.048110 -0.221860 -0.122266 0.335391 -0.018917 -0.018413 -0.101028 0.189557 -0.071933 0.080581 0.169909 0.137089 -0.198081 0.169263 0.018454 0.264829 0.075573 0.082854 -0.120407 0.110779 0.106981 -0.103809 0.085289 0.011321 -0.037568 0.116691 0.082786 0.037843 -0.119390 -0.089156 -0.289289 -0.163846 -0.055860 -0.033154 -0.046353 0.152635 0.185601 -0.270280 -0.033713 0.198488 -0.028357 0.207063 -0.015107
amendment -0.143963 -0.142898 -0.106017 -0.163365 -0.106347 -0.173638 -0.147551 -0.103708 -0.157554 -0.116675 0.227930 0.279065 0.257308 0.325705 0.282293 0.362813 0.248413 0.218989 0.204320 0.291315 0.035782 0.000941 -0.000276 -0.068254 -0.002225 -0.068370 -0.007115 -0.083347 0.094533 -0.014880 -0.036434 0.006895 -0.006195 -0.009777 0.030979 0.000714 0.008148 -0.042168 -0.005338 -0.093713 0.013226 -0.027276 -0.034997 -0.014947 -0.022275 -0.111330 -0.022725 -0.052689 -0.017421 0.005667
american -0.134874 0.106025 -0.048687 -0.101370 -0.021056 0.179453 0.179075 0.106967 -0.121477 -0.009032 -0.040767 -0.000134 -0.113831 0.007271 -0.096837 0.305579 -0.045135 -0.117977 0.315429 -0.108691 0.077028 0.129395 -0.119523 -0.084189 -0.147208 -0.320692 -0.182943 -0.038930 0.134725 0.026855 0.140431 -0.154289 0.105309 0.084348 0.280133 -0.109568 0.024676 0.030810 0.151534 -0.063114 -0.107710 -0.105508 -0.226506 -0.128319 -0.137979 -0.291778 -0.031315 -0.152717 -0.003959 -0.010211
amid -0.094529 0.089210 0.307007 -0.032173 -0.057709 -0.059002 -0.087933 0.027346 -0.166385 0.204818 0.092211 0.065311 0.107947 0.117592 0.185686 0.043103 -0.014489 0.075716 0.149581 -0.088364 -0.078641 -0.066145 -0.002589 -0.139899 -0.297289 -0.097520 0.054953 0.062906 -0.267808 -0.075092 -0.339093 -0.022647 -0.193524 0.003850 0.067824 -0.141033 0.215676 0.036124 -0.127537 0.156309 -0.016913 0.177624 0.227621 -0.037081 -0.275198 -0.188694 0.000573 0.094181 -0.077236 0.051413
amnesty -0.028983 -0.004919 -0.141861 -0.429058 -0.177680 -0.002688 -0.031403 0.016846 -0.091978 -0.228200 0.066507 -0.135140 -0.240033 0.029886 -0.134925 0.000868 0.108465 0.009382 -0.010917 -0.188706 0.094254 0.104199 -0.182689 0.275292 -0.173184 0.040132 0.143527 0.093357 0.046571 -0.074253 -0.181079 0.003558 -0.131793 -0.086248 -0.272706 0.135941 0.011109 -0.235232 -0.073754 0.030430 -0.269871 -0.009914 -0.135126 -0.043149 0.009999 0.019516 -0.187233 -0.084140 -0.045541 -0.083847
amounts -0.005592 -0.068363 -0.017451 -0.014877 0.101343 -0.250849 0.009350 -0.194860 0.042703 0.054510 -0.060158 0.358979 -0.113184 -0.026587 0.037667 -0.164947 -0.041538 0.242075 0.112124 0.014918 0.051668 0.006845 0.193626 -0.114083 0.111904 0.137053 0.049200 -0.010512 0.319087 -0.083161 -0.101987 0.036212 -0.185040 -0.156470 0.109352 -0.021791 0.166000 -0.215704 -0.233455 -0.174789 0.130390 0.110332 -0.072686 -0.000307 -0.312331 -0.203155 0.049795 0.113823 0.028768 0.060260
an -0.071019 0.045993 0.138238 -0.014653 -0.134099 -0.126910 0.154194 0.087605 -0.024225 -0.050999 0.119372 -0.129212 -0.062053 -0.158039 0.345730 -0.029710 0.191635 0.132117 0.018743 0.048942 -0.153613 -0.220761 -0.052098 -0.121892 0.321542 -0.092945 0.117268 -0.186778 0.178804 0.038107 -0.129904 0.218200 0.025572 0.068007 0.023994 0.099218 -0.058880 -0.017190 0.146345 -0.007463 -0.140710 0.168697 -0.073635 0.216671 0.040240 -0.186363 0.099257 0.027516 -0.186479 -0.309688
analogues -0.288902 -0.057015 0.002510 -0.201170 0.167748 0.048139 0.015489 -0.200907 -0.064785 0.131644 -0.322488 0.080061 0.028657 -0.060705 0.015115 0.044565 -0.052972 0.434563 -0.042799 0.046928 -0.086115 -0.021987 -0.187946 0.040915 -0.087865 0.179450 -0.171982 0.046710 -0.098183 0.215180 -0.005574 0.063680 -0.008437 -0.135495 0.147906 -0.059772 -0.057388 -0.082822 -0.097339 -0.157826 -0.044300 0.019162 -0.246161 -0.182523 0.146619 0.043404 0.230346 0.074825 0.141387 0.064141
analysis 0.025590 -0.020043 0.023790 -0.044656 -0.013844 0.035415 0.038842 -0.028964 -0.057962 0.045136 0.013743 -0.036862 -0.008479 0.042358 0.066129 -0.028075 0.077761 -0.003763 0.081136 0.000245 0.246458 0.307782 0.309873 0.345718 0.323119 0.318803 0.260328 0.287011 0.322852 0.327146 -0.008511 -0.060352 -0.029869 0.052829 0.013011 -0.015182 -0.039140 -0.004387 0.018949 0.017258 0.036989 -0.020612 -0.009997 0.073966 0.004864 0.032430 -0.075194 0.016720 0.056005 0.001094
analysts -0.138694 -0.091229 0.036180 -0.024225 0.011008 -0.069911 -0.039724 -0.036292 0.012385 0.084870 0.203825 0.068579 0.143910 -0.120364 -0.177710 -0.392493 0.290915 -0.259487 0.135859 -0.174122 -0.203999 -0.163030 -0.273004 -0.057587 0.086899 -0.187992 -0.084552 0.112496 0.037864 0.030077 -0.095076 -0.009430 -0.153623 0.097005 -0.137007 0.267078 0.028775 -0.047480 0.088417 0.146649 0.087561 -0.199095 -0.088920 -0.105393 0.007410 0.093418 0.043177 0.037610 -0.024581 -0.180997
analyzing -0.122853 0.017589 0.041938 -0.085329 -0.138757 -0.158906 0.073761 0.250989 0.119197 -0.068127 -0.122281 0.048111 0.066774 0.022577 -0.180171 0.119270 0.211884 0.166319 0.084695 -0.109566 0.445150 -0.068710 -0.134918 0.140336 -0.029065 0.044210 0.020121 -0.217567 -0.021507 -0.035112 0.117241 0.045805 0.019707 0.223207 0.318570 -0.073227 -0.283735 0.031548 -0.125474 0.071439 0.057530 0.047665 0.104961 0.066805 0.069481 -0.074870 0.051190 -0.137388 0.223495 -0.109126
and -0.057830 0.069208 -0.224240 -0.185924 0.183281 -0.082666 -0.079253 0.013247 0.005642 0.025192 0.391448 -0.015577 -0.056501 0.028988 -0.005034 0.203897 -0.028878 0.029046 -0.072543 -0.243247 -0.072024 0.179455 -0.111769 0.107139 -0.016777 0.024845 0.026666 -0.198989 0.242827 0.078643 -0.026291 -0.110134 -0.237313 0.065533 -0.177492 0.126497 -0.132446 -0.018139 -0.092405 0.049993 -0.070241 -0.020874 0.248191 -0.126241 0.068217 -0.092843 0.390350 0.098305 0.135897 0.001339
animals -0.046048 -0.088828 -0.033383 0.203595 0.082464 0.002739 -0.115821 0.274453 -0.039210 -0.015997 -0.173991 -0.198821 0.045387 0.191075 -0.230004 -0.011121 -0.109551 -0.108590 -0.054722 0.260965 -0.066486 0.190544 0.178264 0.022437 0.160776 -0.094933 0.003890 -0.073503 -0.069174 0.015052 0.174408 0.115899 0.015349 -0.010786 0.029257 0.188660 -0.017698 -0.027320 0.045856 -0.064633 0.056252 0.100114 0.360877 -0.008546 0.320894 -0.320611 -0.128822 0.135167 0.018765 -0.055050
annual 0.072305 0.011528 -0.028328 -0.007764 0.019840 -0.001123 0.032141 -0.002054 -0.087885 0.032109 -0.053198 0.000715 -0.010731 -0.028716 -0.064676 -0.009381 -0.077598 -0.019175 0.022058 -0.058357 0.221133 0.406679 0.354865 0.252298 0.259600 0.363153 0.257844 0.289981 0.354204 0.223658 0.011901 -0.005032 0.018019 0.025408 -0.064560 0.047363 0.012117 0.052197 -0.046401 -0.005986 -0.019186 0.004668 0.100393 -0.009197 0.033187 -0.075423 0.010349 -0.006163 -0.067926 0.036844
antitrust 0.078668 0.197518 0.113059 0.138911 0.089360 0.051696 0.130098 -0.265658 -0.011133 -0.104002 0.144093 0.185379 0.123243 -0.199598 -0.135153 -0.012037 0.217688 -0.152240 0.104920 0.267020 -0.154920 -0.193065 -0.154584 0.209519 -0.040415 0.146632 -0.086412 -0.023669 0.125888 0.007515 -0.041835 -0.233556 0.260376 -0.028907 0.018936 0.108752 -0.055070 0.139393 0.164148 0.160643 0.021362 -0.231928 -0.084389 0.031224 0.102070 -0.075599 0.099592 0.026651 0.163461 0.167009
antiviral -0.059704 0.051819 -0.080480 0.003054 0.087706 0.211472 0.079205 -0.171282 -0.046136 0.098472 0.192300 -0.025725 -0.052380 -0.226500 -0.074497 -0.027813 0.027624 0.116891 0.221243 0.226231 0.055869 -0.097088 -0.097978 0.083056 0.002671 0.102007 0.156178 0.173421 0.144369 -0.025028 -0.263574 0.038792 -0.200959 -0.047201 -0.208143 -0.112011 0.229453 0.160387 -0.170635 0.137905 0.140584 -0.059398 -0.008691 -0.052960 0.095429 0.198822 0.048016 0.394363 -0.096704 0.146634
apart -0.158983 -0.171952 -0.083714 -0.019022 -0.088768 0.205751 -0.159608 -0.046955 0.037205 0.005062 -0.235575 0.011285 0.091829 0.121291 0.024314 -0.018520 -0.083586 -0.293614 0.027070 0.090032 -0.091142 0.247428 -0.326062 -0.115198 -0.053572 -0.234723 0.113195 -0.048680 0.133329 0.232899 0.017360 0.022618 0.018946 -0.036218 -0.000836 -0.011657 0.118714 -0.024572 -0.030911 0.074641 -0.059687 0.243280 -0.157708 -0.021014 0.114362 0.209367 0.040891 0.113856 -0.256386 -0.305421
appellate -0.001369 -0.230610 0.121507 -0.104279 0.162245 0.093142 -0.040410 -0.186996 -0.155722 -0.164764 -0.024854 -0.174228 -0.055299 -0.122126 -0.268511 -0.259359 -0.044755 -0.121584 0.202434 0.210996 0.182899 -0.209605 0.087104 0.154418 0.111881 -0.156689 -0.049068 0.294177 0.020064 -0.003823 -0.171313 0.131667 -0.015080 0.036768 -0.100161 -0.023231 -0.010448 0.070809 -0.097563 0.010315 0.096836 0.109189 0.070869 0.239237 0.119529 -0.044369 -0.100672 -0.211855 -0.106222 -0.180667
approach -0.024579 -0.203589 0.183425 -0.347972 0.191953 -0.264106 -0.053297 0.076257 -0.154054 -0.229004 0.077030 0.159511 -0.030999 -0.062251 -0.065765 -0.116483 0.169985 -0.044117 -0.091016 -0.212221 0.070041 -0.008606 0.253969 -0.071641 0.219495 0.130793 -0.164623 -0.047483 -0.076357 0.081565 0.032326 -0.081253 -0.008157 -0.273747 0.014522 0.056848 0.236328 0.162471 0.231452 -0.136908 0.139965 -0.024674 -0.056732 0.065888 0.002992 -0.072525 0.045325 0.081754 0.001025 -0.096755
approvals -0.242833 -0.157361 0.077713 0.081813 0.021604 0.184181 -0.014412 0.108930 0.038801 -0.173682 -0.275467 0.158595 0.126327 0.079366 -0.035940 -0.047719 0.304848 0.163209 -0.007336 -0.181389 0.093010 0.123304 -0.051903 0.235609 0.102601 -0.057407 -0.097881 0.093220 -0.056643 0.221520 0.073975 -0.233216 -0.061318 -0.077127 -0.385199 -0.116759 0.046780 0.055592 -0.103105 0.129360 -0.079623 0.094033 -0.193719 -0.086801 0.066813 0.127363 -0.089743 -0.112043 -0.002299 -0.117550
arbitrary 0.034038 -0.065381 -0.081784 0.202008 0.119687 -0.039174 0.106930 0.134987 -0.019825 0.161473 0.056741 -0.174248 0.062445 -0.089973 0.035854 0.116735 0.319316 -0.256791 -0.072545 0.106496 0.128078 0.038492 0.011861 -0.126903 0.148568 0.127216 -0.179054 0.142310 -0.147297 0.079413 -0.308086 0.050331 -0.020455 0.149584 0.004018 0.046890 -0.159606 0.284393 0.176849 0.045982 0.210170 -0.050084 0.179074 0.010961 -0.124641 0.041962 0.215241 0.180985 0.026453 -0.198091
are 0.050838 -0.088988 0.011913 -0.193945 -0.355275 -0.155991 0.037587 -0.070132 -0.236878 -0.141418 0.131350 -0.145051 -0.181050 0.086181 -0.144917 0.035345 -0.095742 -0.129646 0.049247 0.095316 -0.258887 -0.056376 0.125597 -0.015798 -0.077498 0.042283 -0.090120 -0.152359 -0.182488 -0.144911 -0.286210 0.282486 -0.000332 -0.015514 0.166956 -0.025161 -0.181889 0.082090 0.078538 0.022034 -0.157300 0.018181 0.095107 -0.022826 -0.226259 -0.022410 -0.078952 0.062020 -0.259755 0.005406
areas -0.034520 -0.002935 0.054879 -0.090566 -0.171683 -0.201088 0.210296 0.245309 0.060684 -0.296004 -0.220441 0.101693 -0.063267 -0.167328 -0.095874 -0.298222 -0.134575 -0.057659 0.172782 0.027663 -0.141089 -0.301290 0.011162 -0.116214 0.135664 -0.040810 -0.205474 0.068791 -0.094640 0.028413 0.073188 -0.081445 0.040764 0.027238 -0.317481 -0.040626 0.124153 -0.111521 0.054380 0.045336 -0.251956 -0.048854 -0.018613 0.052994 -0.069874 0.052626 0.015720 -0.000108 0.230409 -0.006611
argument -0.057097 0.149455 -0.061148 0.121593 0.027521 0.027574 -0.034930 -0.111114 0.267892 -0.107867 -0.102959 -0.105686 -0.278809 0.077315 0.203795 0.387207 0.002501 -0.209162 -0.130116 -0.261728 -0.031575 0.133444 -0.266009 -0.053920 -0.161058 -0.074923 0.049887 0.085243 -0.145313 -0.121515 0.115389 -0.096274 -0.023034 -0.131899 0.106244 -0.100267 0.157937 -0.194571 0.005707 -0.004643 -0.085497 0.242132 0.131419 -0.020008 -0.137417 0.096648 0.029870 -0.044123 -0.147371 -0.022404
arguments -0.293514 -0.165333 0.118132 -0.008045 -0.078373 0.081329 0.250759 0.102213 -0.033712 0.023174 -0.065343 -0.326648 -0.202403 -0.144823 0.120655 -0.178124 0.018404 0.104211 0.203056 -0.040853 0.077184 -0.008853 -0.040802 -0.293283 -0.063273 0.092483 0.063583 0.044888 0.108845 0.314527 -0.187081 0.057245 0.041020 -0.134544 -0.007347 -0.189594 -0.161992 -0.147273 0.047213 -0.021563 0.119387 0.040446 0.114203 -0.150816 -0.138557 0.145426 -0.066264 -0.192633 -0.096701 -0.027899
armed -0.071658 0.086015 0.129727 0.167993 0.043425 0.172779 0.045750 -0.179413 0.012222 -0.338126 0.011000 -0.084037 -0.258337 -0.155351 -0.066148 -0.199582 0.037617 0.205486 0.091583 -0.005919 0.160134 -0.167891 -0.013356 -0.013629 0.228084 0.136986 0.131084 -0.107965 -0.029776 -0.019744 -0.098752 0.076248 0.234137 -0.037457 0.093636 0.034111 -0.028688 -0.256390 -0.021402 -0.084714 -0.152177 -0.100522 0.254301 -0.123728 -0.058252 -0.255669 0.097062 0.214686 -0.129670 -0.047479
arms -0.054271 -0.089204 -0.169419 -0.131187 0.167197 0.114502 -0.040223 0.207329 -0.113750 0.154876 0.028802 -0.131660 -0.073669 -0.205898 0.179058 -0.253943 -0.291521 0.056135 0.132363 0.040674 -0.128279 -0.267642 -0.073655 0.031722 -0.355539 -0.076607 0.075953 0.049551 0.069776 0.028203 -0.063080 -0.151519 -0.166883 -0.135644 0.051168 0.039597 -0.102236 -0.090297 -0.156455 0.058887 -0.219279 -0.102566 -0.152137 -0.143410 0.127764 -0.033154 0.231377 -0.024002 0.008538 0.110522
arrest -0.085485 -0.096981 -0.296676 0.264216 0.290857 -0.063491 0.019333 0.247801 0.175716 0.050480 -0.053699 0.146177 -0.024411 -0.028843 0.100234 -0.019898 -0.009170 0.025601 0.047316 0.008327 0.182229 0.110843 -0.055129 -0.019779 -0.152178 -0.060882 0.124178 -0.054475 -0.085081 0.280196 0.204901 0.158536 -0.043299 -0.073985 0.010090 0.046570 0.172672 -0.228552 0.176638 -0.080781 0.010113 -0.019628 -0.072008 0.193461 -0.183400 -0.085363 0.357045 -0.039307 0.071827 0.088375
article 0.077442 -0.025580 -0.233581 -0.025534 0.020390 -0.088529 -0.042167 -0.133739 0.010627 -0.243144 -0.015722 -0.006760 0.084704 -0.141222 -0.166613 0.080728 -0.056397 0.052916 -0.028863 0.056536 0.052039 -0.107379 0.057870 -0.138220 -0.118737 0.144262 -0.011108 -0.048232 0.049916 -0.035154 0.201547 -0.017053 0.077656 0.117397 -0.016649 0.082869 0.369815 -0.290031 0.136393 0.141408 -0.084954 0.229614 -0.169445 0.044814 0.033539 -0.209453 0.047568 0.014793 0.348158 0.338835
artificial -0.233239 0.250025 0.279680 0.293670 -0.026005 -0.155002 0.006900 0.141398 -0.035098 -0.066285 -0.152331 -0.213682 0.005697 0.094644 0.017077 -0.004968 0.216502 0.093591 -0.055530 -0.208102 -0.022156 -0.001340 0.113466 0.078752 0.144973 0.010271 -0.161531 -0.042850 -0.169492 -0.085000 -0.038174 0.000731 -0.259837 -0.085888 0.195672 -0.114196 0.166669 0.098533 -0.222944 -0.110549 -0.193986 -0.010013 -0.007879 0.146026 -0.023781 -0.181797 0.186479 0.038244 0.006076 -0.165505
artificially 0.005230 -0.130430 -0.064324 -0.156337 0.336058 -0.050583 -0.293523 0.038524 -0.218089 0.203306 0.050465 0.144592 0.186761 -0.158806 0.090009 -0.084041 0.039187 0.068205 -0.071220 0.056917 0.253105 -0.269337 -0.006438 0.120339 0.191233 0.114412 0.215021 -0.073376 0.066860 -0.025287 0.027102 -0.012050 0.054735 0.113506 0.012047 -0.065084 -0.205018 0.231675 0.002762 -0.131050 0.011699 -0.161906 -0.018110 -0.184733 -0.118043 -0.101966 -0.021025 0.251975 -0.092161 -0.005371
as -0.073588 -0.067263 0.314664 0.102645 0.000048 0.039302 0.053514 0.251766 0.058609 0.065708 -0.186783 0.131545 -0.158299 -0.114318 0.123446 0.086250 0.096503 -0.063777 -0.183293 0.061823 0.129813 0.179447 0.087925 -0.126975 0.068660 -0.228994 -0.370789 -0.081900 -0.000627 -0.013229 -0.098557 -0.326421 0.083706 0.167223 -0.031956 -0.068275 -0.194630 0.257373 -0.070104 -0.044678 0.029226 0.098671 -0.176374 -0.076006 0.062059 -0.033303 0.085909 -0.050190 0.188877 0.027989
assault -0.128750 0.184424 0.108548 0.026416 0.119801 0.011206 0.043752 -0.121187 -0.009136 0.172871 -0.077209 -0.018776 -0.027672 -0.055161 0.262034 0.290991 -0.090614 -0.205689 0.095901 0.001380 -0.263273 0.057832 0.242301 0.028256 -0.165553 0.110253 -0.087240 -0.121493 -0.085665 0.079725 -0.124130 0.213174 0.002831 0.067162 -0.104467 0.047021 -0.338807 0.132167 -0.135107 -0.029957 -0.016915 0.026481 0.149929 -0.105894 0.153101 -0.274717 0.145060 0.090775 -0.210788 -0.087782
assessments -0.022198 0.003776 -0.063232 -0.030135 -0.075969 -0.005675 0.053045 0.335167 -0.184761 0.221057 0.030826 -0.247124 0.046055 0.060429 0.020225 -0.209873 -0.068906 -0.334824 0.160768 0.050123 -0.117241 0.148577 0.100037 0.108204 -0.037765 -0.014279 -0.140853 0.029015 -0.068266 -0.064177 -0.040094 -0.008775 -0.319860 0.220797 -0.085773 0.245094 0.239073 0.094410 0.117837 0.079241 -0.061305 -0.121010 -0.111236 -0.083099 -0.082568 -0.067567 0.071161 0.288451 -0.022971 -0.016504
asset 0.024123 0.011469 0.077249 -0.022768 0.018455 0.082457 -0.236872 -0.020090 -0.083318 0.152355 -0.103897 -0.027097 -0.063835 -0.057509 -0.266662 -0.142969 -0.229410 0.190712 0.038373 0.023862 0.161140 -0.025643 0.127325 -0.028185 0.079152 -0.000680 0.014291 -0.188868 -0.084569 0.118461 0.123103 -0.036699 -0.381708 -0.254469 -0.024972 -0.220298 -0.035988 0.232038 0.043789 0.061174 -0.008742 0.038695 -0.213015 -0.132780 -0.214389 0.197800 0.231433 0.003804 0.221480 -0.036522
assistance 0.058708 -0.011573 -0.167328 -0.099392 0.004053 0.080074 -0.055531 0.180507 -0.373752 -0.113246 0.067369 0.011087 0.003168 0.088866 0.394547 0.035153 -0.075916 -0.116387 -0.004882 0.002027 0.038529 -0.142110 0.077046 0.110532 -0.122662 -0.200129 -0.029057 -0.077230 0.124160 -0.277310 -0.000116 0.007208 0.110664 0.173575 0.155994 -0.122595 -0.020848 0.021798 0.031556 -0.142680 0.145374 -0.011407 0.000894 -0.025473 -0.018784 0.060716 -0.243751 0.303897 0.282790 0.139006
association -0.135283 0.168579 0.240095 0.217069 0.048010 -0.106449 0.145374 -0.057795 -0.153177 -0.105990 -0.043159 0.063139 -0.110240 -0.025855 0.284197 0.063561 -0.020963 -0.056768 -0.028490 -0.097262 -0.055731 -0.044699 0.139111 0.049488 -0.025591 0.033731 -0.107101 0.157526 -0.204451 -0.196240 -0.070299 0.027429 -0.153225 -0.030332 0.010971 0.014999 -0.032836 0.129544 -0.200091 -0.090126 0.186407 -0.009887 -0.257232 -0.267510 0.170017 0.187359 0.125445 -0.121656 -0.023427 0.385845
asylum 0.269585 0.207392 0.257961 0.291437 0.381422 0.350630 0.340826 0.229760 0.226039 0.285137 -0.011533 -0.060321 -0.168679 -0.124524 -0.050757 -0.187139 -0.082222 -0.055944 -0.091353 -0.123488 0.027562 0.047661 -0.049565 -0.001470 0.064263 0.043908 0.034350 0.043742 0.005939 0.005352 0.008197 -0.038187 -0.013847 -0.031840 0.036402 0.009557 0.043127 0.028450 0.039444 0.005428 0.005925 0.049982 -0.023161 -0.029082 0.032614 -0.067923 0.096980 0.038684 -0.011984 -0.022423
at 0.101938 -0.081111 0.047570 0.097964 0.205042 -0.081403 -0.029973 -0.089804 0.110172 -0.206903 0.181005 -0.213626 -0.217012 0.015647 -0.201920 0.004897 -0.100422 -0.170518 -0.154151 0.110062 0.088127 -0.071231 -0.061739 -0.035596 -0.050916 -0.106841 -0.100576 0.042526 -0.217722 -0.015487 0.356090 -0.243437 -0.004920 0.094549 0.216811 0.052167 0.102128 0.192462 -0.224853 0.162598 -0.040548 0.048104 0.122226 0.044566 -0.046413 -0.003252 -0.018970 0.190241 0.224410 -0.215279
atmosphere 0.088065 0.316764 -0.297176 -0.001378 -0.000965 -0.074612 -0.044759 -0.154849 -0.061767 0.185434 -0.302747 -0.206318 0.003565 -0.008651 -0.089564 -0.191365 -0.179836 -0.030040 -0.018878 0.127307 0.137609 0.224706 0.098963 0.214079 -0.090477 -0.055653 0.005898 0.077008 0.134923 0.044229 -0.163924 -0.160539 0.247445 -0.113564 -0.041300 -0.011103 -0.040069 0.097029 -0.033554 0.156572 0.015875 0.132410 0.065688 -0.110014 -0.037337 -0.239158 -0.207398 -0.133927 -0.150002 -0.033390
attended -0.126099 -0.129975 -0.013153 -0.060041 -0.003483 0.044156 0.109010 -0.075976 -0.332790 0.100616 -0.299776 -0.127740 0.144805 -0.175828 0.054615 -0.175158 0.124590 -0.310209 0.055970 0.030475 -0.108269 -0.052973 -0.148984 -0.153529 -0.024603 0.052452 -0.087689 -0.262750 -0.041636 -0.059296 -0.025892 0.178106 -0.015053 -0.000859 0.111255 0.048194 0.149819 0.160763 -0.104953 0.252121 0.115879 0.153728 -0.135727 -0.300364 -0.005790 0.010743 0.001961 0.193857 0.023978 -0.124762
attract -0.083904 -0.298933 -0.047052 -0.054088 0.271250 -0.090189 -0.176884 -0.029141 -0.058606 -0.106839 -0.045304 -0.004040 0.053696 -0.055782 -0.188925 -0.000162 0.153756 -0.073355 -0.006226 0.065718 0.021127 0.335063 0.218726 -0.027028 -0.186314 0.092114 0.140960 0.001185 0.019766 -0.225455 -0.096650 0.118668 0.098219 0.169789 0.018178 -0.040040 -0.112533 -0.079810 0.275737 -0.343990 -0.106992 0.230407 -0.145560 -0.211065 0.014667 0.036969 0.062090 -0.042576 0.011799 0.046548
attributed -0.257053 -0.106854 -0.062359 -0.030384 0.013585 0.068693 0.099329 -0.082298 0.123461 -0.110580 -0.215766 -0.115540 0.307680 -0.130859 0.008704 0.079759 -0.058814 -0.008601 -0.047328 0.119562 0.034311 0.085982 0.048713 0.257323 -0.168345 -0.237711 0.090592 0.062755 -0.048584 0.018704 0.058748 -0.177557 0.123414 -0.098502 -0.300056 -0.172989 0.114208 -0.083598 -0.110987 -0.104119 0.401114 -0.200542 -0.041359 0.089247 0.143214 0.065889 -0.079403 -0.055220 0.137181 -0.082152
attrition 0.093418 0.096582 -0.199887 -0.404332 0.032802 -0.228566 0.100829 -0.055529 -0.128813 -0.267799 -0.101838 -0.082371 -0.184983 0.032449 0.023138 0.106363 -0.170604 -0.001560 -0.061683 -0.065972 -0.025780 0.223617 0.012775 -0.264293 -0.038587 -0.130750 -0.112503 -0.032050 -0.124212 0.163313 0.050680 -0.008933 0.131259 0.102468 0.048014 -0.020239 0.040079 0.276458 0.173580 0.019033 0.051759 0.126514 0.104405 0.157330 0.057016 -0.156455 0.084128 0.241655 0.005808 -0.194526
audit -0.001786 0.024710 0.036693 0.033388 0.037235 0.020139 0.040398 -0.002164 -0.101135 0.000232 0.008850 0.004759 0.094753 -0.037121 0.024636 -0.009535 -0.089141 -0.002003 -0.050882 -0.018064 0.363975 0.244508 0.376697 0.211162 0.195917 0.283898 0.242290 0.364512 0.339338 0.370406 -0.045441 -0.025215 -0.033994 -0.044265 0.012742 -0.055173 0.008882 0.053300 -0.011442 -0.022912 -0.029197 0.009062 0.038776 -0.049591 0.018213 -0.001649 0.023263 0.006807 0.033490 -0.007116
audits -0.054367 0.028285 -0.004056 -0.047733 0.117087 0.023188 -0.019796 0.020365 0.094090 -0.039130 0.029549 -0.005099 0.002289 -0.048232 -0.048919 0.100672 -0.069915 0.015124 -0.028776 -0.027592 0.255624 0.347565 0.330151 0.232354 0.257564 0.325119 0.211400 0.258625 0.451602 0.286565 0.023729 0.029216 0.000682 0.014754 0.012035 -0.054112 0.014467 0.012534 -0.043187 0.007121 -0.079788 0.037501 0.090140 0.008153 -0.011264 -0.010058 0.000977 0.018597 -0.023857 0.055979
authoritarian -0.067392 -0.055601 0.130593 0.118801 -0.043174 0.105485 0.061023 -0.133874 -0.042974 -0.130517 -0.107943 -0.052120 -0.078157 -0.071591 -0.078640 -0.045095 -0.113212 0.024680 -0.141223 -0.412943 -0.162676 -0.012877 -0.161537 0.198940 0.144775 -0.151390 0.168880 -0.031181 -0.176388 0.036867 -0.217352 -0.408431 0.120798 0.029967 -0.090183 -0.114736 0.188724 0.177626 0.013213 0.113351 0.063279 0.102839 0.031983 0.109481 -0.009295 -0.050474 0.234200 0.020767 -0.122113 0.200929
authority 0.258232 0.121547 -0.040936 -0.033880 -0.014505 -0.133521 -0.045312 0.134296 0.089892 0.017357 -0.010856 0.040461 -0.072981 -0.199978 -0.109084 -0.101937 -0.010447 -0.161980 -0.119440 -0.138805 -0.017871 -0.003059 0.079350 -0.064596 -0.182176 -0.077245 -0.223469 -0.224650 -0.225196 -0.033065 0.131517 0.144390 -0.098302 -0.069122 -0.106980 0.112756 -0.179926 0.119559 -0.075985 0.415261 0.113561 0.195336 0.126793 0.062942 0.140683 0.098506 -0.158630 0.310392 -0.118196 -0.010622
autocratic -0.006788 0.163824 -0.261569 0.161600 -0.013675 -0.289750 -0.002013 -0.199680 0.025842 0.134091 -0.183438 -0.039478 0.151845 -0.066411 -0.169420 0.105497 0.066906 -0.002152 -0.012793 0.154244 0.154447 0.259310 0.041221 -0.174496 0.106173 -0.000465 -0.059690 -0.189663 0.175384 -0.089925 -0.048909 -0.102076 0.061672 -0.151873 -0.078201 -0.097097 -0.190560 -0.145315 -0.286875 -0.174386 0.008066 0.157721 -0.033248 0.082070 -0.061138 0.020005 -0.296116 0.149129 -0.095880 -0.103327
automated -0.050080 -0.142714 0.041787 -0.089121 -0.142160 -0.139483 -0.025110 0.015441 -0.100926 0.143923 0.063498 0.005477 0.140221 0.111205 0.197402 -0.043956 0.022958 0.053318 -0.128562 0.050226 0.112277 -0.180316 0.109931 0.024546 -0.035963 -0.146987 0.054558 0.130032 0.012788 0.168799 -0.049820 -0.275136 -0.132434 -0.103268 0.227813 -0.055525 -0.039927 -0.023728 0.051500 0.004831 0.371341 0.155179 -0.349476 -0.033325 -0.332527 0.044239 0.015186 0.165974 0.247242 -0.120367
autonomy -0.100691 -0.092582 -0.267736 -0.132198 -0.242012 -0.154047 -0.044295 0.067321 -0.083027 0.083273 0.208381 0.057639 -0.138623 -0.025102 0.134869 0.125836 -0.217141 0.101632 0.229571 -0.027263 0.079431 0.062340 -0.079416 -0.120324 -0.117173 0.093023 0.271231 -0.066976 0.339140 0.023259 0.161709 0.094224 -0.215049 -0.016922 -0.029924 0.210832 -0.149560 -0.199873 -0.045017 0.092358 0.026364 0.029705 -0.201128 -0.049955 -0.060886 0.194584 0.153365 0.106375 -0.098614 0.023636
away 0.014149 0.210056 -0.114102 0.065231 -0.147451 -0.133614 0.220976 0.375579 -0.075065 -0.020007 0.130129 0.021925 -0.048498 0.037119 -0.189794 -0.026551 -0.133125 0.163827 -0.079539 -0.062962 0.047880 0.028164 -0.218787 0.004705 0.149009 0.018597 -0.081147 -0.175168 0.083139 -0.016389 -0.277547 -0.050937 0.183113 -0.082847 -0.214529 -0.183770 0.062387 0.277485 -0.142312 0.017092 -0.107159 0.061527 -0.088967 -0.202666 -0.041137 0.077148 -0.211255 0.226050 0.041214 0.040077
back -0.018545 0.159179 0.054495 -0.126824 -0.024268 -0.021280 -0.125223 0.161076 0.009601 0.194030 -0.176208 0.098895 -0.139303 -0.035099 -0.084839 0.059626 0.026271 0.052071 -0.061953 -0.014052 0.043313 0.086704 -0.378695 -0.093502 0.057479 0.172624 -0.032389 0.039779 0.007250 -0.046082 -0.077305 0.034848 0.306313 -0.004560 0.002380 0.045832 -0.134226 -0.195635 -0.018367 0.122537 -0.148979 -0.037226 -0.198345 0.046193 0.443549 -0.153299 0.204457 -0.021870 -0.303563 0.035116
background -0.009420 -0.001479 -0.137332 0.099772 0.065085 0.338215 -0.158592 -0.045609 -0.257378 -0.060291 -0.079978 0.180949 -0.264955 -0.158502 0.155092 -0.086029 0.100825 -0.037226 0.117974 0.143133 -0.047981 0.008648 0.151592 0.025708 0.111526 -0.135944 0.001321 -0.114190 0.194884 0.166096 0.090938 0.187314 0.136349 0.182234 0.070506 0.092740 -0.145587 -0.272476 -0.045305 0.091664 0.006023 -0.006272 -0.177509 -0.291240 -0.241351 0.041971 -0.028579 0.031539 -0.028145 -0.119564
backlog -0.003846 0.004403 0.225136 0.055644 0.052936 0.279943 0.038426 0.279481 -0.151922 0.047031 0.144793 -0.135833 -0.174936 0.074666 -0.192116 -0.066063 0.020863 0.184761 0.211843 -0.066020 -0.042649 0.056245 0.141819 -0.002474 0.075652 0.315407 0.032328 -0.133087 -0.094245 0.003124 0.157938 0.138268 0.082511 0.075963 -0.044608 -0.067516 0.148635 0.037889 0.003993 0.109888 -0.032658 0.205921 0.114110 0.160541 0.224408 0.000338 0.048355 0.320101 -0.061482 0.247973
bail 0.244931 0.083657 -0.262501 0.017067 -0.076227 0.092634 -0.050625 0.219008 -0.037495 0.144572 0.058574 0.059281 -0.047014 -0.107677 -0.151903 0.069348 0.190965 -0.091630 0.216891 -0.073526 -0.220769 0.108101 0.158408 -0.071870 -0.270724 0.116756 0.143624 -0.122681 -0.118725 -0.107300 -0.217817 -0.047942 0.213012 -0.202292 0.002517 -0.031035 -0.037066 0.102035 0.119049 -0.009662 0.166625 -0.042424 0.231445 0.040361 0.080207 -0.196451 0.206946 0.069850 -0.184554 -0.130912
bailouts -0.129233 -0.131800 -0.218189 0.013942 0.069836 -0.182660 0.060593 -0.042984 -0.086238 -0.075703 0.075689 -0.320854 -0.142591 0.040084 0.101004 0.063770 -0.178863 0.169633 0.042391 -0.213501 0.161580 0.139461 0.033713 0.244637 -0.262098 0.257875 0.079069 -0.077973 -0.212057 0.088664 -0.130067 -0.015945 -0.108792 0.064679 0.136871 -0.089446 0.186442 0.034075 -0.038168 0.080462 -0.229412 0.043347 0.022892 0.188338 -0.080062 0.041505 -0.203424 -0.239037 -0.004434 -0.017818
balance 0.010301 0.057042 0.024695 0.041684 -0.025381 0.007001 -0.048564 0.023130 0.001591 0.031750 0.066346 0.025200 -0.005698 0.090239 -0.016222 -0.003445 -0.003504 0.072675 0.029048 0.048659 0.334507 0.366857 0.304343 0.337906 0.309944 0.154581 0.390905 0.225750 0.352690 0.239780 -0.030307 -0.001534 0.019344 0.020513 -0.012735 -0.004805 -0.010936 0.010192 -0.000600 -0.044922 -0.021380 0.012660 0.038500 0.013721 -0.003655 -0.040477 -0.002667 -0.010869 0.006220 0.023583
balanced -0.200418 -0.077505 -0.076124 -0.166248 0.147010 0.007977 0.042112 -0.153135 0.252904 -0.000378 0.113875 -0.065380 -0.043169 0.146541 -0.209622 -0.348420 -0.191303 0.061280 0.067302 0.126957 -0.058969 0.096927 0.080024 -0.084792 -0.127362 0.035884 0.021218 -0.088735 -0.028054 -0.042234 0.021159 0.059906 0.017809 -0.100429 -0.038126 -0.094858 0.011847 -0.167669 0.045369 -0.058963 0.017551 -0.010585 -0.051398 0.128368 0.376442 -0.055309 -0.484782 0.024579 -0.117125 -0.124187
ballooning 0.170021 -0.031026 -0.100358 0.095165 -0.159978 0.282265 -0.079389 -0.246029 0.129415 -0.044285 -0.263013 0.154673 0.259411 0.044522 -0.282883 -0.050655 0.070532 0.029201 0.039903 0.134174 -0.058921 -0.127433 -0.358436 -0.125797 0.005890 -0.124564 -0.072633 0.175800 0.029016 0.236860 0.018673 0.069160 -0.124244 -0.076751 -0.014673 0.030749 0.005287 0.012074 0.192163 -0.012482 -0.067969 0.045882 -0.054473 -0.154388 0.091238 -0.170559 -0.023976 0.127153 -0.186503 0.172549
ballot 0.024618 0.068817 -0.059299 0.120523 -0.198911 -0.070824 -0.074822 0.113331 0.252952 -0.030695 0.083260 -0.143323 -0.332887 -0.014161 0.056474 -0.014305 0.030742 -0.085623 -0.033339 0.260005 0.096115 0.036034 -0.070598 0.000223 0.229856 0.047556 0.019963 -0.053318 0.192353 0.181463 -0.151947 -0.195637 0.201800 0.299102 -0.201117 0.182746 0.039624 0.118165 -0.286377 0.090773 -0.007429 -0.090476 0.022685 0.032202 -0.180276 0.166469 -0.104075 0.017907 0.043177 0.178356
bank 0.051071 0.070196 0.092971 -0.105632 -0.072617 0.092228 -0.125535 -0.218664 0.177632 -0.001441 0.004362 -0.085888 0.160936 0.197694 0.083699 -0.051284 -0.089043 -0.259832 0.058621 -0.197876 0.117004 0.194617 -0.170336 -0.342491 0.059781 0.002148 0.115509 0.218121 0.018069 -0.017030 0.157207 -0.104559 -0.071525 0.014919 0.149853 -0.012627 -0.082891 0.094140 -0.241725 -0.156938 0.122621 -0.172680 -0.054267 0.182050 -0.191922 -0.090172 0.087927 0.211778 -0.212505 -0.121141
banking -0.053374 0.119262 -0.170532 0.067147 -0.190275 0.036086 0.159066 0.052144 0.126387 0.067253 0.062320 0.063964 0.228721 -0.114107 0.090383 -0.030607 -0.046119 -0.047228 0.113670 0.046269 0.246076 -0.135109 -0.034692 -0.250537 -0.086588 -0.245219 -0.211873 -0.208354 -0.234246 0.090677 -0.076676 -0.057357 0.063773 -0.138165 -0.101932 0.005766 0.270951 0.151753 -0.252558 -0.258736 -0.014064 -0.063167 0.024020 -0.099161 0.155503 -0.172608 0.103813 -0.202829 0.021753 -0.093749
bankruptcy 0.103452 0.075499 0.055101 0.101871 0.072297 -0.072774 0.122968 0.020515 0.005534 -0.106265 0.122664 0.389373 0.158837 0.013764 -0.168426 0.067100 0.088110 0.089469 -0.397310 0.035002 -0.182101 -0.053550 0.008193 -0.250587 0.124097 0.177400 0.160452 0.085895 0.162928 0.115732 0.137689 -0.186094 0.003072 -0.128915 0.167267 0.188986 -0.131777 0.042556 0.007515 0.012923 0.007461 0.036473 0.022036 -0.067749 0.017433 -0.073747 -0.220849 0.145975 0.280112 0.010863
banks -0.061384 -0.018338 -0.264217 0.013006 -0.013333 -0.111828 0.161247 0.090755 0.013300 -0.021448 -0.101633 -0.065535 -0.207237 -0.120220 0.015402 -0.038264 0.169730 -0.042336 -0.008792 -0.185437 -0.287003 0.092921 -0.101345 0.007166 0.303967 -0.010340 0.149220 0.074854 0.102922 0.209649 -0.035209 0.000791 -0.078841 -0.069798 0.031114 -0.229282 0.053816 -0.033989 -0.117202 0.252782 0.279916 -0.124288 -0.192320 -0.028725 0.089189 -0.082169 -0.050225 -0.287075 0.286181 -0.051146
banning 0.086385 -0.141571 0.209675 -0.125542 0.202919 0.066477 -0.141011 -0.092401 0.139767 0.111805 0.053598 0.015668 -0.055360 0.172010 -0.125689 -0.044249 -0.127439 -0.113311 -0.050832 0.072461 0.037690 -0.062866 0.121116 0.080853 0.056888 -0.071139 0.132495 -0.139535 -0.217297 0.002926 0.078774 0.123579 -0.302525 -0.215653 -0.000600 0.006747 -0.020991 -0.082672 0.061569 0.132267 0.413747 0.061190 0.127083 -0.188614 -0.129735 -0.142168 0.208059 -0.164871 0.099820 -0.254763
bans 0.091832 0.109910 -0.049436 0.034227 -0.048926 0.039500 -0.253872 -0.243595 -0.062095 -0.001740 0.070311 -0.149057 0.122603 -0.019457 -0.092491 0.095497 -0.058467 0.180332 0.005721 0.099278 -0.017681 -0.181601 -0.216595 -0.128635 0.040661 -0.124256 -0.205065 -0.283186 -0.200238 0.105324 -0.338464 -0.075024 -0.194198 -0.257808 0.025692 0.073288 0.180392 -0.209949 -0.100288 0.040015 0.190277 0.051066 0.192876 -0.046476 -0.036567 0.011016 -0.118681 -0.157298 -0.097398 0.065538
bargaining 0.120201 0.058339 0.154157 0.092105 0.017714 0.140383 0.011872 -0.153943 0.035478 0.054169 -0.131510 0.163744 -0.254872 -0.244722 0.213609 0.059892 0.135688 -0.175691 0.015295 0.267528 0.029663 0.180520 -0.116470 -0.039920 0.014323 -0.075556 0.166663 -0.093429 0.071435 -0.349140 -0.063609 -0.029659 -0.049819 -0.280177 -0.259071 -0.015513 -0.035904 0.033655 -0.087324 -0.139392 -0.083848 -0.311260 -0.056555 -0.172895 0.038884 -0.128371 0.029953 0.001727 0.048191 0.059862
barrier 0.052966 0.113680 0.043612 -0.137251 -0.210590 0.059655 0.393646 0.019934 0.003653 -0.059735 -0.078259 -0.146264 0.003618 -0.120248 0.065294 0.112465 0.067753 0.144978 -0.212074 -0.191624 0.006540 0.255521 -0.003803 -0.031715 -0.107346 -0.135888 -0.079924 -0.017967 0.092694 -0.039353 -0.070361 0.181368 -0.014683 0.171524 0.254257 0.093811 -0.127675 -0.150649 -0.065398 0.043662 0.016601 -0.242784 0.063897 -0.176268 -0.181475 -0.109696 0.234635 -0.297334 -0.034485 0.084801
barriers -0.097898 -0.209224 -0.070939 -0.122288 -0.152413 -0.024529 -0.256815 -0.283347 0.241461 -0.196707 0.191229 -0.074651 -0.090857 0.134969 0.102951 -0.007390 -0.018310 0.024592 -0.038525 0.094988 -0.085950 0.126063 -0.083772 -0.073061 -0.097385 -0.021625 0.023719 0.411989 -0.458937 0.110533 0.024693 -0.045003 -0.060316 0.000780 0.064098 0.052273 0.058062 -0.071337 0.002710 -0.143754 -0.053426 0.005385 0.065928 -0.143166 0.011298 0.225322 0.014683 0.073838 -0.045455 0.039293
baseload -0.140371 -0.087984 0.011681 -0.139332 -0.028209 0.167229 -0.068448 0.150832 -0.165964 0.227898 0.030907 -0.154636 -0.013144 -0.075384 0.149211 0.359740 -0.064329 0.010405 -0.187520 0.028502 0.029432 -0.083614 -0.136767 0.215387 -0.076348 0.134893 0.007863 0.121807 -0.081961 -0.190755 -0.089179 -0.015043 0.006675 0.339761 0.000957 0.014355 -0.157172 -0.154198 -0.079038 -0.119875 0.039825 0.129546 0.125381 0.063259 -0.259802 0.144025 0.166443 -0.093806 -0.030649 0.288067
basin 0.108441 -0.082835 -0.068629 -0.088890 0.127971 0.077173 0.036205 0.001883 0.348632 0.016572 -0.096130 0.035132 -0.061612 -0.160506 -0.023110 -0.032397 0.210317 -0.033234 -0.017055 -0.060691 -0.090721 0.077934 -0.042953 0.340531 0.033601 0.151481 0.162152 0.085205 0.086788 -0.223245 -0.106883 0.114130 -0.177280 0.133446 0.026498 -0.216428 -0.248778 0.078635 -0.124482 0.152100 -0.338490 -0.078941 0.054058 0.183322 0.162348 0.100343 0.096283 0.154503 0.173826 0.014471
battleground -0.243815 0.072515 -0.064542 -0.185256 0.102500 -0.088431 -0.037064 0.273394 -0.082126 0.050929 0.050904 -0.086159 0.061205 0.180604 -0.011354 -0.079285 0.377766 -0.064875 -0.036342 0.080932 -0.012721 -0.051826 -0.315043 0.162130 -0.027238 -0.044065 0.280504 -0.144577 -0.123972 0.048025 0.010343 -0.017456 -0.012609 -0.106363 -0.047746 -0.034609 -0.145974 -0.093746 -0.209586 0.144383 0.004675 0.120355 0.044037 0.233055 0.329961 -0.083094 0.093681 0.167824 -0.005233 -0.058130
be 0.155470 0.018369 -0.037380 -0.174009 -0.335124 0.258703 -0.145964 -0.070944 -0.170931 0.080625 0.070346 -0.272885 0.032899 0.007621 0.095675 0.114982 -0.073563 -0.319765 0.204396 -0.048774 0.122443 0.052128 -0.042080 -0.025567 -0.265022 0.109024 -0.022610 0.126482 -0.076665 0.064127 0.072540 -0.041703 -0.170431 -0.066211 -0.025764 -0.255087 -0.224394 0.123802 -0.071381 -0.138883 0.136830 -0.097582 -0.035323 0.024582 0.217386 0.108062 -0.067282 0.119776 0.063304 0.104313
bear 0.100767 0.071150 -0.034220 0.008621 0.022773 0.109645 0.107514 -0.038520 -0.111528 -0.009790 -0.145873 -0.077399 0.000296 0.084920 -0.019359 -0.204728 0.236269 -0.115389 -0.126572 -0.173749 0.028215 -0.051633 0.194448 -0.343147 0.080402 0.285298 -0.189237 0.169522 0.182301 -0.178340 0.044072 -0.083365 0.103713 -0.071702 0.028569 0.185407 0.073384 -0.000038 -0.155280 -0.198858 -0.236564 0.060594 -0.145705 0.204766 0.230521 -0.201559 -0.027948 0.109565 -0.130136 -0.039146
bedrock -0.112668 0.141097 -0.029933 0.074191 0.094659 -0.257639 -0.072005 0.056599 -0.063552 -0.292649 0.022527 0.015560 -0.067670 -0.114566 -0.006595 -0.175045 -0.114491 0.245813 -0.202597 -0.060678 0.048238 -0.008514 -0.037238 0.015581 0.098572 0.003663 0.215527 -0.000812 0.108872 -0.134724 0.103177 0.047483 0.175125 0.205396 0.056544 0.114023 -0.039528 0.187741 -0.058612 0.318294 -0.020506 -0.017542 -0.012479 0.110906 -0.193616 0.216966 -0.365346 -0.063148 0.036087 -0.223501
been -0.012165 0.074508 0.172363 0.088673 -0.122775 -0.109420 -0.122313 -0.212718 -0.033531 0.026482 0.082855 -0.129715 0.162200 -0.059185 0.371935 -0.181183 0.018818 0.027329 0.154997 -0.143898 0.119568 -0.201150 0.085011 0.038206 0.179252 0.087295 -0.114829 0.045964 0.012165 0.039746 -0.124979 0.069679 -0.036231 0.200314 -0.006381 -0.096862 0.143498 -0.368140 0.091979 0.017094 0.086971 -0.100553 0.019533 0.216618 0.083341 -0.006308 0.194333 0.173333 0.084149 -0.306374
being 0.101420 0.141226 -0.161457 -0.001049 -0.180631 -0.051502 0.005771 0.051385 -0.073987 -0.063636 -0.049128 0.004171 0.330002 -0.354907 0.103853 -0.222580 0.271175 -0.089125 0.023013 0.036631 0.114898 -0.105715 -0.071779 0.068991 -0.042729 0.010444 0.019840 -0.055131 -0.084314 0.078474 -0.210092 0.098679 -0.098075 -0.147306 0.122967 -0.231817 -0.198887 -0.128525 -0.104398 -0.064204 0.075529 0.051017 -0.102751 -0.074748 0.000195 -0.193715 -0.331110 0.111406 0.183958 0.138982
bench -0.172327 0.055976 -0.141515 -0.120604 0.003710 0.163167 0.278502 0.246503 -0.178659 0.142281 0.236752 -0.209751 -0.327970 -0.302040 -0.000006 -0.177599 -0.040984 -0.118540 -0.113812 -0.181651 -0.015035 -0.001405 0.005650 -0.026933 0.041916 0.040605 -0.001151 0.169678 0.050175 -0.139921 -0.179880 0.023441 0.075660 0.067398 -0.105642 -0.220373 0.040043 0.114382 0.083692 0.055857 -0.074169 0.113040 0.157538 -0.065579 -0.177843 -0.022401 0.001988 0.125489 0.175155 -0.120267
benchmark 0.036849 0.028016 0.051873 -0.009711 0.055602 0.033977 -0.033842 0.004534 -0.033962 0.023610 -0.018552 0.010647 -0.028893 0.021416 0.044417 0.037139 -0.030075 -0.018821 0.038598 0.103624 0.293822 0.379792 0.298279 0.300367 0.348902 0.223376 0.251522 0.296856 0.366008 0.226406 0.008070 -0.003450 -0.051169 -0.020774 -0.051280 -0.017555 0.041877 0.115329 0.045834 0.018696 0.073052 -0.010097 0.012156 -0.025342 -0.019325 0.074823 -0.025323 -0.100814 -0.017111 -0.067005
benchmarks 0.312229 0.108129 0.276096 -0.109594 -0.036316 0.235274 -0.179680 -0.148950 -0.067709 0.000534 -0.051922 -0.000922 -0.040583 0.238755 -0.070172 -0.071561 0.042430 -0.091726 -0.167020 0.049627 -0.036395 0.013629 0.002852 0.052708 -0.048683 -0.264444 0.182530 0.105935 -0.072796 -0.091307 -0.285985 0.140474 0.122108 0.104751 0.183670 0.046942 0.108118 -0.024813 0.165036 0.008865 -0.139629 0.016814 -0.233283 0.061706 0.099870 0.061370 -0.152903 0.302013 0.067388 0.162086
between -0.013962 0.203136 0.162267 -0.050869 -0.266348 -0.041116 0.115149 -0.013299 0.029233 0.086837 0.088799 0.071302 0.139974 0.046468 -0.196097 0.080082 -0.068757 0.157565 0.279370 0.019509 -0.059350 -0.103374 -0.202279 0.133161 0.334164 0.255205 -0.015268 -0.005300 -0.094478 0.154311 -0.065455 -0.143307 0.057767 0.015574 0.059003 0.176820 -0.031451 -0.023091 -0.196106 0.165639 0.089778 0.066934 -0.058399 0.091780 -0.373016 -0.060918 -0.000719 0.113647 0.141543 -0.184922
bias 0.149763 -0.090131 0.052165 0.006393 0.133324 -0.100735 -0.135526 -0.117894 0.093120 0.036507 -0.147651 -0.089706 -0.178494 0.184796 0.207976 0.060866 -0.128498 0.067306 0.018580 -0.044385 0.159588 0.068199 0.150837 -0.183189 -0.053839 0.028961 0.010492 -0.117196 0.043375 0.013989 0.015881 0.053510 -0.310677 -0.357013 0.145019 0.044450 -0.129231 0.116568 0.070995 -0.157840 0.160738 0.229541 0.080757 -0.049214 -0.002594 -0.316053 0.255781 0.091251 0.000336 -0.229716
big 0.281305 0.125672 -0.099599 0.021387 -0.147787 0.098771 0.108350 -0.363366 -0.056121 -0.175717 -0.103275 -0.128612 -0.141868 -0.107884 -0.025053 0.060256 0.043031 0.223079 0.154068 -0.049933 -0.008742 -0.259481 -0.174219 0.124773 -0.226446 0.076165 -0.229480 -0.215660 0.130806 -0.002166 -0.040131 -0.032963 -0.179817 -0.187771 0.017993 -0.004114 -0.091557 -0.018860 0.008424 0.069847 -0.000796 -0.253984 0.157648 -0.160075 -0.048642 0.027670 0.182244 0.062915 0.085474 -0.103051
bike 0.004674 0.054652 -0.085091 0.117861 -0.157491 0.087245 -0.209863 0.031141 -0.124310 0.098109 0.145610 0.038417 -0.060334 -0.229340 -0.224756 0.017110 -0.142975 -0.088093 0.179735 -0.232177 0.020844 0.288645 -0.150299 -0.087726 -0.163795 -0.185757 -0.177140 -0.021006 0.219735 0.058677 -0.256634 -0.020878 0.059668 0.385219 0.090479 -0.146410 0.043027 -0.041445 -0.134043 -0.102234 0.046321 0.089052 -0.081772 0.142673 -0.069198 -0.069233 0.147092 0.120003 -0.070016 0.052913
bilateral 0.024073 0.116908 0.118331 -0.012801 0.175028 -0.149235 -0.241389 -0.017502 -0.050143 0.033234 0.280551 0.011517 0.177666 -0.111787 -0.074490 -0.163798 -0.027272 -0.208583 0.080784 0.158996 -0.207875 -0.113052 -0.028954 0.095817 0.099216 -0.201516 0.019184 -0.217236 0.140869 0.198988 -0.076084 0.044083 -0.034269 0.095278 0.172998 -0.122612 0.209715 0.102210 -0.287339 -0.085331 0.086179 0.055058 0.064561 -0.132307 -0.056454 -0.093158 0.209678 -0.104839 0.299146 0.077620
billion 0.025261 -0.073532 -0.063990 0.009701 -0.190027 0.028230 -0.029990 -0.152674 0.254356 0.150442 -0.061651 0.093765 0.263223 0.096078 0.137974 0.115636 -0.008068 0.003009 -0.307376 0.034700 -0.091489 0.001707 -0.282503 -0.173784 -0.183021 -0.089052 0.150497 -0.172839 0.182659 0.168159 0.151880 -0.208786 -0.063819 0.024503 0.004599 -0.267432 0.171218 0.078139 0.152971 0.123221 -0.104421 0.090614 -0.165129 -0.162519 -0.082985 0.180682 0.078292 0.041399 -0.101152 0.028116
billionaires 0.271042 0.211759 0.308796 0.234281 0.293531 0.322610 0.320504 0.254895 0.305640 0.241009 -0.112838 -0.084210 -0.113601 -0.169693 -0.124205 -0.187518 -0.122569 -0.095019 -0.088864 -0.098312 -0.047253 0.035723 0.017769 0.032508 -0.129615 0.011198 0.020667 -0.029123 -0.027670 0.002736 -0.055597 0.012799 -0.024837 -0.038145 -0.041346 0.052352 -0.013367 0.059598 0.043850 0.038575 -0.086939 -0.015694 -0.040414 0.018358 0.043467 -0.080328 0.014054 0.029121 -0.088793 0.021694
billions -0.238803 0.105677 -0.177576 0.266905 -0.194931 -0.081165 0.102493 0.017202 0.019759 0.006501 0.096486 -0.100186 0.113326 0.070082 0.106547 0.208881 0.026857 -0.048304 -0.057832 -0.077150 0.052652 -0.058921 0.091311 0.094691 0.023262 -0.212577 -0.208038 0.153542 -0.240957 0.210230 0.025935 -0.145104 0.041582 0.132393 -0.262292 -0.241713 -0.098884 -0.071459 -0.071905 -0.113854 -0.183036 -0.043556 0.143666 -0.074325 0.033932 0.065410 -0.117221 -0.356841 0.010238 -0.144879
bills 0.135878 0.059235 -0.172573 0.003852 -0.127815 -0.254090 -0.068621 0.110117 -0.289676 -0.358715 -0.081562 -0.071156 0.051394 0.033657 -0.192850 -0.193268 0.000744 0.083451 0.030302 0.057670 0.001491 0.085687 0.013222 0.042806 -0.163992 -0.011694 0.056436 0.131673 0.157575 -0.234278 -0.017065 -0.085131 0.094476 0.268483 -0.191865 0.185912 0.128375 -0.137701 -0.015549 0.080177 -0.203269 0.246501 0.061492 0.024704 -0.056251 -0.007552 -0.201627 -0.072908 -0.113714 0.171522
bioequivalence -0.255121 -0.277271 -0.087417 0.117160 0.022757 -0.183966 -0.266065 0.081397 -0.069840 0.058046 -0.098353 -0.034833 -0.213553 -0.039050 0.101293 -0.173191 0.130665 0.006090 -0.078667 0.184601 -0.016431 -0.057983 0.071171 0.081668 -0.019627 0.053263 0.187416 0.097549 -0.180372 -0.342509 0.109312 -0.321266 -0.081159 -0.102750 -0.026036 0.126133 0.194939 0.061412 -0.021675 0.016259 0.002526 0.034084 0.076954 -0.010703 0.081188 0.072977 -0.115980 -0.016858 -0.339479 0.091725
biotechnology -0.162716 -0.119911 -0.069400 -0.193061 0.166014 -0.274878 0.006504 -0.059337 -0.079432 -0.311689 -0.023388 0.182683 -0.125372 -0.044246 0.017804 0.084075 -0.202939 -0.064612 -0.012109 -0.005263 0.103235 0.116756 0.053553 0.265127 0.008812 -0.047670 -0.180284 0.001833 0.091928 0.244425 0.106181 0.137817 -0.005528 -0.079012 -0.104074 0.081067 -0.301741 -0.355991 0.065538 0.044071 0.201360 -0.033841 0.057555 0.078342 -0.210107 0.008159 0.145336 0.082546 -0.009553 -0.023683
bipartisan 0.315506 -0.105303 -0.094984 0.020991 0.252759 0.005162 0.175369 -0.178887 0.217329 0.082208 0.065261 -0.058544 -0.041607 -0.155738 0.085419 0.121169 -0.009518 0.031468 0.072652 0.131270 0.144970 -0.156303 0.271291 -0.071131 0.024321 0.099098 0.159819 -0.001200 0.029025 0.007699 -0.191748 -0.194069 0.236193 0.232331 -0.027896 0.049403 0.087018 -0.082774 -0.042456 0.031531 -0.018556 0.104683 -0.105744 0.050295 0.380986 0.090668 0.070250 -0.052244 -0.205013 -0.162261
blanket 0.083709 0.040234 0.251641 0.185267 0.082451 -0.044463 -0.253703 0.165099 0.153250 -0.192323 -0.005758 0.047921 -0.078722 -0.084090 -0.202274 -0.057168 -0.096504 -0.182239 0.101318 -0.220637 -0.171247 0.018943 0.041321 0.098020 0.187542 -0.057305 -0.226666 0.130899 0.014314 0.205482 -0.113901 -0.040858 -0.147642 0.044743 0.048534 0.078571 -0.195826 0.024557 -0.278143 0.185855 -0.170748 0.123298 -0.156956 -0.110932 -0.140357 -0.086405 0.197011 0.063079 -0.161690 -0.077334
blocs 0.067846 -0.028461 -0.293248 -0.171485 0.025100 0.188270 -0.023650 0.022327 -0.315970 0.073898 -0.194937 -0.027429 0.156133 0.257450 -0.042484 0.015244 -0.012930 0.144365 -0.061941 -0.009488 -0.063363 -0.177111 0.078324 -0.123407 -0.141854 0.125457 -0.109836 0.095898 0.155564 -0.112698 -0.112927 -0.006974 -0.208200 -0.156664 0.042936 -0.022362 0.302372 0.000768 0.015111 -0.021427 -0.029489 -0.081016 -0.092511 -0.119710 0.378774 0.140627 0.092268 -0.179189 -0.140309 0.023926
blue -0.041173 -0.096940 0.158258 0.011568 0.181929 -0.324189 -0.128031 -0.075907 -0.151954 0.079492 -0.098625 -0.146025 0.174694 0.141404 -0.058422 -0.055557 -0.209650 -0.017138 0.141759 -0.190596 -0.065486 0.132698 -0.051872 -0.014817 -0.173203 0.179229 0.203513 -0.271617 0.042448 0.237875 -0.140966 -0.053287 -0.204242 0.012815 0.169416 0.057136 -0.168024 -0.061516 -0.050446 0.153241 -0.041045 0.230116 -0.065214 -0.041997 -0.227570 -0.128641 0.048871 -0.097646 0.062403 -0.159116
board 0.117964 -0.214797 -0.085466 0.194115 -0.002284 -0.144443 0.112647 -0.049815 0.072941 -0.043241 0.196165 -0.124028 -0.187070 -0.235005 -0.038913 -0.101864 -0.097161 -0.000367 0.215463 -0.105970 0.182438 0.020908 0.079575 -0.046561 -0.075244 0.026460 0.172665 0.105279 -0.019759 0.147528 -0.014099 -0.124851 0.131848 0.005022 -0.095156 0.140133 -0.115176 -0.136657 -0.226266 0.088595 -0.028377 -0.323256 0.204646 -0.187458 0.229283 0.288995 0.070249 0.058168 -0.182078 -0.065370
boards -0.215157 -0.059953 -0.002820 0.080716 -0.137312 -0.011802 0.081889 -0.021497 0.151665 -0.008172 0.198858 0.030097 0.020310 -0.074350 0.133276 0.121587 0.050608 -0.218175 0.051324 0.148596 -0.097180 -0.011182 0.044968 0.219845 0.076698 0.016841 -0.140604 -0.290990 -0.070864 -0.078079 -0.091475 0.068659 0.075979 0.211653 -0.054379 0.131321 0.028405 0.166382 -0.038818 0.138128 0.016272 -0.046304 -0.047438 0.194653 -0.006917 0.088575 -0.455962 -0.275074 -0.254047 -0.165576
bold 0.008660 0.018172 -0.084704 -0.370944 0.221540 -0.092116 -0.071844 -0.050133 -0.061502 -0.213655 0.078058 0.146985 -0.136800 0.181573 0.088542 -0.024099 -0.172004 -0.232205 0.029995 -0.122106 -0.127764 0.039000 0.223317 0.058437 0.136428 0.177817 0.103482 0.294387 0.189801 -0.015804 -0.108284 0.110782 -0.049062 -0.132736 0.040223 -0.032864 0.055097 -0.117103 -0.009385 -0.010545 0.044973 0.059843 0.294369 -0.249657 0.185983 0.016559 -0.029609 0.029369 -0.003497 0.207739
bondage -0.055304 -0.041790 -0.388160 -0.125113 -0.024096 -0.014845 -0.049127 -0.141155 -0.191054 -0.039621 -0.063529 0.162093 -0.051544 0.175470 0.203135 0.037204 0.014173 -0.104038 -0.108238 0.349830 -0.031097 -0.011057 -0.039038 0.015130 -0.112380 -0.021912 -0.067404 0.142908 0.048791 0.041491 -0.043180 0.151230 -0.020390 0.081974 -0.307006 -0.274807 -0.050869 0.210256 -0.017647 -0.092271 -0.122310 -0.047306 0.305509 0.189733 0.161294 -0.020760 -0.112238 -0.121956 -0.112749 -0.026337
bonuses 0.034660 -0.075572 -0.031928 -0.164222 0.036155 0.114244 0.167415 -0.034308 -0.108006 -0.012478 -0.216885 -0.139235 -0.082578 -0.031803 0.072252 -0.109584 0.313642 0.362035 -0.097533 -0.047081 -0.009728 0.090170 -0.096291 0.219734 0.023681 -0.037708 -0.082785 0.144520 -0.134911 0.056039 -0.016396 0.094071 0.013379 -0.065139 0.010524 -0.165098 0.115073 -0.139379 -0.052534 -0.037489 0.217596 0.199976 0.205489 -0.083270 -0.128653 0.069376 0.063216 0.110736 -0.320918 -0.324599
boondoggles -0.243302 0.119382 0.127902 -0.033088 -0.115098 0.079602 0.021697 -0.014300 0.021561 -0.094956 0.044356 0.264428 0.129893 0.054756 0.154067 -0.147918 -0.133242 -0.326933 0.034355 0.152359 -0.094733 0.053466 -0.243138 0.014107 -0.130512 0.024937 -0.062025 -0.025929 0.251843 0.067179 0.075677 0.217382 0.042266 0.065236 0.102114 0.308681 -0.053492 0.015226 0.202149 -0.040104 -0.100508 -0.035062 0.105171 0.113819 0.141680 -0.007997 0.378660 -0.058461 -0.006754 -0.138047
border -0.077899 -0.130556 -0.124317 -0.145351 -0.062461 -0.105523 -0.163044 -0.093444 -0.127533 -0.191040 0.379439 0.204717 0.332450 0.231384 0.294875 0.279134 0.183615 0.257888 0.265968 0.325826 0.012874 -0.064185 0.027700 0.000725 0.002057 0.069585 -0.038429 -0.031890 0.016631 -0.022691 -0.011373 0.022493 0.015151 0.034878 -0.024314 -0.015961 0.004532 0.013254 -0.019697 -0.136839 -0.035325 0.027196 0.027892 0.006092 0.020531 -0.066894 0.011924 -0.030254 0.004878 0.032519
borders -0.096920 -0.090008 -0.129714 -0.085967 -0.126387 -0.061162 -0.197755 -0.145129 -0.164721 -0.104838 0.227334 0.164730 0.349392 0.213945 0.359788 0.161248 0.407851 0.253970 0.309686 0.252895 -0.052117 -0.085481 0.006528 0.023041 0.013895 -0.013319 0.003912 -0.028524 0.025149 0.058704 0.009634 0.046124 0.018631 -0.037120 -0.012764 0.024371 0.053296 -0.047375 0.051585 0.003050 0.045153 0.102265 -0.030353 0.031671 -0.013849 0.033121 0.025936 0.038696 -0.004090 -0.035144
both -0.126788 0.067057 -0.117350 -0.185938 -0.052666 -0.151947 0.051366 0.012848 -0.150725 -0.020915 0.034383 0.045035 -0.038191 -0.014424 -0.266484 0.148278 0.015530 -0.126359 -0.196290 -0.004535 0.157432 0.120134 -0.071775 -0.171473 0.325956 0.123044 -0.027542 -0.068584 0.154375 0.055423 -0.063770 0.233401 -0.170690 0.049830 0.102297 -0.121818 0.099897 -0.239458 0.091995 0.069718 0.264689 0.015051 0.069675 0.003039 -0.099784 0.331366 0.214881 0.237317 -0.074638 0.004540
box -0.073347 0.302601 -0.018878 -0.065398 -0.179708 -0.041612 -0.150534 0.022472 -0.004536 -0.108242 0.293106 -0.156842 0.188252 -0.228883 0.241379 -0.033585 0.014534 -0.118724 -0.015327 -0.188912 -0.193784 -0.024993 0.082626 0.099414 0.056748 -0.104142 -0.247064 0.116683 0.084517 0.188878 -0.108448 -0.182417 0.045861 -0.229902 0.096737 -0.081582 0.173154 -0.149315 0.120882 -0.178347 -0.173421 0.092181 0.020318 0.061211 -0.019935 -0.104895 -0.051784 -0.000135 0.145131 0.206212
break -0.250619 -0.065929 -0.009681 0.067373 0.103471 0.220648 0.068153 0.097827 -0.099987 0.153330 -0.114688 -0.371892 0.122166 -0.188629 0.015047 -0.015034 -0.298453 0.120980 -0.172418 0.049609 0.018774 -0.091156 -0.139618 -0.174264 0.183349 0.007301 -0.175939 -0.212492 0.174626 -0.130931 0.099897 0.047754 -0.059201 0.144640 0.096472 -0.069933 0.144650 -0.187956 -0.089813 -0.158865 0.017367 -0.061651 0.199593 -0.176904 0.067270 0.070793 0.063878 0.134965 0.041465 0.132736
bridge -0.224895 0.122809 0.234341 0.098819 0.157989 -0.021918 0.174959 0.045403 -0.008022 0.043241 -0.307909 0.152749 -0.051140 -0.074462 0.192653 -0.348534 0.029956 -0.072820 -0.234393 0.005077 -0.228176 -0.082850 0.103063 -0.076387 -0.051402 0.083887 -0.041777 0.182886 0.232229 0.056965 0.070545 0.113260 0.016222 -0.129238 0.120405 -0.110982 -0.095435 -0.008265 0.022352 -0.208544 -0.383317 0.082406 -0.004868 0.042963 -0.010179 0.023909 0.045382 -0.101489 0.008259 -0.051739
bridges -0.159089 0.004893 -0.085677 -0.103342 0.011350 0.025637 -0.035179 0.112312 -0.030034 -0.228300 0.048334 0.128193 -0.352239 -0.103476 0.008775 -0.144978 0.016488 -0.149499 0.139138 -0.039981 -0.114337 0.221422 -0.040487 0.264948 -0.299269 -0.094622 0.218910 -0.307301 -0.024575 0.014716 -0.103224 0.049954 0.001348 -0.073553 -0.041162 0.181951 -0.238092 0.032513 -0.045604 0.040185 0.174425 -0.004774 -0.120479 -0.137718 -0.163668 0.018059 -0.167186 -0.149103 -0.007065 0.197626
briefing -0.066890 -0.122531 0.068406 0.138953 -0.032255 -0.092597 -0.234566 0.034104 -0.208587 0.044712 0.046660 0.094878 0.297736 0.049990 -0.096231 0.055972 0.052995 -0.114751 0.096768 -0.022370 0.021244 -0.210043 -0.075678 0.211911 -0.116130 0.033199 0.106732 -0.175711 0.066152 0.055525 0.074636 0.201451 0.084987 -0.016888 -0.083505 -0.336772 0.011841 0.268593 0.011870 0.174114 -0.045254 0.000008 -0.061090 -0.134745 -0.175344 -0.108945 -0.235254 0.069750 0.030822 0.375027
bring 0.410732 -0.012363 0.077254 0.014105 -0.138562 0.093716 0.126091 -0.094840 0.012030 0.001811 -0.041082 0.094453 -0.040672 -0.123095 -0.012665 0.205619 0.105378 -0.144623 -0.320538 -0.242853 0.197492 -0.068410 0.042073 0.006651 -0.145419 0.172481 0.050069 0.116149 0.110407 -0.135682 0.013658 0.176583 0.025384 -0.016637 0.059956 -0.113825 -0.354761 0.047716 -0.081090 -0.093635 -0.115522 -0.084209 0.103451 -0.157836 -0.018740 -0.000192 -0.056494 0.029151 0.149156 0.300601
brussels -0.123039 0.146480 0.135072 0.184436 -0.009166 0.175085 0.027102 0.228017 0.146011 0.260840 -0.145777 0.117734 0.024385 0.067371 0.036774 -0.289286 0.157593 -0.093900 -0.181764 0.195136 0.083957 -0.182264 -0.084917 0.031247 -0.066286 0.012986 0.141105 -0.055453 0.069358 -0.025977 0.084924 -0.069663 0.024815 -0.206954 0.066024 -0.148695 0.188696 0.034858 0.198781 0.176965 -0.356249 -0.173963 -0.073230 -0.012797 0.015603 -0.171639 0.175188 0.022180 -0.081028 -0.083627
bubbles 0.088891 -0.204758 0.090625 -0.133448 -0.078578 -0.054502 -0.134094 -0.010077 -0.448873 0.115813 0.216857 0.083573 -0.107682 0.250232 -0.078549 -0.187418 0.207552 0.007825 0.086484 0.105574 0.036555 -0.142259 -0.143166 -0.106528 0.188412 -0.294632 0.043591 -0.111098 -0.245213 0.062666 0.061624 0.135315 -0.088877 -0.249384 -0.102817 0.030292 -0.149541 -0.095553 0.089898 0.025911 -0.024206 0.051606 -0.142463 -0.095586 -0.007115 0.086951 -0.061536 0.068400 -0.029487 -0.056163
budget -0.139085 0.056717 -0.049453 0.016602 0.346979 -0.206060 -0.042345 -0.020401 0.053343 -0.071967 -0.070671 0.083805 0.018875 0.019321 0.030799 0.003606 0.204417 -0.155797 0.011592 0.091220 0.047467 -0.230666 -0.324496 0.060756 0.002114 0.107390 0.149538 -0.032294 -0.096341 -0.039910 0.359969 -0.028362 -0.027706 0.245125 0.068152 -0.033342 -0.199153 0.023156 -0.193171 -0.210420 -0.076055 0.235670 0.026259 -0.153894 -0.055477 0.090953 -0.186717 0.075061 0.216024 -0.012075
budgets 0.095144 -0.010799 -0.140271 0.033198 0.188106 0.044301 -0.116688 0.134792 0.034095 0.171391 -0.069321 0.155985 0.018306 -0.081366 0.224749 0.245972 0.056788 0.195663 -0.063312 0.230529 -0.128053 -0.114341 0.286138 -0.090798 0.000728 -0.103826 -0.229399 0.067051 0.211958 -0.085462 0.180480 0.005691 -0.092728 0.039911 0.068775 -0.204806 0.090371 0.111642 0.203759 -0.024514 -0.002591 0.024057 0.009893 -0.057318 -0.372890 -0.075418 0.182395 -0.003539 -0.211893 0.076104
build 0.137087 0.013202 0.314930 -0.080423 0.155500 0.033702 0.002700 0.090830 -0.036332 0.070892 -0.007921 0.002260 0.308636 0.032108 -0.080322 -0.016100 -0.105881 0.105711 0.199504 0.126791 0.094622 0.081880 0.006088 0.030394 0.110093 0.282637 0.125647 -0.197731 -0.202454 -0.275699 0.251531 -0.059810 0.042227 0.019136 0.233146 -0.043138 -0.103461 0.134187 -0.076166 0.108243 -0.080625 0.120209 -0.112893 0.162129 0.067644 -0.048226 -0.319516 0.073227 0.073022 -0.150074
builders 0.104845 0.061204 0.061068 -0.030857 -0.150425 0.003597 0.133534 -0.124473 -0.090901 -0.152042 -0.049048 -0.083642 -0.094808 0.197412 0.150194 0.163015 -0.002876 0.330770 -0.194868 0.050628 0.147226 0.124900 0.092915 -0.105368 -0.006928 -0.339630 0.142311 -0.188679 0.091347 0.076122 -0.068097 0.080015 -0.023813 0.154420 0.038431 -0.194642 -0.241093 0.152159 0.067294 0.086948 -0.245055 0.078043 -0.142792 0.258628 0.173878 0.068142 -0.161617 0.018981 0.033014 -0.101684
building -0.091934 -0.285571 0.135701 0.059674 0.020269 0.181874 0.162511 0.107952 -0.064094 -0.217234 0.060057 0.236788 -0.099759 -0.045474 -0.170540 -0.109057 -0.398613 0.149334 -0.176162 0.162752 0.096543 -0.106932 0.176468 0.055491 -0.228716 -0.121998 -0.124285 -0.124531 -0.019511 0.091014 0.034737 0.081240 0.015029 -0.150587 0.099058 0.134110 -0.036797 -0.034053 -0.087058 0.264206 0.067171 -0.161559 0.006173 0.057509 -0.178232 -0.008762 -0.078165 -0.092113 0.111909 -0.143774
bulletin 0.187173 0.123228 -0.055384 -0.218009 0.130600 0.084742 0.257448 -0.345840 -0.042539 -0.094210 0.026920 -0.014500 0.184059 0.110429 0.086393 -0.202924 -0.250150 -0.067281 -0.093538 0.096509 0.036149 0.103984 -0.091652 -0.222126 -0.180358 -0.124479 0.204943 -0.127566 0.124145 -0.096480 -0.052449 0.192502 0.074833 -0.023323 -0.058651 -0.068806 -0.116405 0.144979 -0.031408 0.167045 0.043398 -0.120563 -0.058623 -0.290109 0.129146 -0.081511 0.123250 -0.086922 -0.155823 0.068781
burden -0.122100 0.217025 0.091555 -0.041546 -0.050269 0.111593 0.197117 0.113127 -0.102084 -0.278866 0.148584 -0.094880 0.047345 0.024264 0.023796 -0.051348 -0.053043 -0.147104 0.235004 -0.129811 -0.297774 -0.001297 -0.052237 0.132853 -0.306893 0.132467 -0.023461 -0.069369 0.045039 0.251268 -0.117574 -0.032091 0.278697 0.017874 0.325131 0.039758 0.161439 -0.029128 -0.204822 0.025147 0.057332 -0.095466 -0.028285 0.072092 0.002509 -0.050793 0.223026 -0.083512 -0.012906 -0.024826
burdens 0.041251 -0.107604 0.249585 0.091225 -0.013372 -0.054713 -0.023673 -0.002499 -0.072654 -0.060046 -0.152644 0.026503 0.100858 0.172844 0.220847 0.082351 -0.076417 0.196013 0.001056 0.061459 0.107502 0.159676 0.014300 -0.007697 -0.088561 0.315844 -0.122190 0.160635 0.251279 -0.018575 0.094174 0.067401 0.222393 0.063022 -0.332398 -0.003174 -0.045585 -0.203526 0.109645 0.068527 -0.098848 0.386090 -0.078407 -0.100333 0.128236 0.027897 -0.094719 -0.189080 -0.063635 0.089974
burdensome -0.103741 -0.147521 -0.096201 -0.173999 -0.121233 -0.128632 -0.199176 -0.077834 -0.110867 -0.093772 0.333019 0.333346 0.303525 0.254219 0.261749 0.272661 0.239397 0.245421 0.277465 0.245837 -0.033874 0.020548 -0.021066 -0.015592 0.048266 -0.002911 -0.029694 -0.012294 0.027335 -0.005130 0.032892 0.004761 -0.114975 -0.009106 0.051465 -0.044897 -0.044548 0.032601 0.065783 -0.000747 0.032282 0.008676 0.002760 -0.034940 0.049689 -0.075141 0.015817 0.050398 -0.011114 -0.084072
bureau 0.019737 -0.014091 0.033274 -0.068196 0.051516 0.013470 0.036631 0.043725 -0.010781 0.081607 0.027577 -0.047226 0.022663 -0.036021 -0.003033 0.084998 0.089406 0.094918 0.004698 0.037388 0.266237 0.381374 0.309845 0.244977 0.234245 0.281282 0.279562 0.201981 0.350403 0.383824 0.028580 0.054826 -0.068059 -0.056644 -0.041996 -0.023737 -0.070383 0.009432 0.079313 -0.086236 0.019416 0.011463 -0.060613 0.052380 -0.047806 -0.027404 0.018334 -0.017636 -0.009852 -0.107109
bureaucracies -0.113620 -0.013406 0.082724 -0.023756 -0.039170 -0.042137 -0.016233 -0.112296 -0.118676 -0.231684 0.291438 -0.002073 -0.195171 -0.042939 -0.029745 0.028482 -0.062129 0.058463 0.153041 -0.098234 -0.037265 -0.000093 -0.077294 -0.073750 0.003478 0.358170 0.070425 -0.244938 0.112798 0.202484 -0.019038 -0.088727 -0.066644 -0.020734 0.460276 -0.099946 -0.057458 0.049728 -0.263736 0.072077 0.194597 0.052234 0.075051 0.219558 -0.044174 0.157308 0.156380 0.034923 -0.056363 -0.058306
bureaucratic -0.161214 0.005546 -0.069654 -0.006943 -0.182353 -0.087533 -0.130970 -0.107793 -0.128024 -0.149701 0.242403 0.203445 0.304926 0.221920 0.291195 0.206764 0.154444 0.288300 0.433815 0.371123 -0.017977 0.028485 0.026323 0.002927 0.016620 0.054560 -0.045441 -0.005603 -0.019391 0.050762 -0.032080 0.070888 0.025676 0.065314 0.019593 -0.017781 0.038634 -0.055538 -0.051812 -0.008892 0.020005 0.039666 0.064651 0.070199 -0.014743 -0.038625 0.017698 -0.065041 0.004408 -0.106113
burst -0.198721 -0.150076 0.007583 -0.172775 0.098996 -0.302278 0.146614 -0.036495 -0.102456 -0.028214 -0.070787 0.035413 -0.078962 -0.029498 0.102952 0.127541 0.025436 -0.229122 0.002790 0.144772 0.040402 0.140724 0.153373 -0.033264 -0.047043 -0.163893 -0.094904 -0.058102 -0.275589 0.181004 -0.261320 -0.096253 0.002526 -0.165271 0.110169 0.060292 -0.014360 0.221908 -0.113841 0.144861 -0.033628 0.269277 0.229977 -0.075212 0.225119 0.006514 0.230771 0.140121 -0.048382 0.005134
buses -0.303974 0.009408 0.014741 0.116084 -0.012132 0.040810 -0.092850 0.148303 0.208994 0.177070 0.066053 0.091561 -0.177765 -0.311712 -0.125624 -0.080761 0.107417 0.275544 0.283769 -0.108973 -0.192953 -0.083000 0.011914 0.009002 0.120523 0.093178 0.255688 -0.126921 0.086649 0.124760 0.018264 -0.144213 0.200479 0.003143 -0.293317 0.171119 0.033982 -0.111164 0.007607 0.052647 -0.036816 -0.014637 -0.041753 0.049703 0.086523 -0.027559 0.125139 0.211288 -0.056194 0.009562
business -0.240781 0.088391 -0.043554 0.198929 0.179148 0.178550 0.286042 0.082737 -0.173566 0.028780 0.002905 0.180069 -0.171058 0.196573 -0.040323 -0.192984 -0.017228 0.007182 0.262113 -0.121096 -0.022155 -0.100807 0.228974 -0.160023 0.100879 -0.197829 0.080038 0.086133 -0.055719 -0.134374 0.189791 0.134483 -0.034756 0.030260 0.050723 -0.101520 -0.027579 -0.060486 0.216580 0.136323 0.246138 -0.060867 0.063724 0.038557 -0.089274 0.010141 0.147861 0.234672 -0.127037 -0.056927
businesses 0.132726 0.154084 -0.090602 -0.012760 0.031526 -0.177214 -0.089986 0.106343 -0.025804 0.346599 0.050715 -0.050577 0.163810 0.057645 -0.123401 -0.043318 0.028117 0.046168 0.056688 0.002130 -0.183734 0.169579 -0.244907 -0.065125 -0.067055 0.396146 -0.018861 0.149213 0.120606 -0.122250 0.030566 -0.004176 0.210135 -0.165434 0.015726 -0.047359 0.027214 0.021455 -0.199656 0.223552 0.066459 0.104568 -0.030226 -0.006828 -0.179426 0.091392 0.199401 -0.293466 -0.123722 -0.121694
but -0.012271 0.071974 0.016598 0.018885 -0.077457 0.203624 -0.080097 0.253683 0.192840 0.172731 -0.047349 -0.076225 0.167358 0.143633 0.180453 -0.025408 -0.101599 -0.005190 0.043907 -0.170049 0.083053 0.046252 0.359712 0.070738 0.008469 0.005154 0.185107 0.104707 0.024735 0.142171 0.284289 -0.042784 -0.044668 0.050399 -0.229297 0.079680 0.056900 -0.034440 -0.111037 0.050673 0.006276 0.136923 0.124901 0.435307 0.112898 -0.127271 0.065075 0.201473 0.018416 0.068417
buybacks 0.018604 0.055061 0.059247 -0.068973 -0.252305 -0.146692 0.144378 -0.177497 -0.103765 0.046213 -0.115490 0.042911 -0.045005 0.144965 -0.109433 -0.052844 -0.044225 -0.085495 -0.169122 0.054922 0.028895 0.027915 -0.075021 0.407396 -0.149203 0.129807 0.077244 -0.124562 0.038041 -0.151330 -0.196786 -0.048840 0.037402 0.056841 0.316674 -0.177853 0.180604 0.297914 -0.020324 -0.023471 -0.143529 -0.067413 0.124379 0.240863 0.055868 -0.128074 -0.237837 -0.047264 0.005289 0.094479
buying -0.313980 -0.135668 0.117423 0.097313 -0.008563 0.059138 -0.234322 -0.010720 0.011564 0.211011 0.160235 0.078793 0.095072 0.205467 -0.362596 -0.020486 -0.162175 -0.053896 -0.035402 -0.153394 -0.144624 -0.149810 0.200837 -0.061784 -0.159640 -0.016133 -0.079472 0.074386 0.208439 0.047967 -0.088283 -0.114224 0.122335 0.119148 -0.070749 -0.020310 0.068769 0.128364 0.159908 -0.002276 -0.169657 0.202217 -0.079871 -0.114497 -0.145475 0.147837 -0.017942 0.278318 0.059143 0.030957
by 0.209848 0.037789 -0.033529 0.169930 -0.119395 0.029797 -0.105555 -0.114804 -0.014607 -0.135692 -0.102447 0.188755 0.050704 0.113515 -0.038834 -0.045017 0.084132 -0.248610 -0.001094 0.058194 0.009322 -0.011333 0.184848 0.061653 0.303488 -0.055950 0.091156 -0.151647 -0.081953 -0.048416 0.215236 0.177327 -0.121340 0.095178 -0.054550 -0.263111 0.223250 -0.071341 -0.044134 -0.084102 0.144849 0.232508 -0.071259 -0.164482 0.034313 -0.285574 -0.146131 0.126216 0.259013 0.152597
call 0.034497 0.047046 0.234379 0.263707 0.337616 -0.245298 -0.213194 -0.132979 0.011872 -0.183326 0.173196 0.027695 -0.024752 0.042248 0.151425 0.069969 -0.115093 0.112152 -0.020163 -0.042743 0.026749 0.020226 -0.116047 -0.196580 0.059863 0.017274 0.130958 -0.036175 0.166064 -0.197300 -0.242682 0.026382 0.042758 -0.006803 -0.187539 -0.237823 0.097820 0.023610 0.097679 -0.148179 0.052438 0.063508 -0.183171 0.154016 0.183149 -0.190901 -0.129996 0.144020 0.008756 0.058107
campaign 0.053431 0.134928 -0.022289 -0.177093 -0.004636 0.027278 0.185991 0.221786 -0.185163 0.039104 -0.273896 -0.106361 0.126982 -0.166052 -0.161350 0.108540 -0.079904 0.150885 0.006707 -0.198183 -0.135912 -0.020888 -0.029269 -0.079063 -0.250398 0.134887 0.199040 -0.295292 0.091340 -0.021029 -0.066157 0.073604 -0.291756 0.002681 -0.095631 0.159584 -0.011449 -0.002098 0.079834 0.059296 -0.074943 -0.380617 0.016909 0.078527 -0.014127 0.041537 0.011922 -0.136822 0.143022 0.100762
can -0.084794 0.053533 0.073697 0.147941 0.040503 -0.034462 -0.031373 -0.030633 0.051483 -0.170369 -0.227888 0.353015 0.182098 -0.076053 0.009480 0.163994 -0.262015 -0.371470 0.000300 0.020921 -0.007734 -0.254293 0.084361 0.089396 0.056596 0.057282 0.096511 0.115286 0.060968 -0.191892 -0.109839 -0.042066 0.011072 0.028380 0.102215 -0.113608 0.161488 -0.020108 0.011357 0.053012 0.063457 -0.116895 0.334082 -0.093994 -0.020652 0.012713 0.141676 -0.253617 0.072421 0.176848
canceling 0.049426 -0.036964 0.147390 0.189959 -0.035607 -0.017176 0.070844 0.215392 -0.058535 -0.069572 -0.150099 -0.119674 -0.001430 0.287495 0.182242 0.086048 -0.173691 -0.092124 -0.243514 -0.166815 -0.153892 -0.199905 -0.091585 -0.021212 0.003275 -0.328850 0.049576 0.017038 0.171041 -0.244506 0.019395 0.094110 0.058533 -0.180232 0.153085 -0.010822 -0.117464 -0.278339 0.237942 0.064655 -0.096089 -0.069060 -0.049729 -0.087791 0.111858 -0.099785 0.119723 0.130673 -0.034163 0.137196
cannabis 0.083403 -0.059733 0.145546 0.138342 0.130686 0.195572 0.221648 0.152750 -0.103561 0.121422 0.065462 -0.034417 0.004945 -0.054852 -0.095573 0.102189 0.054857 -0.166346 -0.233010 -0.169321 -0.022164 0.308757 0.297088 0.019863 0.046438 -0.127257 -0.171199 -0.310502 -0.068367 0.020516 -0.129766 0.051856 -0.122895 -0.049642 0.116652 0.166085 -0.006894 0.261023 -0.075344 0.146693 -0.238557 -0.097191 0.009351 -0.046317 0.127998 -0.025131 -0.141742 0.037020 0.199202 0.011015
cap 0.198916 0.234917 0.049280 0.128080 -0.135738 0.051099 0.041053 0.220303 -0.068632 -0.061139 -0.041648 0.039363 -0.104942 0.013567 0.137578 -0.153001 0.049501 0.228991 0.191811 -0.009801 -0.004138 -0.099987 0.214042 -0.118771 0.100729 -0.143792 -0.094829 0.088404 -0.064748 0.119580 0.264025 -0.033293 0.180227 0.325206 0.059190 0.051745 -0.312096 0.144433 -0.090271 -0.034793 -0.136168 0.093277 -0.058342 -0.229472 0.068302 0.200404 -0.086050 0.093783 -0.114717 0.147334
capabilities -0.070706 -0.208687 0.059983 0.111273 -0.229870 -0.159773 0.096360 -0.083419 -0.097522 -0.047368 0.046384 0.159458 0.074370 -0.022054 -0.065920 -0.192540 -0.021519 -0.198927 -0.332658 -0.084606 0.103052 -0.153680 0.308777 0.034094 0.215360 0.029979 0.116704 -0.151426 -0.081045 0.050783 -0.049403 0.097867 0.214382 -0.030834 -0.109779 -0.107942 -0.241745 0.281761 0.033089 -0.040592 -0.188420 0.212930 -0.006763 0.022433 -0.094232 -0.153707 0.123476 0.117926 -0.058227 0.053633
capacity -0.251993 0.372093 0.171353 0.030833 -0.130972 -0.102270 -0.059736 -0.020483 0.012170 0.128794 -0.143915 -0.083048 -0.007683 -0.048509 -0.001521 -0.178551 -0.003408 0.219579 0.150813 0.005771 -0.191884 0.114686 -0.114963 -0.147418 0.181674 -0.013074 0.175863 0.068257 0.174701 0.100782 -0.063832 -0.009637 -0.036253 0.238868 0.151294 0.175963 -0.055096 -0.144996 -0.190215 0.209424 -0.266259 -0.019789 0.166194 0.066475 -0.187501 -0.014157 0.058127 -0.016251 0.123635 0.118429
capital -0.057916 -0.181932 0.092990 -0.091831 0.204287 -0.073946 -0.059720 0.292411 0.035982 0.087945 0.016746 -0.092171 -0.253147 0.167678 -0.073796 -0.151585 0.084446 -0.029786 -0.051566 -0.064061 -0.173881 -0.058500 -0.077723 -0.059241 -0.032432 0.120768 0.039572 -0.013441 -0.000837 0.293904 -0.019194 0.236074 -0.031641 -0.044991 -0.364157 -0.116253 -0.045379 0.039268 -0.083761 0.328878 0.038675 -0.084987 0.225373 0.020598 0.040771 -0.015968 -0.067467 -0.322572 0.116284 -0.044797
capitalism -0.109712 -0.006942 -0.108259 -0.129027 -0.112969 -0.176507 -0.086815 -0.115488 -0.035531 -0.149857 0.311988 0.346103 0.188981 0.278981 0.252572 0.426966 0.296521 0.186007 0.223006 0.284615 0.012867 -0.045301 -0.028693 0.052566 0.011901 -0.010560 -0.088366 -0.045243 0.007953 0.000854 -0.013226 0.026957 -0.042718 -0.014958 -0.005577 0.020195 0.071833 0.000702 0.054377 -0.056354 -0.027307 -0.033908 0.068684 -0.000258 -0.035295 0.029454 -0.025230 -0.010082 -0.029420 -0.005168
capping -0.024124 0.106158 0.016979 0.028364 0.175252 -0.331312 -0.112174 -0.010340 0.205375 -0.090878 0.001710 0.118848 -0.006248 0.009413 -0.029080 0.136248 -0.019708 -0.018131 -0.108600 0.010283 -0.147121 -0.111455 0.169441 0.005459 -0.148936 -0.054409 0.054134 -0.114781 -0.116539 -0.002036 -0.125949 -0.070367 -0.163628 0.266356 0.007870 -0.045007 -0.359636 0.144190 0.029406 0.045365 -0.073156 -0.256270 -0.368569 -0.212736 0.098201 0.159185 -0.220277 0.044182 -0.079631 -0.043923
caps 0.257956 -0.085826 -0.319893 -0.009602 -0.247587 -0.090326 -0.145044 -0.047428 -0.175876 -0.128672 -0.241512 0.119463 0.121393 -0.182177 0.165232 0.026950 0.208160 0.071741 -0.218211 0.103058 -0.104887 -0.019019 -0.078693 0.041558 0.020528 0.028417 -0.215345 0.131207 -0.001816 -0.025687 -0.047123 0.045714 -0.066486 -0.134132 -0.002870 0.036114 -0.063238 0.091958 -0.044729 -0.237000 0.303638 0.092070 -0.134832 0.161500 0.187273 -0.023636 -0.049334 0.241925 -0.045232 0.034260
car -0.191281 0.047277 -0.129635 0.079555 0.083507 -0.085412 -0.161711 -0.137208 0.115156 0.017197 0.020217 -0.242902 0.172751 -0.064099 0.263537 0.051949 -0.086031 -0.192871 0.039993 0.200424 -0.138427 -0.030099 0.207972 -0.004430 0.060392 -0.086745 -0.031410 -0.375676 -0.205775 0.148514 0.054304 0.093554 -0.025007 -0.026082 0.194710 -0.237593 -0.282002 0.152722 0.202898 0.003844 -0.049623 0.100823 0.111102 0.011429 0.154467 -0.068986 0.004607 0.068534 0.140905 -0.051323
carbon -0.069857 0.118831 0.048575 0.194481 0.076770 -0.050910 0.105851 -0.084355 -0.030981 0.300628 -0.002094 -0.040268 0.051459 0.088129 -0.054732 -0.099934 -0.170031 0.228200 -0.005675 0.337217 -0.338593 0.127486 0.019323 0.107381 -0.084091 0.287299 0.234553 -0.237945 -0.087203 0.095608 -0.003942 0.046925 -0.176047 0.114863 -0.015459 0.015843 0.068693 -0.117372 -0.101138 0.055014 -0.247083 0.057036 0.030157 0.254291 0.127397 -0.103114 0.071323 0.039623 -0.005439 0.007475
card -0.121083 0.052620 -0.014701 -0.113389 -0.201655 0.133368 -0.012178 0.124290 0.169647 -0.039064 -0.019242 -0.073871 -0.184384 0.291489 0.148231 0.008169 -0.307140 -0.002162 0.065650 -0.050898 0.154862 0.232310 -0.053775 0.076532 0.090839 -0.159265 -0.061852 -0.098288 0.020892 0.021800 0.006769 -0.135072 -0.091411 0.063324 -0.338746 0.078524 0.063016 -0.180137 0.303718 0.111003 -0.131567 -0.056843 -0.067773 -0.030651 0.174198 0.234546 -0.258510 -0.028640 -0.095110 -0.040947
care 0.011768 -0.049512 -0.088022 0.041974 0.138324 0.008261 0.089780 -0.074440 -0.288442 -0.124681 0.159943 0.032186 -0.105858 -0.059214 -0.253572 0.016743 -0.221599 -0.120631 0.029686 0.008991 -0.225157 -0.024614 -0.004264 -0.255818 -0.018118 0.016492 0.040795 0.042360 -0.153453 -0.130846 0.227296 -0.282625 -0.170891 0.180433 0.050431 0.077253 0.171801 0.255333 -0.081595 -0.092160 0.072904 -0.004817 0.026294 -0.043986 -0.116289 -0.280388 -0.010005 0.040623 0.209044 0.259048
carry -0.085070 0.039548 0.163849 0.028124 -0.406360 -0.095014 -0.154946 -0.221816 -0.105093 -0.159765 0.105143 -0.053448 0.129028 0.056281 0.285509 0.084531 0.158531 0.128498 -0.034448 -0.017331 -0.311918 -0.007188 -0.023017 0.225075 -0.026504 -0.101578 -0.043993 0.019259 0.097198 -0.132245 0.088026 -0.281096 0.087162 -0.152890 -0.026447 -0.060896 -0.086370 0.289386 -0.050544 0.024177 0.138683 0.013796 -0.121102 -0.075691 -0.004933 0.118371 -0.015696 -0.126421 -0.030811 0.194399
cartels 0.230192 -0.061793 0.241074 -0.051016 0.076848 0.052820 0.092619 -0.108918 0.270472 0.139449 -0.058520 -0.122105 0.141186 -0.199186 0.088311 0.209175 -0.094099 0.210224 -0.115000 -0.184127 -0.148636 -0.164232 -0.006773 0.087861 -0.192541 -0.049316 0.010744 0.088522 -0.044341 0.042021 0.043207 -0.147370 0.240158 -0.043163 -0.209028 0.179932 0.097891 -0.222447 -0.027170 0.006916 -0.087764 -0.001230 -0.139831 -0.034600 0.016960 -0.095091 -0.046347 -0.352299 0.181261 0.084263
cases -0.083178 -0.082992 0.112688 0.097014 -0.058736 0.018415 -0.079278 0.038674 0.334653 -0.180254 0.158541 -0.212475 -0.027711 -0.103145 -0.127883 -0.104008 -0.242216 0.007622 0.172292 -0.115468 -0.168933 0.200031 -0.207900 0.054474 -0.186469 -0.027434 -0.188063 -0.046529 -0.122135 -0.018313 0.137037 0.125204 0.048126 -0.058266 0.027235 0.045538 -0.079492 -0.139009 -0.031911 0.033137 0.408921 0.051434 -0.060047 0.148123 -0.218234 0.058604 0.047126 -0.003201 0.171089 0.213697
cash 0.283574 0.190508 0.026235 0.015715 0.070676 -0.220156 -0.226874 -0.048159 0.230172 0.040955 -0.058954 -0.163619 -0.065875 0.165013 0.136045 -0.019036 -0.353931 -0.046537 0.122630 0.107335 0.270861 0.072772 0.111987 -0.046381 0.197204 -0.012121 -0.132136 0.189062 -0.083100 -0.105339 -0.103745 0.073670 -0.140985 -0.063772 -0.114574 0.082739 0.115308 0.092004 0.104673 -0.037370 -0.115720 0.176790 -0.046039 0.009317 0.067990 0.165640 0.181227 -0.022697 -0.175889 0.211528
casinos 0.022171 -0.202346 0.152366 0.083806 0.029116 0.113249 0.143486 0.035827 0.024739 -0.274551 -0.188967 0.099567 -0.116303 0.050072 0.055733 -0.141293 0.008519 0.118364 0.003207 -0.188405 -0.165958 -0.040394 -0.067413 0.145397 -0.040268 0.096251 0.226875 0.114612 -0.060735 -0.060183 0.073166 -0.100912 0.090588 -0.178352 -0.080125 0.027139 0.335468 0.040011 0.269920 -0.053852 -0.094695 -0.041106 0.008685 0.013086 0.310007 0.069625 0.084105 -0.209821 -0.213490 0.289268
catastrophe 0.186132 -0.248871 0.107273 0.111078 0.117178 -0.023581 -0.020899 -0.232405 -0.122408 0.009358 -0.115539 0.182426 0.151190 0.047016 0.002549 -0.280070 -0.045822 0.234469 0.149850 -0.098964 -0.188568 -0.020189 0.141576 0.116286 0.381763 0.042472 0.049390 -0.152084 0.111616 0.121293 -0.005083 0.146829 0.042845 -0.079055 0.070913 0.166357 0.130908 -0.143123 0.183364 -0.184286 -0.090571 0.020662 0.060430 -0.005046 -0.043167 0.086736 -0.093598 0.120321 0.060985 -0.265049
ceases 0.017311 -0.015868 -0.096943 -0.133772 -0.215771 -0.114730 -0.266254 -0.055855 0.176715 -0.090042 -0.100288 0.105318 0.176214 0.233021 -0.043234 0.179691 -0.248814 -0.092669 -0.002150 -0.018691 -0.124246 -0.005042 -0.030834 0.027717 0.074652 -0.256800 -0.020689 0.159396 -0.069739 -0.130945 -0.130372 -0.246269 0.226407 -0.014475 0.052800 0.284337 -0.236006 0.084280 0.102156 0.005694 -0.096538 0.072697 0.035299 0.030864 0.176611 -0.277858 0.002255 -0.004311 -0.058968 -0.190560
ceiling -0.019069 0.116732 0.084674 0.043696 -0.045503 0.059140 0.040475 0.152632 0.010083 -0.107871 -0.253174 0.102504 0.032993 0.071099 0.074423 -0.146361 0.154243 -0.110214 -0.107705 0.000331 0.199696 -0.028370 0.055725 -0.025180 0.048748 0.135146 -0.149338 -0.106705 -0.004535 -0.018647 -0.102967 -0.119736 0.099426 0.102745 -0.218113 -0.030910 0.199154 0.141209 -0.164978 -0.382023 0.140058 -0.159188 -0.079340 0.091358 -0.405008 -0.174197 -0.047263 0.216705 0.221954 -0.034936
censorship 0.093309 -0.051904 -0.142129 0.003155 0.001347 -0.117357 0.107975 0.118454 0.151206 -0.020384 0.295101 0.143826 -0.191789 0.155941 0.156487 0.062155 0.214510 -0.021899 -0.056926 -0.144563 0.106698 0.184365 0.077154 -0.043133 0.011643 0.269002 0.158623 0.011365 0.110139 0.201034 -0.132054 0.399359 -0.095901 0.020518 -0.000070 -0.080627 -0.155453 0.011493 0.052823 -0.156753 -0.000778 -0.028914 0.031217 -0.308802 -0.262172 0.039892 -0.000930 -0.030832 -0.106451 -0.098926
center -0.280682 0.006309 -0.212303 0.012921 -0.041872 0.157617 0.202239 -0.216232 0.189338 -0.122940 0.038025 0.119743 -0.000139 -0.088791 -0.063303 0.044016 0.005326 -0.019341 0.112954 -0.312661 0.135365 -0.063662 0.194362 0.039780 0.051996 -0.003332 0.118456 -0.217020 -0.003386 -0.194063 -0.009653 0.249996 0.134239 -0.149756 0.074041 -0.066163 -0.112619 0.050051 0.209198 -0.148771 0.101460 0.191599 -0.040754 -0.012481 -0.251053 -0.127970 0.035153 -0.286709 0.015328 0.032542
centers 0.252391 0.103312 -0.134054 0.007698 -0.137464 0.291748 -0.175205 0.034827 -0.243459 -0.156713 0.042601 -0.071405 -0.066177 0.038227 0.117177 0.034543 0.037876 0.207872 -0.100976 0.019028 -0.210635 -0.116673 -0.102760 -0.059805 -0.322337 -0.113027 -0.080498 -0.086527 0.038600 0.007370 -0.135210 -0.042016 -0.066401 0.020770 0.008712 0.107380 0.157937 0.077519 0.113016 -0.031779 -0.254341 -0.268031 -0.035615 -0.196883 -0.055816 0.255455 -0.129324 -0.127717 0.087056 -0.184059
central -0.123796 -0.124216 -0.190353 -0.128257 -0.036946 0.007151 -0.096003 -0.026514 0.117039 0.253635 -0.108228 -0.040161 0.000642 -0.034753 0.234295 0.038105 -0.011463 -0.103616 0.181531 -0.037842 0.037507 -0.111863 0.030581 -0.020734 0.158703 0.198317 0.088178 0.198847 0.149326 0.081841 -0.094386 -0.116941 0.061440 -0.023669 0.067510 0.020462 -0.211462 -0.359451 0.181149 0.081432 -0.130636 0.095645 -0.099599 0.003932 -0.144776 0.001787 0.001370 -0.321269 0.148823 -0.356664
certainty 0.052006 -0.017921 0.022123 0.099986 0.037005 -0.187292 0.025491 0.059393 -0.065691 -0.128910 -0.094644 0.007146 -0.004966 -0.069737 0.031888 0.109517 -0.076878 -0.060759 -0.240165 -0.060154 -0.160762 0.026520 -0.072210 -0.082527 -0.064773 0.112152 0.121914 0.162860 0.100057 -0.067137 0.182531 0.300026 0.238398 0.159688 0.111643 0.249637 -0.279135 -0.100301 0.070353 0.250922 -0.107143 0.335140 0.163153 0.051790 0.325661 -0.091566 0.061515 -0.078786 -0.044713 -0.001909
challenges -0.303456 -0.014465 -0.123237 -0.303466 0.007279 0.052267 -0.026864 0.037226 0.104639 -0.050082 -0.279370 0.105091 -0.044599 0.035258 0.073098 -0.210394 0.124510 -0.017066 0.199901 0.034835 -0.136596 0.159108 -0.017954 -0.017112 -0.068491 0.031795 0.220389 0.096572 -0.052196 -0.117611 0.200831 -0.051750 -0.154038 0.243508 -0.112250 0.255935 -0.088687 -0.151367 0.118626 -0.259362 0.151961 -0.066655 0.083717 -0.013321 -0.137078 -0.045911 -0.010360 0.243076 0.036658 0.161301
challenging 0.039623 0.007190 0.296071 0.191129 -0.184444 0.198404 0.016922 0.067331 0.063289 -0.112554 -0.040848 -0.226490 -0.172451 0.010385 0.140293 0.059625 -0.031123 -0.181198 0.073088 -0.047016 -0.150786 -0.114121 0.056033 -0.058119 -0.182009 0.158083 -0.111719 -0.042410 0.095677 -0.033534 0.122124 -0.011947 -0.012875 -0.195217 -0.094681 0.095766 0.293132 0.283865 -0.106830 0.101197 -0.048969 -0.144731 0.177724 -0.086555 0.097036 0.393808 -0.066339 0.087498 -0.073272 -0.054574
changes -0.027267 -0.226958 -0.009191 0.072800 0.063342 -0.048673 0.015153 -0.240715 0.208189 -0.234586 0.216793 -0.057292 0.207250 -0.052022 0.165951 -0.244928 -0.047792 0.014430 0.140469 0.104609 0.062749 0.215896 -0.097492 -0.083362 -0.167869 -0.042606 0.118259 0.160266 0.085839 -0.103265 0.085830 0.162341 -0.077285 0.068820 -0.124119 0.054834 0.118000 0.185743 0.101853 -0.028571 -0.030650 0.132883 0.061129 0.105638 0.042146 -0.347501 -0.348292 0.012755 0.005230 0.090087
charges 0.069771 0.085504 -0.054743 -0.131482 -0.129938 -0.009119 0.220208 -0.096671 -0.048714 0.030062 0.180522 0.082339 0.202510 -0.197374 -0.201077 0.047813 -0.137014 0.056090 -0.134889 0.066969 0.031735 0.089604 0.170259 -0.136269 0.112878 0.021468 0.010366 0.023268 0.195480 0.010838 -0.341362 0.095291 0.177518 -0.019348 0.323767 -0.014080 -0.155682 0.216888 -0.052741 -0.211899 0.128350 -0.002332 -0.257111 -0.036398 0.038112 -0.035738 0.279213 0.048403 0.159409 0.014060
checks 0.258331 -0.104691 0.234980 -0.022237 0.225017 -0.010411 0.039879 0.053251 -0.294852 0.123189 -0.026956 -0.085868 0.068979 -0.188965 -0.001557 -0.228564 -0.219006 -0.018072 -0.007882 -0.035483 -0.166064 -0.210168 0.062188 -0.044487 -0.023333 0.156626 0.106431 0.074297 -0.060490 -0.113603 0.337273 -0.084189 -0.100234 -0.160498 -0.063912 0.011690 -0.011857 0.196971 -0.284804 0.124703 -0.202247 0.052068 -0.041551 0.110125 0.149121 0.113662 0.080343 -0.134530 -0.093130 -0.022081
child -0.018657 0.025945 0.384973 -0.053707 -0.090517 -0.046880 -0.225233 0.109655 -0.041494 0.017330 0.093246 -0.002171 0.040479 0.184410 0.214804 -0.252148 -0.031468 -0.123819 0.228454 -0.295777 0.099455 0.053642 0.014111 -0.294178 -0.011454 0.021755 0.171025 0.005806 -0.002573 0.277042 0.109110 -0.069461 -0.115283 -0.078437 0.066893 -0.061457 -0.050303 -0.137725 0.073498 0.149416 -0.063327 0.039063 -0.292128 -0.074033 0.069319 0.055992 -0.081581 0.123457 -0.064099 -0.180431
childcare -0.057542 0.052383 -0.024139 -0.238147 -0.019497 -0.019954 0.149138 -0.090015 -0.152738 0.124522 0.040750 0.067633 -0.082240 0.091932 0.104897 -0.226024 -0.383870 -0.109807 0.299696 -0.080482 -0.016621 0.199333 0.180756 -0.117918 -0.188367 0.168414 -0.061537 -0.140188 0.037786 -0.036892 0.122178 -0.027023 -0.097272 -0.044223 0.178104 -0.137286 0.003852 0.267226 -0.076545 -0.021217 -0.327382 -0.004502 -0.182624 0.167981 -0.024708 -0.044897 -0.034027 0.020223 -0.120156 -0.089460
children 0.140714 -0.076673 0.080974 0.118370 0.166791 0.040525 -0.021714 -0.075229 0.038947 0.018634 -0.061860 0.091672 -0.179898 0.307693 -0.168881 0.274190 -0.114457 -0.157770 -0.116696 0.073159 0.153302 0.040427 -0.041264 -0.037465 -0.024526 0.159452 0.062388 -0.238676 -0.240838 0.082089 -0.139660 -0.179086 -0.234709 0.166366 -0.028842 0.121857 -0.167256 -0.036421 0.199919 -0.193483 -0.025076 -0.087518 0.149306 0.027539 0.146407 -0.159591 -0.061996 -0.038693 -0.219308 0.219290
china 0.048522 0.085498 0.044413 0.040741 0.201599 -0.070800 -0.219077 -0.381809 -0.009227 -0.109464 -0.082326 0.080257 0.159539 -0.010007 -0.113751 -0.027279 0.107745 -0.177714 -0.226581 0.355572 -0.056141 -0.082368 -0.174684 -0.024486 -0.169022 0.168220 0.133185 -0.055718 -0.077388 0.040099 -0.035233 -0.080448 0.193162 -0.196501 0.104268 0.107659 0.064204 0.104593 -0.190026 -0.181759 0.089738 0.076818 -0.151062 -0.016514 -0.019406 -0.109007 -0.196957 0.026099 -0.024610 -0.236098
choice -0.030555 -0.054251 -0.017430 0.000395 0.060742 0.061243 0.166367 -0.414107 0.054154 0.123035 0.292101 0.060716 -0.040450 -0.138794 0.067620 0.147470 0.196046 -0.051227 -0.087677 0.158181 0.109981 -0.024839 -0.260496 -0.158313 -0.104204 0.131083 -0.005551 0.003981 0.038779 0.042405 0.036480 -0.033694 -0.033040 0.033416 -0.209409 0.393790 -0.030818 0.160181 0.095696 -0.017530 -0.143153 0.011856 0.088091 -0.058864 0.110288 -0.277172 -0.170133 -0.102345 0.121469 -0.097138
circuit -0.027375 0.110312 -0.172799 -0.087645 0.139379 0.119145 -0.078993 0.075149 0.017900 0.094224 0.230595 0.143332 -0.154743 -0.239251 0.205197 0.068016 0.094736 -0.108771 -0.168683 0.149673 -0.062669 -0.178091 -0.230946 0.008244 0.175666 -0.079219 -0.022418 0.298535 0.082380 -0.092462 0.212962 0.133852 -0.038200 0.136687 0.026198 -0.262839 0.041911 -0.019942 0.081660 0.146343 0.166576 0.142092 0.076429 -0.076396 0.080647 -0.040960 -0.357052 0.027979 0.096685 -0.039440
cited 0.060260 -0.369387 0.151611 0.017811 0.095259 -0.167190 0.017615 0.225025 -0.067322 -0.108734 -0.174091 0.193232 -0.054046 -0.086213 0.075159 0.136459 -0.005147 0.070714 0.051554 0.265943 -0.220090 0.011688 0.290207 -0.094910 -0.021050 -0.099686 0.044549 0.112855 -0.048540 0.004218 0.084491 -0.068412 0.077105 0.013905 -0.121870 -0.087938 0.292758 0.032405 0.144410 0.206239 -0.050863 0.027306 -0.283839 -0.121941 -0.012286 0.087931 0.111950 0.195668 -0.096814 -0.157482
citing 0.042259 -0.202412 0.076495 0.014927 -0.084437 0.170990 -0.126475 0.177216 0.180926 -0.062999 0.080315 0.075470 -0.115879 -0.139106 0.029608 0.103727 -0.074477 0.304381 -0.086160 -0.330115 -0.124194 0.199750 0.153502 0.109344 -0.106508 -0.042213 0.078510 -0.059961 -0.061950 -0.263245 -0.036480 -0.156232 -0.316265 0.021167 0.194477 -0.102393 -0.013051 0.179876 -0.146226 -0.224956 0.282917 0.002252 0.010778 0.077431 -0.040788 -0.033506 -0.047594 0.018586 -0.041520 -0.019245
citizen -0.041324 0.028059 -0.072948 0.053626 0.063760 0.199867 -0.100099 0.214418 0.122613 -0.352886 0.081796 -0.087703 -0.067531 -0.154510 -0.092499 0.154312 -0.040664 -0.279290 0.027525 0.101375 -0.038882 0.057502 -0.055034 -0.048466 0.057367 -0.246130 0.174002 0.118818 0.080118 0.050422 0.118026 0.097218 0.256266 0.173592 0.032655 0.108812 -0.097878 0.057071 0.098228 -0.030416 -0.126419 0.054539 -0.085036 0.008471 -0.265524 -0.343809 -0.023874 -0.152398 0.189830 0.161672
citizens -0.197218 0.249651 0.143350 -0.076793 0.011723 -0.030893 0.036198 0.269033 -0.045407 0.223648 0.072389 -0.188115 0.080184 -0.040622 0.209168 -0.198643 -0.172069 0.107622 0.086492 0.179272 0.139889 0.149307 -0.008846 -0.072430 -0.054171 0.135489 0.013677 -0.075302 0.073567 0.208822 -0.179763 0.033788 0.038709 -0.043298 -0.342555 0.182527 0.105581 -0.051187 -0.058503 -0.134189 -0.142921 0.160925 0.024803 -0.020528 0.000058 0.174061 -0.085466 0.211807 -0.127370 -0.201640
citizenship 0.088842 0.132486 0.086582 -0.047111 0.136049 -0.058341 0.347558 0.267338 0.102661 0.057114 -0.250684 -0.041894 0.038330 0.225573 0.262023 0.168750 0.136832 0.141433 0.075243 0.051503 -0.116159 -0.049195 0.100614 -0.108401 0.066310 0.072867 0.129896 -0.006095 0.063270 -0.212611 -0.052985 0.018193 -0.174444 0.082953 0.034366 -0.264228 0.112723 0.042334 0.123805 -0.074512 0.091259 -0.194592 0.025864 0.104613 -0.044722 0.081072 0.099262 -0.020620 -0.126585 -0.350168
city -0.048310 -0.173016 -0.228305 0.136060 0.078060 0.002250 0.096773 0.085628 -0.000431 -0.155095 0.143337 0.036448 -0.080107 -0.187864 -0.007419 -0.155622 0.185927 0.092465 -0.191367 0.147130 -0.033569 -0.012043 -0.010187 -0.038682 -0.083445 -0.150162 -0.006300 0.190708 0.021666 -0.002579 -0.073073 -0.255883 0.244198 -0.118935 0.143161 -0.381327 -0.161452 0.114520 -0.112729 -0.223035 -0.062006 0.228588 0.046350 -0.108765 -0.037774 0.122489 -0.012203 -0.010045 -0.303760 -0.023943
civil 0.164785 0.022963 0.010207 0.103319 -0.096513 0.274222 -0.194040 -0.025472 0.052761 0.193941 0.021829 -0.051229 0.101615 -0.031167 -0.039946 -0.023772 0.183250 -0.047901 -0.022421 0.016094 -0.235436 0.020506 0.248727 0.112942 -0.373743 -0.159597 0.043937 0.173026 0.050279 -0.330303 -0.018027 -0.115849 -0.126770 -0.077302 -0.023752 -0.088103 0.060162 0.005618 -0.276106 -0.213541 0.085731 0.050767 -0.053710 0.132488 -0.227819 0.130073 0.093565 0.152111 0.072448 -0.009042
civilian -0.269541 0.172369 -0.149854 -0.108284 0.079413 -0.083297 -0.035241 0.239560 0.111303 0.207241 0.037473 0.010240 0.089584 -0.153948 0.010410 0.005458 0.195949 0.018961 0.040635 0.011671 -0.273771 0.174722 0.253723 0.138121 0.081822 0.204464 0.134313 0.123272 -0.035734 0.141636 0.034072 -0.006772 0.234857 -0.009970 -0.241315 -0.113400 -0.037060 0.042902 -0.018745 -0.061552 0.236187 -0.060212 -0.221418 -0.166383 -0.073417 -0.066273 -0.193258 -0.185913 0.096560 0.090957
class 0.100676 -0.147972 -0.094018 0.076925 -0.089649 0.008931 0.141036 0.133429 0.009832 -0.135034 -0.182168 0.086444 0.095113 0.151458 0.322546 -0.156064 0.209346 -0.035102 0.116818 0.017973 -0.049301 0.112743 0.299658 0.045682 0.198970 -0.148412 -0.037403 0.105526 0.078300 -0.114960 0.144153 -0.066617 -0.109609 -0.028040 -0.418699 -0.059068 -0.171861 -0.025907 0.054456 0.052843 -0.296052 -0.045507 -0.102980 0.085171 0.008058 -0.207201 -0.083609 0.110476 -0.029063 0.071357
clean 0.197176 0.004166 -0.333399 -0.068930 0.004217 -0.157997 0.030800 -0.084830 0.121280 0.080660 0.170475 -0.126727 0.003198 -0.111090 0.018462 0.013049 0.097914 -0.184401 -0.040265 0.189612 0.017329 -0.110351 -0.129522 0.277854 0.024816 -0.102047 0.011404 -0.142138 0.030913 0.186139 0.145148 0.111942 -0.201994 0.174621 0.316138 0.106190 0.079815 0.006733 -0.002898 -0.107442 -0.172890 -0.031364 -0.007663 -0.057064 -0.095601 -0.100704 0.101737 -0.120971 0.390581 -0.114879
climate 0.241379 0.257162 0.333433 0.310953 0.294071 0.304830 0.318308 0.353012 0.212529 0.180841 -0.174192 -0.075435 -0.158497 -0.123116 -0.137392 -0.066186 -0.145505 -0.089006 -0.097747 -0.155530 0.011233 0.023343 -0.035845 0.011074 -0.013681 -0.047341 -0.062116 0.009887 -0.031433 0.012076 0.041394 0.012557 -0.026102 -0.007510 0.034595 -0.013294 0.043179 0.021861 0.038681 0.008556 0.002138 0.042292 -0.030551 -0.004752 -0.025062 0.011942 -0.010728 -0.003920 -0.006162 -0.030661
clinical -0.067225 -0.020193 0.178628 -0.050184 0.043924 0.003080 -0.108291 0.009128 -0.103704 -0.132526 0.219208 0.043246 0.149036 0.063128 -0.119814 0.013603 -0.190992 0.046975 -0.287333 0.071420 -0.358146 -0.158080 -0.166589 0.131394 0.053801 0.286591 -0.195421 0.063888 -0.165655 0.315121 0.066275 0.116817 -0.129667 -0.047008 0.172119 -0.006110 -0.134544 0.013896 -0.248411 0.007990 -0.111167 -0.083065 0.063240 -0.129851 -0.057173 0.107421 0.161093 -0.004464 -0.052595 0.137123
close -0.195596 0.018670 0.210262 0.015679 -0.076953 -0.235531 -0.040111 0.026709 -0.161599 -0.014893 -0.161276 0.025644 -0.266117 -0.130418 -0.117899 0.144597 0.090603 -0.024242 -0.076926 -0.032581 -0.040155 -0.043839 -0.250879 0.038728 0.248773 0.314630 0.165557 0.095943 0.141391 0.053019 -0.054435 0.079758 -0.214657 0.161983 -0.086500 0.222814 0.012946 -0.081364 0.017649 -0.082542 0.148920 -0.234117 -0.220323 -0.085070 0.058430 0.268169 0.105188 0.027037 -0.007781 0.029986
closing -0.039470 0.075480 -0.035964 -0.026534 -0.087430 0.137776 -0.088488 -0.123682 -0.199455 -0.141292 -0.039160 -0.132184 -0.034602 0.098829 0.040969 -0.060926 0.196807 0.170727 -0.135965 -0.355874 0.065385 -0.082703 0.099941 -0.129196 0.169203 -0.242778 0.021623 -0.118171 -0.001445 0.121413 -0.226257 -0.333140 0.062445 -0.026595 0.005887 0.060515 -0.071510 -0.229640 -0.115964 -0.119028 -0.006932 -0.064295 -0.073639 0.087806 0.274682 0.231663 -0.074790 -0.238081 -0.115605 0.017831
collar -0.113686 0.017792 -0.186185 -0.166543 0.012494 -0.066001 0.139858 -0.058040 -0.112855 -0.158853 -0.067197 -0.355577 0.020732 -0.277185 -0.025249 -0.028441 0.005468 0.180930 -0.206283 0.235916 0.029403 0.029150 -0.117508 0.002500 0.170744 -0.150364 -0.220712 -0.168042 -0.222533 0.244251 -0.004641 -0.111533 0.070562 0.040836 0.045999 0.251687 -0.177368 -0.145351 0.149412 0.024927 0.070788 0.095450 0.095341 0.050550 0.024849 -0.160293 0.123875 -0.124074 0.006460 -0.148083
collect 0.075709 -0.125908 -0.089575 0.110969 -0.001919 -0.140067 -0.173450 -0.031548 -0.112428 -0.127909 0.333519 -0.117410 0.096654 0.030751 0.216603 -0.144973 -0.109954 -0.228612 -0.018962 -0.023150 0.150747 -0.054254 0.338809 -0.019077 -0.104123 -0.033582 0.013710 0.252942 -0.168213 0.052000 0.112986 0.163218 0.103027 0.189077 -0.049308 0.047921 -0.152199 -0.017817 0.124037 -0.081994 0.234135 -0.105920 0.136529 -0.096760 -0.178870 0.101799 -0.045224 0.147138 -0.009731 0.256217
collective 0.232908 0.380253 0.359117 0.194492 0.164953 0.152095 0.343231 0.209450 0.223589 0.397149 -0.090534 -0.155293 -0.099540 -0.188240 -0.091408 -0.121883 -0.205797 -0.072249 -0.081810 -0.046632 -0.012342 0.057269 0.013806 0.044323 0.020796 0.042686 -0.062875 -0.025142 0.038236 0.030678 -0.057961 -0.004827 -0.045247 0.000799 -0.024821 0.025825 0.065826 0.063985 -0.094392 0.003731 -0.047154 -0.013314 0.061401 0.014333 0.012628 -0.019864 0.008561 -0.038631 0.086135 -0.050159
college -0.171144 -0.078090 0.067345 -0.212430 0.208648 -0.006635 -0.145309 -0.200908 0.097913 -0.060974 0.147164 -0.091627 -0.086050 -0.017531 -0.139047 0.290695 0.093520 0.066396 -0.055042 -0.132242 0.064140 0.117709 0.174985 -0.055227 -0.202151 -0.092870 0.084888 -0.103999 0.096544 0.108152 -0.051863 0.227343 0.057693 0.096594 0.385469 -0.014293 -0.048010 -0.029065 0.074348 -0.122208 -0.089928 0.014936 0.026814 0.103055 -0.090240 0.351213 0.237450 -0.140620 -0.046203 0.110792
colorado -0.048146 0.090100 -0.191878 -0.006571 -0.022779 0.000941 -0.155568 -0.002521 0.103653 -0.107481 -0.095356 -0.202232 0.099279 0.207611 -0.182462 -0.189863 -0.115629 0.067763 0.264966 -0.013729 0.073954 -0.184159 -0.117872 -0.086498 -0.051821 -0.171398 -0.101533 0.059813 -0.171863 0.251827 -0.055239 0.227160 -0.126645 -0.026191 -0.009972 0.195797 0.041476 -0.010615 -0.039422 -0.133379 -0.043063 0.424127 -0.060893 -0.105123 -0.213135 -0.154836 -0.144945 -0.035380 -0.116429 0.112539
come -0.148692 -0.058216 0.020063 -0.012609 -0.037977 0.340721 -0.069092 0.026020 -0.068557 0.194204 0.282197 -0.161762 0.226912 0.037784 -0.042688 0.080154 0.227250 -0.215943 -0.045199 -0.164071 -0.022138 0.015322 -0.044929 -0.202260 0.104330 0.196077 0.110394 -0.089954 -0.028128 -0.032790 -0.098045 -0.258363 -0.019554 -0.010546 -0.017228 0.093082 0.006067 0.055110 -0.024565 -0.209917 -0.141489 -0.279014 -0.095071 0.143350 -0.041909 -0.043915 0.279656 -0.023619 0.097033 -0.215240
comments -0.091940 0.039378 0.107327 0.177151 -0.172723 -0.138711 0.046809 0.062523 -0.128883 0.000694 -0.201658 0.107406 -0.099429 -0.025059 0.216701 0.191739 0.079682 0.162885 0.210218 0.037607 0.042477 0.049280 -0.373461 0.047941 0.153865 0.014319 -0.144141 -0.008438 -0.038173 0.049654 -0.376494 0.224024 -0.115557 -0.211084 0.140925 0.075859 0.089580 0.201298 -0.009241 0.236852 -0.117479 0.045878 -0.079904 -0.107274 -0.049966 0.108087 -0.018607 0.007810 0.132148 -0.098449
commerce 0.007282 0.023999 -0.241824 -0.188873 0.119063 -0.085116 0.179115 -0.187228 -0.091045 -0.009830 0.079706 0.119036 -0.144619 0.024436 -0.076153 0.035529 0.011420 0.145410 0.003492 -0.259431 0.081096 0.229632 -0.109820 0.240342 0.034346 0.018685 0.227799 0.005744 0.008218 0.153685 -0.189943 -0.039081 0.286176 0.260788 -0.026680 0.188413 0.003142 0.017879 -0.163988 0.116313 -0.115740 0.250595 -0.111108 -0.021265 -0.198549 -0.002947 0.133182 0.128866 0.146342 0.125143
commercial -0.115792 -0.008295 -0.078719 -0.089282 0.029395 -0.017665 -0.002884 -0.010362 0.270193 -0.040010 -0.007962 -0.136257 -0.078040 -0.038609 0.102668 -0.122669 -0.022577 0.052521 -0.005033 0.165969 -0.014817 -0.071440 0.119849 0.222233 -0.009004 0.067593 0.409484 -0.005864 0.081279 0.022257 -0.274047 -0.108998 0.431448 -0.096811 -0.031901 0.009706 0.017837 -0.212028 -0.004095 0.129029 -0.057978 0.080512 0.018214 -0.030902 -0.082389 0.083378 0.013203 0.146963 0.166098 -0.381442
commission -0.135854 -0.166932 -0.108135 0.088078 -0.088609 0.175352 0.028276 0.212463 0.161002 -0.041316 0.217636 -0.274939 0.058524 -0.004404 0.076047 -0.021174 0.085279 -0.052245 -0.136846 -0.105144 -0.226318 0.098248 -0.030612 0.085708 -0.256452 -0.162828 -0.060184 -0.191618 -0.102361 0.122565 0.252635 -0.162247 0.184443 0.186899 -0.144117 0.161185 0.005910 0.139885 -0.138302 -0.196682 -0.193301 -0.091703 -0.148008 -0.018916 -0.152943 0.052189 -0.006901 0.197784 -0.070800 -0.027743
commitment 0.131647 0.071731 -0.076783 -0.026005 -0.133483 -0.066440 -0.173447 -0.273015 0.058835 0.044380 0.072930 -0.120762 0.121331 0.102316 -0.138021 0.123173 0.001659 0.204212 0.319048 0.044394 0.018771 0.223591 -0.144868 0.010469 0.099900 -0.002632 0.209563 -0.039864 0.128800 -0.065836 -0.078680 -0.279962 -0.272575 0.188160 -0.129442 0.064396 -0.098118 0.253817 -0.023077 0.113037 -0.179282 0.146401 0.008603 0.111172 -0.059248 -0.130922 -0.176105 0.105844 0.175042 -0.063094
committed -0.071355 0.141834 0.066440 -0.017968 0.170657 -0.096981 0.005624 -0.304318 0.151501 0.093185 0.362797 0.020479 -0.156757 -0.289979 -0.203493 0.071276 -0.064728 -0.130354 -0.199782 0.015280 -0.125307 0.111579 -0.094385 -0.054152 0.154374 0.110014 -0.206091 0.025355 -0.278908 0.246801 0.161892 -0.176673 0.077689 -0.000849 0.062273 0.064165 -0.087074 0.135705 0.052208 -0.091092 -0.003343 -0.017490 -0.129039 0.035218 0.122244 0.016455 -0.199556 -0.063689 0.122228 0.016375
committee -0.006253 0.024221 0.045531 0.027640 -0.036073 0.071047 -0.024221 0.012818 -0.000378 -0.001855 -0.023002 0.047488 -0.084762 0.019505 -0.094284 0.055676 0.019755 -0.053227 0.021090 0.028390 0.380595 0.318046 0.332896 0.312928 0.277211 0.230663 0.241121 0.315539 0.206119 0.330319 -0.026438 -0.053904 0.094686 -0.009553 0.007717 -0.026140 0.057718 -0.039481 -0.029771 0.137931 0.013958 -0.012910 0.086384 -0.075179 -0.019326 0.013689 0.041075 0.021461 0.088143 0.079758
commodity -0.183195 -0.008020 -0.144880 -0.024444 0.167300 0.210026 -0.064640 -0.144138 -0.192354 -0.086283 -0.151067 -0.008513 0.085816 0.031708 -0.248858 -0.036969 -0.035926 -0.142915 0.114798 0.073731 0.020384 0.239750 -0.281567 -0.041061 0.086113 -0.059525 0.039922 0.030050 -0.187477 -0.020243 0.081417 0.019074 -0.064231 -0.200089 -0.348947 -0.013398 0.339712 0.089265 0.172684 0.214447 0.000459 0.009764 0.131157 -0.025182 0.106289 -0.170555 -0.056096 -0.152693 -0.130257 0.080621
common -0.226215 0.103384 0.067263 0.104819 0.111489 -0.127270 0.206188 -0.112590 -0.049865 0.232525 0.077621 -0.061366 -0.213935 -0.057673 0.094531 -0.095959 -0.042443 -0.024429 0.090652 -0.095475 0.343092 -0.011364 -0.027778 0.201493 0.024499 0.035785 -0.167604 -0.076248 0.023418 -0.105057 0.117516 -0.052166 -0.144454 0.136018 0.058518 -0.151976 -0.044727 0.251669 0.006218 0.119086 -0.003541 0.069979 -0.079549 0.384669 -0.033520 -0.025332 0.141791 0.147171 -0.122744 0.314848
communities -0.026136 0.005345 -0.108418 0.026075 -0.210560 -0.101960 -0.124169 -0.006723 0.110914 -0.004513 -0.105826 -0.232130 -0.108093 0.046491 -0.201461 0.104723 -0.184798 0.012427 0.096368 0.006355 -0.247349 0.099641 -0.063559 -0.098915 -0.015891 0.023385 -0.010486 0.122478 0.042377 0.014413 0.109584 0.036032 0.240049 0.073197 -0.200888 0.107822 0.392524 0.041053 0.050332 -0.231457 0.045341 0.134812 0.094587 0.050312 0.192940 -0.123237 0.196103 -0.177401 0.317429 0.180081
community 0.019704 0.128577 -0.006728 0.100671 0.046135 -0.102860 0.064370 -0.245838 0.071842 0.210062 0.039038 0.005252 -0.201140 0.138778 -0.119111 -0.165545 -0.039596 0.170590 -0.201651 -0.092634 0.047824 -0.023867 -0.122946 0.173808 0.117898 0.278273 -0.117986 0.171941 -0.211688 0.068537 -0.243419 0.020314 -0.031971 -0.033959 -0.016517 -0.197500 0.233593 0.198137 -0.051371 -0.276786 -0.115368 0.116176 0.211043 -0.156094 0.123674 -0.191814 -0.071604 0.008260 -0.052059 0.033768
comparative -0.147418 -0.010022 0.006587 -0.140790 0.165483 -0.041983 -0.092535 -0.176746 0.223831 -0.140894 -0.115051 0.090264 0.307479 -0.133461 0.085198 0.162379 0.124162 -0.160611 -0.211407 0.274392 0.094364 -0.001755 0.105716 0.278377 0.098709 0.138769 -0.084283 -0.077394 0.044469 0.104533 0.100260 0.169147 -0.040302 0.052246 0.044687 0.143438 -0.255311 -0.042442 0.176982 -0.063663 0.017197 -0.022963 -0.145063 0.029424 -0.225707 0.129110 -0.213595 -0.034984 0.118438 0.138195
compared 0.179587 -0.142202 0.066038 -0.143513 -0.064333 -0.001486 0.168505 -0.134167 -0.030483 -0.016846 0.046828 0.182644 -0.084296 0.207900 -0.235849 -0.093795 0.032191 0.250511 0.221422 0.268329 -0.010240 -0.171914 -0.142520 -0.077506 -0.108226 -0.045551 0.242750 0.020943 0.016818 -0.234030 -0.158654 0.140764 -0.102774 0.104304 -0.041915 0.306133 -0.160993 -0.089482 0.087851 -0.133615 -0.173858 -0.029375 -0.180506 0.001850 0.029826 0.051214 -0.080110 0.166439 0.146804 0.085184
comparing 0.079003 0.091311 0.150571 0.004109 0.349656 0.128562 -0.028728 0.024435 0.051126 -0.007628 0.280408 -0.283123 0.060646 0.043164 0.206564 0.007118 -0.134292 0.064125 0.184213 -0.141338 0.020330 -0.081974 0.089125 -0.086596 -0.453540 -0.202921 0.039616 0.113697 -0.001529 0.111184 -0.180943 -0.103864 0.017747 0.070939 -0.052145 -0.064867 -0.209864 0.035272 -0.019252 0.068485 -0.215605 0.152161 0.054485 -0.099632 -0.006877 -0.033890 0.014030 -0.035910 0.026508 0.219922
compassionate 0.151701 0.056056 -0.156901 -0.107378 -0.007744 -0.303222 -0.173996 -0.004227 0.003175 0.129545 -0.087566 -0.113599 0.121404 -0.088814 -0.001262 0.002627 -0.249558 -0.034664 0.039786 -0.021450 0.097567 -0.074700 -0.072030 0.111260 -0.006799 -0.181673 0.091405 0.176334 -0.128239 -0.096877 -0.060223 0.028804 -0.010209 -0.340536 0.050935 0.260543 0.082303 -0.003149 -0.066677 -0.369339 -0.051503 0.047188 -0.178018 -0.039640 -0.205551 -0.207941 0.108332 0.224246 0.171845 -0.071080
compensation 0.102338 -0.186222 -0.000231 -0.141827 -0.043808 0.027084 -0.157117 -0.105099 -0.245116 0.047283 0.130197 -0.086680 0.257595 -0.163715 0.059759 -0.056261 0.110349 0.160120 -0.223050 -0.200327 -0.014242 -0.174572 0.167229 0.183787 0.015703 -0.140290 0.404799 -0.024688 -0.180998 0.065087 -0.019116 0.144734 0.152230 -0.145605 -0.126409 -0.045299 0.006102 -0.085122 -0.071916 0.126822 -0.258595 -0.028455 -0.161132 -0.034580 0.062586 -0.004464 -0.171914 -0.160158 -0.015330 -0.041018
competition -0.135900 -0.135276 -0.110612 -0.134791 -0.100278 -0.083172 -0.065656 -0.105515 -0.126603 -0.098860 0.285528 0.295608 0.375628 0.224422 0.178839 0.340576 0.318922 0.285984 0.249025 0.294412 0.023300 0.000084 0.022025 -0.019940 0.029794 0.052010 0.017444 -0.063255 0.033411 -0.001665 -0.010293 -0.013101 -0.023708 -0.018480 0.026013 0.018034 0.024275 -0.081033 0.056582 0.061440 -0.000369 0.015252 0.012291 0.025451 -0.013298 0.032750 0.046289 -0.001994 -0.053368 0.006178
competitive 0.036688 -0.134001 -0.098990 -0.066860 -0.079982 0.217838 0.094435 0.026531 0.247208 0.035389 0.045487 0.036576 0.109148 0.071207 0.307231 -0.036646 0.063279 -0.053339 -0.010224 0.216559 -0.050061 -0.051154 -0.003564 -0.288550 -0.017579 0.362984 -0.026882 -0.084563 0.134282 0.209110 0.144123 -0.041265 0.244370 0.034706 -0.023767 -0.024681 0.076947 -0.040461 0.299271 -0.079929 -0.015449 -0.156208 0.089710 -0.137178 -0.061819 0.075480 -0.276999 -0.213894 0.057808 -0.074809
competitors 0.035578 -0.070444 -0.056364 0.125432 0.015871 0.099095 0.092975 0.085363 -0.100410 0.019079 -0.201806 0.212671 -0.065144 -0.148475 -0.293231 -0.163973 -0.170768 0.103183 -0.020791 -0.331185 -0.313139 -0.010783 -0.214024 0.048425 -0.089313 0.037927 0.160120 -0.017342 -0.085394 -0.217330 0.092818 0.020497 -0.081181 -0.019714 0.228065 0.164873 -0.104324 -0.190734 -0.102713 -0.151386 0.131215 0.336259 -0.046573 0.056611 -0.019292 0.003169 -0.052360 0.043531 0.069286 -0.075831
compiling -0.169495 0.134814 0.033318 -0.154448 -0.087337 -0.356998 -0.260445 0.221169 -0.006781 -0.124306 0.135467 0.135282 -0.089310 0.195829 0.010239 -0.025838 -0.019022 -0.041023 0.035200 0.020756 -0.155906 -0.271602 -0.202456 0.138068 0.183555 -0.012185 0.276139 0.058126 -0.042853 -0.060807 -0.269113 -0.100615 0.164835 -0.165017 0.078537 -0.050606 -0.075779 -0.156695 -0.014606 -0.257407 0.013563 0.008701 0.064415 0.039653 -0.058970 0.188009 -0.059116 0.035423 -0.048183 -0.043531
compliance -0.026127 0.126512 -0.073428 0.121618 -0.345031 0.030884 0.026954 0.053500 0.035350 0.006333 0.141635 -0.039369 -0.061427 -0.110495 0.108412 -0.307163 -0.056764 0.116540 -0.116222 -0.231940 0.170973 0.042478 -0.048638 -0.155131 -0.158729 -0.000536 0.112581 0.118102 -0.116599 0.091139 -0.065602 0.050153 0.314634 -0.112486 0.003387 -0.176857 -0.100496 -0.035445 0.082001 0.134388 0.014126 0.258451 -0.045587 0.125799 -0.304864 0.115272 0.199197 0.089002 -0.079863 0.219676
comprehensive 0.314261 -0.134123 0.011649 -0.208845 -0.178406 -0.105215 -0.000691 0.066599 -0.021551 0.077182 0.140039 0.068757 -0.075820 0.261645 -0.109311 -0.327949 0.224331 -0.085071 -0.005497 0.262587 0.119128 -0.168991 -0.206972 0.000971 -0.039193 0.000762 0.058151 0.010568 -0.092846 0.185884 -0.006736 0.047889 -0.057458 0.003802 0.012305 0.022007 -0.050071 0.023388 -0.111960 0.121618 -0.026088 -0.066953 -0.182103 0.146065 -0.074275 0.108933 -0.257996 -0.290509 -0.000797 -0.206620
compromised -0.357621 0.171426 -0.107436 -0.127954 -0.128023 0.026957 -0.303725 -0.018705 -0.194157 0.000014 0.125709 -0.135195 0.006056 0.144142 0.276963 -0.044220 -0.014935 0.076215 0.034755 -0.168874 -0.116537 0.203267 0.110390 -0.140498 0.035501 -0.075038 0.058191 0.031339 -0.124298 -0.099505 -0.044581 -0.012407 -0.153712 -0.203149 -0.092418 0.278656 0.310475 0.137565 0.047262 0.002074 0.069648 0.149666 -0.138056 0.090797 -0.050742 -0.071428 -0.099045 0.033222 -0.117801 -0.129749
compulsory -0.280857 -0.249571 0.210786 0.127676 0.117229 0.089337 0.075045 -0.021652 -0.051997 -0.273207 0.029419 0.086173 0.005875 0.300691 -0.068871 0.188737 -0.059083 0.102131 -0.146811 -0.087950 0.006092 0.053015 -0.179008 -0.089224 0.269831 -0.202003 -0.030905 -0.097085 0.114512 0.111882 0.075418 -0.195566 -0.061993 -0.313872 0.040767 0.058776 0.057709 -0.019286 0.088745 0.053962 -0.053219 -0.156321 -0.055762 -0.115887 0.029115 0.002135 0.309845 0.062033 0.033471 0.081283
concealed -0.287546 -0.033300 -0.167263 -0.130066 0.135244 0.169796 -0.076817 -0.073494 -0.136180 -0.017709 -0.096767 0.141443 -0.053137 -0.095995 0.030163 0.136974 0.170432 -0.152594 -0.175135 0.197284 -0.116870 0.040623 0.149548 -0.002873 0.207409 -0.051993 0.106693 0.015445 -0.198770 -0.082255 0.002013 0.158379 0.170767 -0.234004 0.103405 0.046202 -0.119791 0.183917 0.016176 -0.224588 0.142727 0.027306 -0.066144 0.231531 -0.221375 -0.167567 0.226148 0.201290 0.016528 -0.029956
concentration -0.131265 0.027214 0.077458 -0.089105 0.111800 -0.116012 -0.147845 0.140077 0.209435 -0.019732 -0.134088 -0.076546 -0.180955 -0.073394 -0.051048 -0.014212 -0.056997 0.057055 -0.149564 0.228045 0.137676 -0.052010 -0.001330 -0.005708 0.126219 -0.183911 0.020348 0.107628 0.109861 -0.022139 0.071427 0.286819 -0.031979 -0.121398 0.185032 0.268028 0.064723 0.058658 -0.051705 -0.084541 -0.222781 -0.064350 -0.427227 0.022939 -0.089792 0.214009 -0.052828 0.109959 -0.263919 0.113427
concluded -0.120342 0.204434 0.023763 0.036989 0.160951 -0.017831 -0.080509 0.185955 0.044670 0.038429 0.014143 -0.038619 -0.061227 -0.066283 0.084242 0.108237 0.054274 0.005196 -0.011630 0.090216 0.043573 0.036446 0.039774 0.133186 0.196444 0.126229 -0.075428 -0.104231 -0.174835 -0.056754 0.024684 -0.107900 -0.022495 0.200002 0.245282 0.059977 0.012874 -0.146738 0.013585 0.362927 -0.317245 0.489575 0.002622 -0.061915 -0.057267 0.075123 -0.012420 0.256027 0.118939 0.025894
condition -0.041533 -0.096062 -0.062431 -0.013967 0.012112 0.236901 -0.169455 0.082528 -0.054950 0.047662 0.193493 -0.148546 -0.036246 0.255714 0.032057 0.090098 0.322493 -0.210194 -0.355479 0.179578 -0.110005 0.131756 -0.053064 0.027340 -0.022528 -0.143395 -0.118981 -0.048576 -0.006998 -0.204519 0.004464 0.091320 0.219056 -0.110871 -0.033212 -0.016918 0.149260 0.123042 -0.128402 0.037785 -0.002766 0.091442 0.116326 -0.082332 -0.099232 -0.206894 -0.111307 0.096281 0.169372 -0.276032
conducted -0.040059 0.180841 0.212796 0.195631 0.139631 -0.067682 -0.022347 -0.108091 -0.042860 0.019722 -0.183090 -0.069279 -0.076504 -0.038721 -0.180169 -0.120156 -0.138466 0.029704 0.058569 0.248406 -0.319564 -0.064885 -0.198484 0.063012 0.091969 -0.086886 0.003879 -0.152100 0.055812 0.110420 -0.362078 0.004463 -0.033848 0.058826 -0.082632 -0.068622 -0.176392 -0.037460 -0.107209 -0.148574 0.000822 0.252590 -0.223628 0.039295 0.215642 0.117108 -0.185007 0.136053 0.116237 0.080977
confidence -0.033862 -0.123190 -0.009830 -0.048805 0.070143 0.200002 -0.036794 -0.040875 -0.038960 -0.129468 0.131871 -0.083077 0.467108 0.127813 0.128315 -0.182482 -0.115145 -0.050096 0.052601 0.019494 0.017699 0.136113 0.114587 -0.166867 -0.153069 -0.028955 -0.267973 -0.102206 -0.142583 -0.197184 0.079136 -0.076694 -0.207101 0.185097 -0.048554 0.010467 0.047460 0.063172 -0.061098 -0.268784 0.151928 -0.089730 0.000141 -0.143056 0.333429 0.015409 0.043567 -0.122817 -0.072120 -0.052421
confinement 0.063632 0.017840 -0.061009 -0.180411 -0.079187 0.037279 0.081974 0.009421 -0.187014 0.026853 -0.030000 0.146487 0.185890 0.102332 0.039519 -0.182545 0.088826 0.093818 -0.176793 0.236459 0.005278 0.093756 -0.013131 -0.002373 0.190737 -0.068705 0.143122 0.242252 0.181662 -0.134207 -0.020679 0.139131 0.025012 -0.010201 0.089842 -0.070804 0.040900 -0.246451 -0.249530 0.061482 0.101914 0.208016 -0.139850 0.383776 0.137517 -0.216487 -0.067667 0.102866 0.105558 0.219437
conflicts 0.052564 -0.173853 0.301489 -0.120425 -0.002156 0.024198 -0.165118 -0.045522 0.075594 0.073347 0.004461 0.142439 0.026797 -0.024154 0.041753 0.152380 0.051501 -0.113933 0.018618 0.104191 0.134598 0.190563 0.068815 0.083936 0.218560 0.033340 -0.040028 -0.080951 0.169100 -0.085403 -0.063373 -0.179345 -0.080519 0.014715 -0.102330 -0.058009 0.072872 0.038899 -0.005706 -0.271787 0.384094 0.038520 -0.223086 -0.019116 -0.062938 -0.390080 -0.222383 -0.137606 0.027819 -0.161790
conglomerates 0.024750 -0.071689 -0.064936 -0.110214 0.078499 -0.171595 -0.066178 -0.146266 -0.042693 -0.097920 0.277940 -0.047440 0.019402 0.175951 0.076044 0.288719 0.074007 -0.016464 0.161280 -0.129558 -0.087284 0.334044 -0.132582 0.182803 -0.151094 -0.130711 0.011834 0.078340 0.070825 -0.034902 0.145927 -0.150869 -0.088396 -0.114212 -0.092243 0.024537 0.059268 0.022079 0.027421 0.181463 -0.012278 0.187639 0.261314 0.299137 -0.089440 -0.116052 -0.109957 0.106412 -0.289866 -0.014445
congress 0.013885 0.063167 0.245596 0.001653 -0.288031 -0.184896 0.323771 -0.175278 0.057366 0.087279 0.054917 -0.019474 -0.012703 0.042763 0.065932 -0.042080 0.029230 0.015241 0.059976 -0.132765 0.242295 -0.006456 0.140991 0.051051 -0.148193 -0.099700 0.070705 -0.174737 0.017177 0.071458 0.052708 -0.118881 0.112829 0.074668 0.059698 -0.089238 0.252770 -0.116162 -0.145281 -0.239939 0.120783 0.213872 -0.333522 0.187141 0.160383 -0.053996 -0.144052 0.016622 0.026305 -0.155742
congressional 0.130433 -0.053720 0.013357 -0.143854 0.093491 0.031755 0.042485 0.382747 -0.031385 -0.122275 0.278733 0.046125 -0.078933 -0.158964 -0.200046 -0.067657 0.187590 -0.031650 -0.297462 0.106817 -0.010296 -0.229329 -0.095180 0.009109 0.004566 -0.052329 0.070478 0.081918 -0.150359 0.114369 0.078898 0.017188 -0.011377 -0.295338 0.119326 -0.009117 0.203257 -0.060600 0.089608 0.132288 0.144509 0.167787 -0.172496 -0.124031 -0.085006 -0.211916 0.021096 0.018745 0.231191 -0.044863
connects -0.021945 -0.242838 0.038636 0.201953 -0.136284 -0.023202 0.118206 0.398316 -0.121337 0.237751 0.131521 0.058560 -0.173306 -0.089452 -0.078140 0.247186 -0.049886 0.028215 0.055207 -0.009945 -0.113235 -0.117039 0.028274 0.113045 0.228745 -0.051823 -0.139535 -0.000255 0.171013 -0.060393 -0.227715 -0.111938 0.203581 0.017123 -0.093141 0.194482 -0.005656 0.040773 0.234947 0.057253 -0.104872 -0.003857 -0.019812 -0.081101 0.117458 -0.319546 -0.074926 0.017098 -0.030045 0.043781
consensus 0.008461 -0.048609 0.036456 -0.008753 0.015115 -0.072722 -0.021684 0.027702 -0.012771 0.067620 -0.080314 0.051052 -0.043635 -0.008741 0.030304 0.030877 0.091340 0.041031 0.055778 -0.043790 0.234498 0.366584 0.233186 0.243787 0.311297 0.312020 0.379050 0.369437 0.260977 0.307352 -0.013914 0.021842 0.001841 0.044331 0.011691 0.036856 -0.020390 0.015691 0.015746 -0.054247 -0.035000 -0.037648 0.016032 0.042182 0.007164 0.013416 -0.018551 -0.011803 0.055212 0.009808
conservative -0.138379 -0.146634 -0.122202 -0.115315 -0.098556 -0.162276 -0.066045 -0.066102 -0.080817 -0.039423 0.293701 0.243756 0.236613 0.414006 0.175205 0.151295 0.305261 0.239486 0.335981 0.373344 0.010554 -0.083896 -0.002502 0.022735 -0.031809 -0.026773 -0.028475 -0.027626 0.046777 0.015832 0.032922 -0.052799 -0.032103 0.005275 -0.064628 0.045056 -0.013433 0.031654 0.016699 0.064059 -0.000743 0.040958 0.055240 0.040894 -0.059071 0.062952 0.037092 -0.019588 0.054908 -0.007242
consistent -0.149622 -0.118867 0.185270 -0.027005 0.129649 0.062729 0.006480 -0.065578 0.066059 0.297722 -0.154096 -0.086487 0.007239 0.048521 0.127281 0.078138 0.016987 0.007326 0.211838 0.161769 0.265866 -0.080346 0.113898 0.312211 -0.158194 0.132295 -0.075822 -0.126835 0.011167 0.166584 -0.344738 -0.112929 0.212774 -0.104153 0.104219 -0.097793 -0.143884 -0.019991 -0.001525 -0.151526 -0.302249 0.062783 -0.111134 0.069668 -0.046734 -0.098961 0.043316 0.053606 0.032972 -0.143758
consolidation -0.020131 0.008856 -0.239757 -0.056379 -0.155116 -0.003826 -0.027809 0.105464 0.137323 -0.175484 0.219821 -0.019492 0.116199 -0.030991 -0.048585 -0.024393 -0.043611 -0.020295 -0.186414 0.011225 0.171183 -0.306225 0.166464 -0.036727 0.015705 -0.047547 -0.142552 -0.047440 -0.100774 0.027814 -0.118538 0.165587 0.043780 0.120484 0.007953 -0.021193 0.068833 -0.247005 -0.046167 -0.158755 0.019068 0.076345 0.044274 0.035572 0.231221 0.334917 -0.010601 0.341095 0.232368 0.254507
consortium 0.013322 -0.288609 0.123101 -0.239849 0.006972 -0.090669 -0.011158 -0.201173 0.040898 0.039867 -0.081180 0.032394 -0.278159 0.044300 0.147349 -0.004807 -0.139439 0.024441 -0.039667 0.023266 0.178372 -0.149262 -0.026641 0.110538 -0.053887 -0.028323 0.084837 -0.239204 -0.224636 0.153515 -0.052303 -0.096715 -0.087336 0.148884 -0.014948 -0.009790 0.053453 -0.022024 0.156187 -0.060763 -0.227264 -0.036728 -0.055536 -0.060259 -0.451396 -0.051297 -0.183798 0.060802 0.135568 -0.236831
constitution -0.096355 -0.071238 -0.135495 -0.061232 -0.091907 -0.048725 -0.090013 -0.165664 -0.124321 -0.185705 0.405184 0.203410 0.289134 0.340531 0.298741 0.251687 0.203551 0.200549 0.352008 0.228023 0.008451 -0.007382 -0.059923 0.054283 -0.007236 0.035960 0.006715 -0.047419 -0.005891 0.026967 -0.000357 0.073895 0.004816 0.021812 -0.023747 -0.002617 -0.016776 0.082901 -0.036410 -0.044540 0.045447 0.061132 0.075648 -0.036328 0.039763 -0.050305 0.072785 -0.011152 0.037926 0.009428
constitutional -0.094997 -0.062829 -0.115047 -0.104011 -0.087741 -0.128100 -0.110039 -0.113156 -0.088153 -0.154185 0.330453 0.249935 0.256888 0.239038 0.312487 0.275017 0.360551 0.279102 0.254678 0.326027 0.012633 0.006642 0.005522 -0.040708 0.014246 0.037967 -0.005747 0.045193 -0.018885 0.001066 -0.057978 -0.009552 0.001971 0.012033 0.040694 0.018252 -0.004583 0.085022 0.053030 0.006634 0.020756 -0.020539 0.068888 0.053851 -0.018997 -0.041792 0.049932 -0.009316 0.020702 0.000040
constraints 0.004419 -0.171581 0.130974 0.244793 0.171101 -0.004613 0.060028 0.214983 0.103407 0.114929 0.063773 0.055239 -0.007606 0.096485 -0.089092 0.119700 -0.055648 0.031199 0.033054 -0.180551 0.104369 0.030869 -0.072907 -0.354643 -0.146666 0.030252 0.030041 -0.052128 -0.240751 0.018219 0.046676 0.002088 0.045637 -0.025826 0.348780 0.228770 -0.127815 0.071772 0.030830 0.228949 -0.078522 -0.006562 0.262708 0.031470 0.153679 -0.027096 -0.338038 -0.123853 -0.042770 -0.029691
construction -0.020548 -0.191097 -0.111398 -0.068620 0.038950 0.021600 0.061171 0.198443 0.243672 -0.120818 0.022333 0.071393 0.036706 0.055553 -0.240771 0.036539 -0.030183 -0.101841 -0.115407 0.023634 -0.091907 0.229785 -0.018461 -0.269262 -0.255547 0.230568 -0.062971 0.163876 0.098608 0.090605 -0.019696 0.017576 0.064523 -0.039108 0.043273 0.051959 0.051159 0.121929 0.101127 -0.009078 0.043125 0.181860 0.018948 -0.065746 0.070754 -0.079394 0.359384 -0.251009 -0.359052 -0.142475
consumer 0.147771 0.082068 -0.040096 0.046992 -0.162480 -0.083993 -0.117507 0.051973 -0.012371 -0.026490 -0.391375 0.189283 -0.173176 -0.001297 0.212687 -0.152302 -0.059041 0.278795 -0.026701 0.325070 -0.018593 -0.227225 0.057773 0.029776 -0.027153 0.043099 0.162701 -0.022216 -0.076753 -0.293254 0.188093 -0.043907 0.137940 -0.149652 0.089673 0.027246 0.061263 -0.103561 0.195850 -0.058673 -0.042052 0.026264 -0.103166 -0.035194 0.123405 -0.224205 0.077245 -0.085664 0.156297 0.052529
consumers 0.036391 0.025576 0.410579 -0.128139 0.127555 0.088296 0.087536 0.141523 -0.020903 -0.055714 -0.143956 -0.024502 -0.177515 -0.009810 -0.074585 -0.187337 0.140043 -0.007689 -0.092858 0.408357 -0.081444 0.237975 0.047726 0.178584 0.015962 0.005228 0.089851 -0.046237 0.050187 0.225773 -0.074975 -0.059712 0.028313 -0.045865 0.206726 0.048734 0.198055 0.066038 0.093479 0.172411 -0.043385 0.078231 -0.049941 0.044457 -0.044413 0.049558 0.207327 0.094660 0.209585 -0.235888
contaminate -0.024518 0.116342 0.088123 0.110769 0.167851 0.130271 0.001497 0.047603 -0.000539 0.222031 0.151333 0.152073 0.258627 -0.006743 0.084460 -0.088380 -0.143390 -0.242712 0.317745 0.095216 -0.039338 0.098102 -0.067189 0.192169 -0.074801 -0.083332 0.143484 0.129130 -0.102364 0.044450 -0.096952 -0.090332 0.165351 0.034865 -0.075685 -0.006966 -0.209986 0.080779 -0.205140 0.256921 0.277372 -0.107788 0.124170 0.119359 -0.079630 -0.061242 0.170023 -0.114136 0.232291 0.045132
contingency 0.111999 0.120623 -0.025503 -0.017354 0.134142 -0.062643 0.044617 0.054382 0.052791 -0.150385 0.017498 -0.038143 -0.122579 0.064162 -0.220531 0.059813 -0.094328 -0.019467 0.148916 -0.158822 -0.069133 -0.023284 -0.141516 0.213264 -0.105152 0.095177 0.113996 0.106299 0.213772 0.069429 0.047112 0.109325 -0.154015 0.131615 -0.283583 -0.050898 -0.161398 -0.315327 -0.017071 -0.292498 -0.014817 -0.066131 0.009622 -0.309257 -0.173362 0.077287 -0.137125 0.062286 0.270185 0.206270
continue 0.153571 0.140364 -0.062265 0.079068 0.173043 0.071728 0.119165 -0.038184 -0.095957 0.038925 0.175664 -0.067372 -0.244823 0.007810 0.037507 -0.094236 -0.063602 0.042356 0.190076 0.437278 0.037008 -0.079325 0.027002 -0.310489 0.098797 0.001788 0.209370 0.104167 0.144485 0.130120 -0.014143 -0.237652 0.176413 0.118472 0.061652 -0.159685 0.128812 0.116046 0.024466 0.046710 0.045075 -0.042617 0.141486 0.195027 0.069144 0.258075 -0.039334 -0.083483 -0.114600 0.142442
contracts 0.002336 0.031520 0.114933 -0.098996 0.237589 0.130470 0.024902 -0.004834 0.130289 0.113007 0.104810 0.108268 0.060618 -0.009714 0.084465 -0.052160 -0.227044 -0.007222 -0.337526 -0.147599 -0.042804 0.079409 0.159236 0.027623 -0.031972 0.099756 -0.037888 -0.051084 0.116308 0.134974 -0.047273 -0.090977 0.243521 0.203821 -0.287246 0.330441 -0.154836 -0.121620 -0.082264 0.157254 0.083357 -0.054922 0.215916 -0.093675 0.181057 -0.115111 0.120294 -0.253348 0.016610 0.061844
contrasting -0.069896 0.027135 -0.202252 0.071865 0.336969 0.130330 0.071419 -0.022420 0.056550 -0.056106 0.078100 0.015422 -0.541281 -0.060737 -0.068568 0.018039 -0.004353 0.020083 -0.095558 -0.047230 -0.033847 -0.065526 -0.129993 0.025308 0.009987 0.138401 -0.047095 -0.166411 -0.154222 -0.009690 -0.051964 -0.008792 0.151795 -0.078763 -0.077964 -0.107453 -0.201514 0.009952 -0.202199 0.161150 0.024200 0.011165 -0.128630 -0.024622 -0.098762 -0.047627 0.228471 0.194393 0.326915 -0.077634
contribute 0.048697 -0.123291 -0.285762 -0.055586 -0.122142 0.146201 -0.119927 0.089190 0.344647 -0.093973 -0.067130 0.050220 -0.016384 0.268582 -0.112387 0.052727 0.219762 -0.179315 -0.045576 -0.270200 0.191707 0.014412 0.057057 0.215203 -0.028322 0.231995 0.023610 -0.067559 0.021939 0.041987 0.083586 0.068022 -0.054410 -0.054787 0.248469 0.111889 -0.188097 -0.012466 -0.211515 0.169454 0.237727 0.060616 -0.094698 -0.128200 0.030916 -0.122414 0.026444 0.062692 -0.055768 0.049459
contributed 0.051855 0.083951 -0.071062 -0.021517 -0.010109 0.222596 0.065182 -0.017679 0.279196 0.065155 -0.057615 0.049406 -0.148505 -0.078693 0.147821 0.088181 -0.300677 -0.127257 0.089453 -0.273317 0.199708 0.286146 0.063502 -0.164353 -0.057412 -0.000607 -0.058900 0.034228 0.337473 0.000752 0.185996 0.133913 -0.017886 0.137390 -0.150067 -0.153110 -0.165469 0.063127 -0.089007 -0.044136 -0.026232 0.167653 0.070400 0.018262 0.162718 -0.037643 0.177289 -0.102267 0.004016 -0.240758
control -0.017451 0.045508 -0.099428 -0.250472 0.065671 -0.106135 -0.080248 -0.009988 0.056675 0.178589 0.035626 -0.015028 -0.214371 -0.060452 -0.075819 0.157344 -0.055076 -0.149635 0.175384 0.226019 -0.153404 0.101723 0.021544 0.207489 -0.112187 0.132776 -0.071229 -0.226043 0.184892 0.196642 -0.003594 -0.210144 0.212143 -0.047136 -0.056825 -0.210195 -0.082086 0.288444 0.146082 -0.249389 -0.024503 0.095484 -0.231907 -0.107442 -0.110421 -0.021743 -0.069193 0.132209 0.085732 0.112513
controls -0.054708 -0.049050 -0.119579 -0.174503 -0.128697 -0.048856 0.130858 0.068681 -0.205256 -0.118233 -0.022968 0.067936 -0.075971 0.041410 -0.055059 -0.180280 0.177773 -0.171617 0.016906 -0.224415 -0.064810 0.228671 0.098839 0.024647 0.003101 0.052746 -0.256406 0.049515 -0.089779 0.054412 0.042920 0.112834 -0.064656 -0.268605 -0.110242 -0.222706 -0.057617 0.062992 0.237764 -0.087298 0.310299 0.078499 0.096223 0.092141 -0.105452 0.289294 -0.030263 0.030589 -0.096616 -0.306467
cooling 0.051717 -0.263002 -0.281585 0.140856 0.133709 0.048873 0.097020 0.059836 -0.158943 0.042368 -0.100643 0.037231 0.055954 -0.303630 0.044995 0.050748 0.017791 -0.134527 -0.065950 0.148989 -0.136619 0.228278 -0.007985 -0.254679 0.041744 -0.090896 0.091397 -0.322680 0.113278 -0.019818 0.088907 -0.032665 -0.020460 0.045020 0.063449 -0.208247 0.100225 -0.012114 -0.101264 -0.129265 0.084247 -0.318062 0.084586 0.058120 0.166489 0.036366 -0.304414 -0.004860 0.048694 0.045184
cooperation 0.081750 0.041461 0.020003 0.145369 -0.168186 0.085999 -0.016540 -0.017254 -0.071772 -0.033943 -0.175417 -0.082869 -0.147307 -0.007112 -0.359159 -0.032264 0.219468 0.055042 0.162511 0.022407 0.051240 -0.028197 0.081366 -0.084072 0.021066 -0.209235 -0.125941 -0.230211 -0.008592 -0.034384 0.396830 0.036360 -0.096678 -0.018096 -0.144951 -0.040316 -0.022822 0.248901 -0.035273 -0.054095 -0.115007 0.225994 0.084282 0.072185 0.081650 -0.054872 0.071133 0.351904 -0.121197 -0.202246
coordinated -0.078434 0.266924 0.071167 -0.217331 0.160220 0.033278 -0.067994 0.141691 -0.046567 -0.077043 0.110920 0.113220 -0.035737 0.024002 0.086620 0.049674 -0.196921 -0.161412 -0.028092 0.147404 0.086583 0.203217 -0.157269 -0.057829 -0.127564 0.210076 0.249552 -0.197196 0.005948 -0.132958 0.177450 -0.089615 0.048037 -0.026235 0.040541 0.014459 0.020304 0.141115 -0.058352 -0.197934 0.024561 -0.034476 0.213385 0.314782 -0.110986 0.222533 0.125910 -0.122970 -0.280888 -0.069812
coordinating -0.152792 0.162906 -0.060533 -0.013971 0.113192 -0.073876 -0.169191 0.286866 0.087907 0.003852 0.087556 0.049977 0.071776 -0.236509 0.131628 -0.012704 0.174158 0.365758 -0.043783 -0.143743 -0.025375 -0.000289 0.063961 -0.003450 -0.216954 -0.087612 -0.287905 -0.056446 0.004614 0.019368 0.193108 -0.111153 -0.064013 -0.113570 -0.083238 0.031546 0.176154 0.118111 0.054028 0.221441 -0.053059 -0.143168 0.099443 0.146235 0.012882 0.307201 0.189532 -0.103830 0.109129 -0.093252
core -0.117297 0.063165 0.182248 -0.194408 -0.084155 -0.007406 0.100073 -0.226005 -0.151704 -0.185597 -0.048641 0.087809 -0.076713 -0.070416 0.142311 0.214448 -0.272350 -0.071738 -0.132182 0.032722 -0.104102 0.183392 0.203798 0.001614 0.102420 -0.171062 -0.009112 0.084142 0.069783 0.269353 0.027897 0.312892 -0.035428 -0.063502 0.227191 0.028660 0.018376 -0.014318 0.287582 -0.126794 0.169820 0.184667 -0.079082 -0.127950 -0.101048 -0.064175 -0.027847 -0.037693 -0.152565 -0.095352
corporate -0.180442 -0.198649 0.011171 -0.096663 -0.006364 0.018699 -0.035610 -0.202875 0.270788 0.063504 -0.251385 -0.240485 -0.039878 -0.037919 0.121228 -0.265014 0.136537 -0.178580 0.109509 -0.089966 -0.114331 0.018086 -0.139113 0.230949 -0.084203 -0.063659 0.059554 -0.025399 -0.004502 0.035363 0.096100 0.099935 -0.058049 0.223579 0.097808 0.171726 -0.143653 -0.093272 0.144071 0.125933 -0.151584 -0.247379 0.017403 0.016414 0.037739 0.006608 -0.225769 -0.280333 0.143690 0.045079
corporation -0.072760 -0.013006 0.273777 0.069952 -0.122553 -0.175493 0.255931 0.007174 0.009890 -0.067158 -0.059049 -0.104753 0.063061 -0.091069 0.115633 0.108380 -0.033866 -0.291312 0.064874 -0.111339 -0.273917 -0.118378 0.062715 0.076037 0.144034 -0.156627 -0.005516 0.063545 -0.022313 -0.137919 -0.211201 0.006892 -0.185609 0.037143 -0.163419 0.089332 0.263827 0.066438 0.147997 0.116762 -0.114797 0.234823 0.275272 0.046094 0.154741 -0.206180 -0.002116 -0.152629 -0.099039 0.078217
corporations 0.303048 0.238871 0.300642 0.250878 0.336564 0.212345 0.305626 0.348137 0.277790 0.220110 -0.076298 -0.148477 -0.140922 -0.025341 -0.143072 -0.214021 -0.087182 -0.140714 -0.106733 -0.122499 0.001460 -0.020856 0.045183 -0.026063 0.015588 0.032411 -0.000135 0.036066 -0.053447 -0.016354 0.007666 0.019367 -0.052198 0.000144 -0.000758 -0.042187 0.020498 -0.027212 0.049557 0.017193 0.072976 0.037791 -0.011388 0.042054 -0.005565 -0.046976 -0.024710 0.020904 0.032735 0.003526
correctional -0.140894 0.105536 0.053716 -0.318707 -0.004547 0.053673 0.256487 0.048560 0.144639 -0.012233 -0.135214 0.003878 -0.031448 0.341684 0.064619 -0.058133 -0.076249 0.051009 0.137843 -0.030557 0.083672 0.072890 0.076813 0.034020 -0.118220 -0.100654 -0.075029 -0.285064 -0.100312 -0.085377 -0.027382 -0.088424 0.295750 -0.069426 -0.035663 -0.079158 0.345663 -0.046245 -0.023414 -0.071867 -0.012925 -0.154012 0.015539 0.022093 -0.257757 -0.036051 -0.297920 -0.124134 -0.051664 0.133627
corridor 0.041236 0.024527 0.073107 -0.067976 0.091174 0.099469 0.174857 -0.113327 0.028404 0.089797 -0.094284 -0.008684 -0.091170 0.082573 0.059007 -0.025428 0.271326 -0.136074 0.178122 -0.013455 -0.047200 -0.143359 0.256127 0.351402 -0.193907 -0.033778 -0.278103 -0.060706 -0.178845 0.001751 -0.124782 0.114159 -0.050442 0.156387 0.028764 -0.165786 -0.284938 -0.198489 -0.124299 0.032348 0.313557 -0.042801 0.073869 0.080873 0.102255 -0.198513 -0.049807 0.031860 0.039940 -0.115106
corrode -0.023506 -0.055967 -0.015928 -0.094907 -0.161928 -0.248923 0.171884 0.037521 0.049391 0.056000 -0.004473 0.087463 0.097850 -0.097533 -0.176735 -0.289107 -0.113603 -0.002510 -0.193836 -0.274146 0.124949 -0.164995 0.052796 0.257105 0.171438 0.100937 -0.077879 0.062141 0.021525 0.120947 0.061997 0.088977 -0.140117 0.144826 -0.124126 -0.155664 0.087942 -0.270727 0.232969 -0.284854 -0.008925 0.004861 -0.085487 -0.036916 -0.158575 -0.068982 -0.077789 0.158882 0.109801 0.168302
cost 0.225613 0.137458 0.246810 -0.144560 0.112511 -0.230787 -0.331290 -0.108293 -0.056948 -0.089623 -0.092571 -0.054369 0.023507 0.032723 -0.039108 0.060038 -0.121363 0.280571 -0.292236 0.082734 -0.015741 0.008962 0.168360 -0.158460 -0.212891 0.033057 -0.098818 -0.156280 -0.123916 0.052129 0.058515 0.099186 0.017392 -0.151545 -0.110479 -0.125112 -0.204573 -0.174593 0.017000 -0.262074 0.071168 0.096478 -0.091338 -0.216028 -0.030114 -0.053501 -0.094110 0.015299 0.072956 0.004178
costs -0.103972 -0.078466 -0.240118 -0.065269 -0.004024 0.029606 0.135197 -0.172749 -0.159626 0.091393 0.029340 -0.002207 0.040016 0.024005 0.048154 0.215472 0.151103 -0.057313 -0.255878 -0.383637 0.190535 0.014550 -0.073378 0.333445 -0.080808 0.058785 -0.246142 -0.150843 0.248674 0.059442 -0.099505 0.096140 -0.035877 0.018660 -0.162081 0.033205 0.141400 -0.327000 -0.080193 0.099734 0.027775 0.163994 0.049638 0.035286 -0.014239 0.068748 0.035000 -0.017348 -0.068387 -0.044384
could -0.089124 -0.028033 -0.020139 -0.087877 0.048064 -0.041755 -0.240650 0.038650 -0.236109 0.281099 0.017353 -0.139936 0.175018 -0.091777 0.210667 -0.175037 -0.028808 0.031906 -0.029923 -0.107970 0.046627 -0.082751 -0.158797 0.202129 0.235474 -0.101560 0.124522 -0.273918 0.003016 0.298005 -0.122689 0.091200 0.045750 0.183127 0.139454 0.246815 0.068709 -0.050311 0.079323 -0.089236 0.089423 -0.091440 -0.153952 -0.062316 0.033081 0.077534 0.187829 0.231063 0.125547 -0.001618
counter -0.300313 0.005193 -0.018208 0.218984 0.061725 0.041786 0.100831 -0.008453 -0.076550 0.034478 0.169568 -0.016167 0.064136 0.113829 -0.078864 -0.038420 0.316515 -0.143567 0.147815 0.061865 -0.151877 0.001464 0.036376 0.028885 -0.096436 -0.113151 -0.215212 -0.304006 -0.160072 -0.202233 0.097593 -0.016843 0.110861 -0.032745 -0.107862 0.029234 0.072874 -0.039112 0.266141 -0.155089 0.053290 0.222232 -0.209308 0.067994 0.101252 0.207209 0.194857 0.038903 0.042959 -0.230782
counties -0.001621 0.299071 0.034510 0.121289 0.023965 -0.178092 -0.157808 -0.251641 -0.105978 -0.153894 -0.099167 -0.099937 -0.120739 -0.073836 -0.117637 -0.022226 0.056444 -0.002649 -0.053360 0.162809 -0.127478 -0.018050 0.026694 -0.123789 -0.009587 0.290539 0.244995 -0.055996 -0.225889 -0.016019 0.322055 -0.145077 0.058458 -0.075057 0.073630 0.145013 -0.168307 -0.085505 0.159727 -0.080284 0.009965 -0.169465 -0.071977 0.059045 0.090195 -0.033442 0.075312 0.134197 -0.161615 -0.310690
countries 0.030338 0.113415 -0.126656 -0.036637 -0.017978 0.129282 -0.042013 0.033709 -0.129459 0.163672 0.358817 -0.049072 0.130825 -0.060046 -0.380729 -0.132778 -0.130702 0.144234 -0.077051 0.078482 -0.248703 -0.004557 0.103851 -0.189469 -0.074846 0.217514 0.024933 0.009026 0.024349 0.226328 0.080391 -0.038213 -0.101642 -0.066884 0.084007 -0.015064 0.158150 0.015546 0.216617 -0.116276 0.009519 -0.229590 -0.013492 -0.136053 0.014206 -0.199803 -0.234376 -0.085310 -0.050769 0.186535
court -0.017413 -0.114910 -0.117238 0.414744 0.085785 0.080307 -0.139295 0.067297 0.059433 -0.013907 -0.074167 -0.144682 0.030972 0.128391 -0.122240 -0.050403 0.129633 -0.103414 -0.154594 0.189896 0.285176 -0.181161 0.257146 -0.037187 -0.046935 -0.150526 0.119387 0.033032 0.043253 -0.037084 -0.125533 -0.143736 -0.095865 0.012323 0.086273 -0.226245 -0.141536 0.078955 0.026798 -0.009060 0.034348 0.013995 -0.388242 0.028245 0.155840 -0.008958 -0.038919 -0.061560 -0.096436 0.249026
coverage 0.102719 0.331494 0.190369 0.173420 0.110723 -0.041091 -0.266200 0.034605 -0.135638 -0.114555 -0.096537 0.231065 0.058628 -0.005879 -0.017528 -0.082138 0.004277 0.205734 0.000043 0.049527 -0.051688 -0.190660 0.004577 0.065986 -0.093453 0.152057 -0.172036 -0.076186 -0.243432 0.125956 0.271453 0.075307 -0.230148 -0.092536 0.146329 -0.046907 0.003920 0.049914 0.154636 0.050482 0.094519 -0.259983 -0.169723 0.003978 0.035706 -0.174215 0.119828 -0.045083 0.043673 -0.207765
create 0.261877 -0.165742 0.166196 0.144855 -0.054334 0.121038 -0.137364 -0.111153 -0.073623 -0.225626 -0.098452 -0.102843 -0.063666 0.095374 0.232489 -0.209636 -0.113596 -0.043414 -0.271629 -0.064999 -0.136822 0.001331 0.103239 0.052138 -0.203122 -0.003529 -0.003954 -0.177504 0.119152 -0.188915 -0.170964 -0.006502 -0.261789 -0.069968 -0.199278 0.129531 0.015278 -0.099249 -0.071685 -0.127077 0.041046 -0.100915 -0.028484 0.093604 0.087014 -0.123611 -0.088457 0.089766 -0.321545 -0.130660
creates -0.188503 0.013009 -0.173558 -0.340434 0.298300 0.025179 -0.046065 0.060707 0.113098 0.006002 -0.113850 -0.099074 -0.129702 -0.167902 0.037677 -0.107785 0.084087 -0.317451 0.125722 0.167231 0.132368 -0.167835 0.100476 0.067119 0.100661 -0.018402 -0.145030 -0.167243 0.235200 -0.112524 0.000109 0.048420 0.098304 -0.060325 0.146310 0.108319 -0.076269 -0.177570 -0.287130 0.004810 0.016254 0.061008 -0.017697 0.130140 0.058272 -0.000292 -0.046605 -0.280041 -0.089194 -0.089732
creators -0.029354 -0.107344 -0.247138 0.017300 -0.057169 0.067162 -0.082246 -0.064379 -0.117496 0.063803 0.089521 -0.276448 0.065905 -0.211028 0.052436 -0.187548 -0.184357 -0.076976 -0.069431 -0.028171 -0.192222 0.081516 -0.190531 0.065442 0.175541 0.137955 -0.128439 0.267531 0.069053 -0.044200 0.331983 -0.024089 -0.082852 0.114604 -0.056195 0.059792 -0.293041 0.149490 -0.024808 0.057044 -0.120069 0.105281 -0.302367 0.197696 -0.029626 0.124783 -0.055365 -0.120780 0.035222 0.055922
credit 0.008268 0.171324 -0.228699 0.222587 -0.120771 0.237461 0.003455 -0.160606 0.142298 -0.030456 0.121514 0.063645 0.062803 -0.055759 0.088430 -0.100241 0.067435 0.094696 -0.153571 -0.166629 0.098219 -0.001963 0.026914 -0.214726 -0.001123 -0.138927 0.179641 0.041142 -0.065350 0.220600 0.102338 0.124126 -0.168600 -0.049690 0.332183 0.128782 -0.291319 0.137965 0.045658 0.002174 -0.014708 0.158954 0.184420 0.023652 0.030879 0.130649 -0.029747 -0.270700 -0.138776 -0.135263
credits -0.010301 -0.034493 0.218601 -0.180683 0.011659 0.022366 -0.157370 0.071084 0.044683 0.027913 0.423031 0.130826 -0.131444 0.020158 0.135786 -0.090075 -0.064319 0.269872 -0.064817 0.213498 -0.175666 0.117608 -0.005096 -0.072766 -0.147998 -0.098004 0.008030 0.049631 -0.108952 -0.304816 0.018775 -0.197734 0.026138 0.122498 -0.078295 -0.147444 -0.134790 0.045658 -0.034259 0.116274 -0.084521 0.120844 -0.203148 -0.125309 0.112901 -0.049684 0.227481 0.014479 0.014598 -0.255137
crime -0.206229 -0.028187 -0.092195 -0.266813 -0.101176 -0.093561 0.033249 -0.097406 -0.128578 0.312466 0.055311 -0.100615 -0.089976 0.127495 0.232402 -0.124855 -0.243927 0.116675 0.131426 0.149486 -0.008973 0.049381 0.170782 -0.035781 -0.025336 -0.012824 0.145235 0.087631 -0.210500 -0.064300 -0.063785 -0.052040 0.222499 0.037494 0.010425 -0.010480 0.029498 -0.092000 0.139617 0.312586 -0.036714 -0.015131 -0.286903 -0.051038 -0.124014 -0.104268 -0.181384 0.149422 0.054544 0.216768
criminal -0.073137 -0.007404 0.065227 -0.272783 -0.216290 -0.044304 -0.075192 -0.019436 -0.143909 0.015503 -0.040726 0.117778 -0.163743 0.213453 -0.224429 -0.236981 -0.144708 -0.020076 -0.104471 0.136308 0.174235 -0.082592 0.233008 -0.125718 0.088774 0.325372 0.107609 -0.115283 -0.019355 0.064584 0.029132 -0.066117 -0.205465 0.181936 0.003456 -0.136456 -0.116275 0.120121 -0.147139 -0.054605 0.170122 0.121649 0.098580 0.140067 -0.153679 0.115006 -0.065972 -0.027309 0.039044 -0.276049
criminals 0.152819 0.026634 -0.212392 0.049723 0.048175 0.155540 -0.022732 -0.064759 0.033471 0.146900 0.003864 0.172507 -0.064748 -0.006188 0.061989 0.224375 -0.139201 -0.035184 -0.152282 -0.119049 -0.060430 -0.110813 0.034526 -0.030594 0.115587 0.055647 -0.045888 -0.080291 0.159101 -0.081876 0.102664 -0.199316 -0.264512 0.116437 0.181983 0.083323 -0.077097 0.125953 0.120353 -0.065324 0.038081 0.283113 -0.427151 -0.006294 0.007000 0.074125 0.191925 0.308917 -0.154066 -0.114543
crippling -0.072483 -0.065673 -0.221450 0.101607 -0.153563 0.144179 -0.067295 0.065154 -0.232985 -0.108235 -0.024075 -0.219163 0.174772 0.146059 -0.101690 -0.095104 0.299080 -0.069336 -0.217386 0.205814 0.036092 0.097158 -0.143635 -0.072522 -0.128219 -0.053608 0.075488 0.123840 0.187095 -0.077663 0.280186 0.126136 0.010490 0.076645 -0.004796 -0.353596 -0.160447 0.117130 -0.063998 0.121638 0.145572 0.079527 0.030759 -0.009665 0.078823 -0.094055 -0.030164 -0.163936 0.015930 -0.186291
crisis 0.053543 -0.189827 0.301547 0.035420 0.193448 -0.075291 -0.024690 -0.004096 -0.023116 -0.193615 -0.093412 0.156548 0.088212 -0.206483 0.136752 -0.290590 0.017470 0.098954 0.040582 0.011621 0.002781 0.231189 0.119970 -0.335437 0.125846 -0.157603 -0.066089 0.073905 -0.003191 0.053579 0.085005 0.120379 0.059106 0.019200 0.052002 -0.138522 -0.041175 -0.056800 0.053788 0.174684 -0.101388 0.341358 -0.181537 -0.072264 -0.073498 -0.126339 -0.145578 -0.177998 0.155051 0.075406
critical -0.026029 -0.279255 -0.132283 -0.122449 0.202427 0.014309 -0.068531 0.093080 -0.087791 -0.189523 -0.016843 0.242290 -0.010024 0.129716 0.091365 0.141366 0.125659 -0.110746 0.083326 0.083226 0.101651 -0.101256 0.075583 0.127760 0.070836 0.246621 0.213093 -0.001543 -0.049283 0.021327 0.095995 -0.097806 0.180144 -0.022666 -0.169611 0.167409 0.167734 -0.135234 -0.134307 -0.199778 -0.273062 -0.221659 -0.194522 0.070856 -0.254901 -0.071635 0.033706 0.155288 0.032515 0.108949
cross -0.001437 -0.123291 0.076090 0.194248 0.069293 0.046897 -0.274570 -0.167520 0.229808 0.110810 -0.064229 -0.141508 -0.236297 -0.078004 -0.186724 -0.163550 -0.005469 0.238236 -0.033254 -0.067474 -0.055122 -0.068512 -0.188288 0.093239 0.014850 -0.114618 0.012540 -0.244657 -0.024941 0.106708 0.054136 -0.193511 -0.024673 0.008019 0.031776 0.213026 -0.164078 -0.017510 0.118607 0.092696 0.182208 -0.027988 -0.005040 -0.335958 0.191457 0.193401 0.177100 -0.086009 0.033213 0.142178
crossed -0.040590 -0.287050 0.250832 -0.279753 -0.020363 0.204810 0.079438 -0.050214 0.180272 0.145493 0.132640 0.044916 -0.101062 0.238129 -0.152891 0.225459 -0.043062 -0.217083 -0.114282 -0.106904 0.021305 -0.030823 -0.079273 0.018363 -0.217978 -0.077332 -0.039456 0.006358 0.192384 -0.103673 0.018154 0.193768 -0.142315 -0.037994 -0.021042 -0.183791 -0.098003 0.090058 0.278383 0.149313 -0.028253 -0.074806 0.210493 -0.041018 0.164693 0.030918 -0.035526 0.069809 0.111212 -0.120688
crucial 0.005031 -0.031029 -0.005937 -0.025535 0.071518 -0.164163 -0.262250 0.108605 -0.156231 0.058651 0.073785 0.099531 0.068540 -0.293160 0.137395 0.005935 -0.083738 0.069205 -0.032074 0.055411 -0.193261 0.076458 0.016002 0.051274 -0.024151 0.083040 -0.224079 -0.136171 -0.005436 -0.199955 0.013919 0.014729 0.196211 0.072932 0.129152 0.062706 0.162961 -0.160080 0.151921 -0.322760 0.242198 0.162648 -0.039415 -0.134862 -0.148870 0.046283 0.027438 -0.376126 0.056354 0.189413
cruel 0.098993 0.200852 0.116279 0.013927 -0.036980 0.129389 -0.016929 0.168344 0.215031 -0.089182 -0.064302 -0.123702 0.048417 0.232583 -0.014909 -0.050866 0.088788 0.111977 0.167997 0.000998 -0.133936 0.100698 -0.144576 -0.239333 0.033297 0.045397 0.034662 -0.219890 0.199909 -0.340476 -0.014172 0.037437 -0.235293 -0.060759 -0.079931 -0.135954 0.143773 -0.107816 -0.370169 0.046342 -0.132986 -0.070018 -0.123366 -0.007255 0.037465 0.285648 -0.007824 -0.057379 -0.108612 0.003080
crush 0.124362 0.122084 0.056244 -0.083157 0.194373 0.113043 -0.009235 0.036824 -0.188508 0.122763 -0.063081 -0.076783 -0.044751 -0.010554 0.131111 0.044168 0.161081 -0.094838 -0.214435 0.065381 0.089650 0.063868 0.060934 -0.216625 0.093718 0.041540 -0.173979 0.014231 -0.035255 0.188709 -0.094280 -0.244368 0.168798 -0.206283 0.145297 -0.174294 -0.207077 0.110286 -0.173767 -0.159696 -0.243446 -0.099219 0.180190 -0.160658 0.241871 -0.144855 0.141961 -0.007694 0.207511 -0.167325
crushed -0.077224 -0.035494 0.073631 -0.188125 0.038420 -0.187298 0.028052 -0.223604 -0.039255 0.049511 -0.043432 -0.041698 0.150130 -0.137593 0.117759 -0.116194 -0.105396 -0.114914 -0.062599 -0.180232 0.384729 0.116003 -0.102024 -0.033348 -0.159355 -0.076976 0.279467 -0.219564 0.109177 -0.011406 0.098992 0.042738 -0.136964 0.158040 0.183850 -0.259955 0.166734 -0.149122 -0.052608 -0.135432 -0.010899 0.164393 -0.191000 0.058321 -0.038405 -0.189694 -0.027976 -0.173119 -0.132370 -0.064269
crushing -0.061274 -0.011307 0.120438 0.115154 -0.238905 -0.326322 0.077840 0.091564 0.064026 0.086322 -0.024336 -0.077737 -0.159512 0.078934 -0.112426 -0.249659 -0.063521 0.029848 0.095769 0.134886 0.043847 -0.022254 -0.123746 -0.200417 0.206808 0.200084 0.146670 -0.264586 0.062141 -0.223311 0.054066 -0.074437 -0.048819 -0.050758 -0.182748 0.161406 -0.248500 0.204699 -0.215822 0.037336 0.227779 0.064204 0.117854 0.031788 0.197793 0.062286 0.007572 0.000377 -0.088809 -0.030432
cryptocurrency -0.179771 0.047431 0.206592 0.140387 0.293932 -0.011068 0.085471 0.047791 0.126348 -0.114252 -0.323469 -0.071251 -0.151309 -0.132082 -0.133066 -0.013452 -0.246181 -0.006965 -0.087036 -0.021514 0.117987 0.004535 0.104330 0.071621 -0.103573 0.265457 0.017900 -0.198097 0.075570 0.179782 -0.098213 0.099959 0.031667 -0.141106 0.162596 0.017463 -0.023150 -0.019430 -0.066747 -0.068693 -0.346063 0.168713 0.088147 -0.225105 -0.231009 0.068954 -0.036624 -0.091746 0.000606 -0.024886
culture -0.125651 0.178537 -0.362622 -0.050134 0.186144 -0.212290 0.187579 0.056828 -0.018716 -0.000299 0.018385 -0.224962 -0.031477 0.179880 -0.006974 -0.070374 -0.030119 -0.078964 0.198214 0.202557 0.135615 0.064801 -0.343634 0.220393 -0.031544 -0.056181 0.135295 -0.062063 -0.049924 0.122498 0.209259 -0.141248 -0.159063 0.033298 0.109697 0.001428 0.218428 0.046834 0.005676 0.005980 0.031979 -0.109810 -0.129990 -0.097504 -0.103745 0.057983 -0.089436 0.084138 -0.207181 0.162068
cures 0.011574 0.053433 0.141612 0.127761 0.108757 0.127120 0.097843 -0.027486 0.160010 -0.174825 0.070438 -0.192594 -0.093251 0.102094 -0.101750 0.045966 -0.107042 -0.210314 0.025378 -0.200416 0.033827 -0.086034 0.285627 -0.205402 0.060560 -0.156370 -0.024550 -0.233438 -0.009439 0.252211 0.113840 -0.240471 -0.013075 -0.142331 0.050960 0.062481 -0.223713 0.053762 0.267444 -0.282540 0.012455 -0.039757 -0.222309 -0.086954 -0.220184 -0.017418 0.020518 0.000910 -0.072119 0.040549
currency -0.199779 0.072151 -0.128847 -0.117957 -0.038061 0.083545 -0.177537 -0.059761 0.031010 -0.270665 0.038221 0.102049 -0.035724 0.241375 -0.081640 0.083937 0.148139 -0.002890 0.167730 -0.003835 -0.015807 0.191966 0.070994 -0.095813 -0.041845 0.169654 -0.065555 0.120700 -0.138532 0.064861 -0.067985 0.081725 -0.191592 -0.186553 -0.042354 -0.120184 0.235973 -0.086958 -0.048514 -0.375945 -0.062270 -0.011954 -0.012655 -0.150242 -0.232027 -0.032032 0.336388 0.085516 -0.181187 -0.079921
curricula 0.134945 0.162826 -0.106468 -0.091030 -0.158942 -0.004279 0.256308 -0.139459 0.071289 0.091218 0.071131 0.259910 -0.234816 -0.184973 -0.010037 -0.027761 0.045030 0.001846 0.002401 -0.121874 0.039012 0.094400 0.018473 0.046701 0.057772 -0.303360 -0.013894 -0.007257 -0.229664 -0.072301 -0.053001 -0.075176 -0.192290 0.261393 0.211929 -0.144938 -0.261277 0.293658 0.003097 -0.017091 -0.134665 0.071462 -0.035445 0.083056 -0.072673 -0.029811 0.075315 0.223631 -0.139462 -0.135568
custody 0.008176 -0.158283 -0.016985 -0.216804 -0.099500 -0.112906 0.359393 0.263351 0.229633 0.030740 -0.131266 0.118461 0.189580 -0.020387 -0.163779 -0.123399 -0.212323 -0.002062 -0.160555 0.133133 -0.126622 -0.265341 0.059721 0.068426 0.086344 -0.129106 -0.082566 0.054304 0.015998 -0.217627 -0.067545 0.126045 -0.037701 -0.083124 0.036341 -0.195693 -0.030096 0.024294 0.245296 0.044739 -0.103042 -0.101658 0.047860 0.092620 0.073425 -0.173225 0.180416 -0.018000 -0.179471 -0.118007
customs 0.023452 0.107926 0.107005 0.098378 -0.058639 -0.453859 0.068956 -0.021245 0.239515 0.073762 0.088345 0.087817 0.014301 0.032665 -0.018946 0.104487 -0.156394 0.082304 0.042180 -0.003625 0.034989 -0.063659 0.043180 -0.267343 -0.052632 -0.004480 0.124671 -0.059072 0.065796 -0.014286 0.222437 -0.256233 -0.219258 0.195897 -0.123067 -0.117916 0.275144 0.034811 -0.137819 -0.031529 0.182288 -0.075475 -0.025167 -0.052423 0.079179 -0.110989 0.260138 -0.046067 -0.234083 -0.100760
cuts -0.294622 0.006143 0.074651 0.176209 0.090916 0.070948 -0.202522 -0.153391 -0.078675 0.206177 0.162241 0.032399 0.074224 -0.195704 0.025718 -0.048105 0.006035 -0.161866 0.210029 -0.012009 0.098616 -0.198192 -0.214504 0.254227 0.021767 0.083644 0.161792 0.155419 0.140889 0.061113 -0.191170 -0.017403 -0.135764 -0.106669 -0.038537 0.042925 -0.160804 -0.150192 0.074230 0.104555 0.075280 0.069115 0.010707 0.174013 -0.212760 0.041852 0.030777 0.117481 -0.214222 0.284550
cybersecurity 0.048918 -0.032165 0.183633 0.190164 -0.017777 0.102343 0.076526 -0.326221 0.163382 0.153322 -0.071354 -0.010040 -0.116613 0.209453 0.090166 0.011634 0.185969 -0.164132 0.022536 -0.181448 -0.138923 -0.062698 -0.147187 -0.022775 -0.056797 0.217099 0.292439 0.213658 0.211188 -0.107000 0.115250 0.091065 -0.152502 0.139677 -0.140432 -0.004065 0.078689 -0.109474 -0.018405 0.206263 -0.141854 0.058027 -0.022858 0.170003 -0.102442 -0.194787 0.056489 0.110088 0.109146 0.175603
cycles -0.056077 0.032348 0.295132 -0.038527 0.327253 0.029274 -0.085168 -0.025074 0.038101 -0.024483 0.176108 0.097936 0.183492 0.217311 0.288181 -0.078364 -0.177848 0.173971 0.018627 -0.267356 0.060014 -0.385114 0.094038 -0.067384 0.198419 -0.085306 -0.026648 0.005048 0.031284 0.001552 -0.158449 -0.091046 -0.074251 0.034114 0.138608 -0.045041 -0.147787 -0.122800 -0.127127 -0.107031 -0.204560 0.175958 0.027881 -0.002154 0.057194 -0.077344 -0.009907 -0.057181 -0.138054 -0.012107
dangerous -0.050240 -0.130022 0.182027 0.324404 -0.161929 -0.188192 0.080916 0.164345 0.121823 0.120953 0.106989 0.065851 -0.113791 -0.223230 0.039090 -0.154725 -0.011195 -0.096061 -0.082128 0.103219 -0.126845 -0.076504 -0.195900 0.108209 -0.199132 -0.054690 0.183772 0.106235 0.082200 0.068772 -0.105713 -0.108550 0.271412 -0.034860 0.214530 -0.063561 0.073745 0.023593 -0.060737 0.191163 0.020340 0.071690 -0.020870 0.171468 -0.158460 -0.137171 -0.108730 -0.093933 -0.347117 -0.030884
dark -0.050536 0.176970 0.197267 -0.246574 0.127545 -0.158679 0.267075 0.005675 -0.222524 -0.185596 -0.302225 0.127921 -0.026545 0.128710 0.112903 -0.068328 -0.001028 0.118455 0.039489 0.072444 -0.147653 0.011233 -0.041649 -0.162309 0.089971 -0.055245 -0.179993 -0.052521 -0.083419 0.083493 0.104645 -0.177886 -0.027443 0.043947 -0.073985 0.058629 -0.099664 0.351210 -0.061465 -0.085080 0.362572 -0.034871 0.163190 0.105699 -0.115819 0.092435 0.042535 -0.000378 0.058223 0.007198
data -0.061477 -0.048211 0.039642 0.005444 -0.021244 -0.028130 0.048381 0.039574 0.075285 -0.043455 -0.058024 -0.049537 -0.023333 0.014751 0.081588 0.069458 0.052470 -0.003950 -0.015015 -0.088932 0.192538 0.370489 0.320460 0.317963 0.293489 0.376694 0.155090 0.356597 0.316474 0.246469 0.008573 -0.017471 -0.024251 -0.046048 0.019805 0.000306 0.050094 -0.038051 -0.070577 -0.007936 0.023917 -0.117243 -0.011859 -0.008305 0.008713 -0.047004 0.023869 0.039242 0.003518 -0.030441
datasets 0.118804 -0.058167 -0.130870 -0.023548 0.036361 -0.123220 -0.162332 -0.037683 0.083013 0.012379 -0.033978 0.121529 -0.149398 0.277977 0.193178 -0.107181 -0.139389 0.154044 0.076158 -0.024116 -0.104555 -0.214282 -0.197252 -0.202845 0.121469 0.060592 0.004300 0.092887 0.133695 0.116845 -0.114701 0.226464 -0.036965 0.086652 -0.264159 -0.205612 0.082458 -0.009917 0.046061 0.028747 -0.162447 0.177924 0.063300 0.175133 -0.107826 -0.102115 0.025707 0.424314 0.021960 0.113809
day -0.046738 -0.053941 0.248364 -0.273606 0.032310 -0.228900 -0.228371 -0.118241 -0.184737 0.279939 -0.095235 -0.124935 0.160744 -0.019406 -0.025307 0.031983 0.020969 -0.142714 0.028358 -0.011491 0.088566 0.004360 -0.031978 0.169130 0.011482 -0.203943 -0.078271 0.014811 -0.060383 -0.074085 -0.019940 -0.064155 0.000795 0.211638 0.331654 -0.248408 0.266382 0.022222 -0.024148 0.135352 0.161312 0.036721 -0.108141 0.309361 0.009306 0.007052 -0.083985 -0.030504 -0.047395 -0.028292
de 0.007353 -0.053852 0.117162 -0.013094 0.391918 0.129166 -0.128491 0.048084 -0.049553 -0.019082 -0.153137 -0.113227 -0.083910 0.218227 0.224481 0.027686 -0.194798 0.165217 0.253034 -0.051942 0.070337 -0.235598 0.164671 0.270100 0.138758 -0.031133 -0.159644 -0.157908 0.123264 -0.081217 0.003940 0.054290 0.020556 -0.104379 -0.253599 -0.037263 -0.251341 0.078234 0.042494 0.095900 0.096349 -0.020159 -0.093950 -0.190002 0.061866 -0.097045 0.101860 -0.017428 -0.011822 -0.158886
deadlines -0.153565 -0.166548 0.205437 -0.147540 0.230120 -0.098244 -0.096728 -0.289402 0.016958 -0.101934 0.060154 -0.193158 -0.024106 0.009820 -0.111142 0.025786 0.115807 -0.008686 0.002513 -0.051937 -0.093855 -0.228616 -0.128477 0.120625 0.009464 -0.065672 0.065945 0.112476 -0.208477 -0.174113 0.075046 -0.124352 0.017164 0.079545 -0.274765 -0.006260 -0.094181 0.052212 -0.028379 -0.234619 -0.108344 -0.019792 -0.178281 0.239947 0.037773 -0.076188 -0.098355 0.361268 -0.078189 -0.185648
deal -0.070610 0.046685 -0.023608 -0.207882 -0.115918 -0.068737 -0.108016 -0.173619 0.094271 0.306738 0.108240 -0.174071 0.114150 0.094743 -0.335269 0.138679 0.073564 0.019137 0.026379 0.156703 0.077305 -0.127757 0.176335 0.164531 0.091391 0.020172 -0.105682 0.072528 0.017426 0.226720 -0.323743 -0.074787 -0.041766 -0.036659 -0.119792 0.014577 0.187631 -0.112721 0.056734 0.003818 -0.113418 -0.035790 -0.112468 -0.157100 -0.228225 0.223419 -0.085443 -0.220625 -0.098304 -0.061268
death 0.052444 0.078226 0.375948 0.080177 0.038557 -0.050033 0.058965 -0.101181 -0.066334 0.197372 -0.134535 0.179896 -0.115137 -0.059648 -0.119032 -0.058402 0.097681 0.154318 -0.021369 -0.027030 -0.212319 0.120487 0.137606 -0.102200 0.031229 -0.199227 0.064981 -0.032168 -0.165003 -0.031083 0.346190 0.112407 0.184696 -0.008143 -0.146975 -0.243288 -0.109151 0.026503 0.098677 -0.102193 -0.134630 -0.085718 0.053956 0.233731 -0.266780 0.240268 0.056237 0.055444 0.033044 -0.017872
debating -0.001680 0.142649 0.059059 -0.041761 0.086051 -0.101150 0.059503 0.084819 -0.123861 0.219039 0.323185 0.058493 0.152765 -0.157467 -0.295489 0.149878 0.115186 0.053473 -0.047281 0.060887 0.191928 -0.041235 0.157617 0.013676 0.049766 0.068390 0.037205 0.040485 0.219101 0.127203 -0.120935 -0.088611 -0.267621 0.025843 0.139099 0.220308 -0.051366 -0.274606 -0.041584 0.085799 -0.043894 -0.174357 -0.249792 0.117503 0.121415 0.070653 0.100241 -0.193494 0.083986 -0.156057
debt 0.034816 0.033140 0.231948 -0.073467 -0.037546 0.277874 -0.148945 0.118619 -0.180392 0.218464 0.239819 0.052866 -0.111791 0.247441 0.145682 -0.029774 0.092814 -0.000612 -0.049126 -0.110171 -0.280385 -0.239074 -0.079753 -0.008978 0.202371 -0.113789 -0.058917 -0.075059 0.031605 -0.158066 -0.057007 0.061236 0.090292 -0.206520 0.073581 -0.081766 0.264530 -0.242824 -0.005818 -0.051916 0.213714 -0.142259 0.109594 -0.034876 -0.087348 -0.009646 0.021363 0.129844 -0.105914 0.125968
decade 0.009174 -0.163897 0.022045 -0.175789 0.012936 -0.006356 -0.115642 0.118612 0.110783 0.001134 0.162506 0.231877 -0.049600 -0.075187 0.143154 0.085864 0.139406 -0.039439 -0.245662 0.311727 0.120717 0.202435 -0.050086 -0.160322 -0.106052 0.013744 -0.129379 0.139221 -0.026992 0.048447 0.230817 -0.250454 0.031446 0.079472 -0.031901 -0.009005 -0.171604 0.236691 -0.134160 -0.226179 -0.071689 -0.175446 0.064540 0.110446 -0.029336 -0.144258 -0.029507 -0.202594 0.278832 0.005205
decades -0.172332 0.155223 0.003904 -0.121230 0.027832 -0.031034 -0.224082 0.203733 0.049158 0.225685 -0.046463 0.010087 0.114715 -0.022285 -0.133379 0.191571 0.263042 -0.077273 0.135077 -0.223349 -0.139601 -0.348498 -0.004197 0.053678 0.111046 -0.315188 -0.087223 0.009288 0.098929 -0.043803 -0.028780 0.017840 0.061927 -0.086237 0.301916 -0.023000 -0.007897 0.030812 -0.216043 0.139918 -0.220818 0.052946 -0.118000 0.012969 -0.161358 -0.082263 -0.078967 -0.014687 -0.126060 0.062522
deceived 0.129968 0.013206 0.141976 -0.230678 -0.127008 -0.056034 -0.134893 -0.045740 -0.200873 0.027123 0.020915 0.166927 0.037235 -0.158008 -0.036857 -0.199471 -0.021049 -0.150271 0.086436 0.042680 -0.129430 -0.123191 0.033680 -0.040125 -0.003423 0.036580 0.018838 -0.033673 0.165560 -0.208381 -0.086477 -0.188122 0.179432 -0.071930 -0.201838 0.047952 -0.284303 -0.061945 0.031260 -0.220018 -0.422756 -0.136485 0.078461 -0.007823 -0.032548 -0.093271 -0.276300 0.155628 0.047767 0.137696
decentralized 0.032669 -0.035947 0.009403 0.145631 -0.250043 0.072070 0.380057 -0.048529 0.011870 -0.126279 0.256311 0.010564 -0.053417 0.087277 -0.263585 -0.123980 -0.078116 -0.265873 0.208597 -0.104266 -0.087826 -0.055400 0.154129 0.139789 0.162703 -0.017926 0.037970 0.183152 -0.109436 -0.095652 -0.088043 0.207923 -0.134218 -0.004222 0.097979 0.173524 -0.112738 -0.188601 -0.012135 0.306770 0.127938 0.033587 0.041846 0.011611 0.046847 -0.033821 -0.036508 -0.163792 0.008067 0.119369
decision -0.056413 0.030065 -0.123658 -0.158454 -0.033361 0.045447 0.226026 0.067232 0.113954 0.025279 -0.295589 0.215721 0.212653 -0.096084 0.273609 -0.035681 0.112050 0.097756 -0.153764 -0.068504 -0.152725 0.180423 -0.256623 -0.126183 0.099376 0.181762 -0.082787 -0.145601 -0.115331 0.007929 -0.044827 -0.039508 0.022972 0.054604 0.115636 0.071120 -0.111266 -0.213904 0.339377 0.065069 -0.135344 -0.042240 0.170276 -0.150188 -0.092124 -0.064907 0.172735 -0.021973 0.162110 0.046546
declaration 0.135104 0.024056 0.040377 0.138883 -0.198614 -0.012808 0.122494 -0.200605 -0.002622 -0.217281 -0.215827 -0.196998 0.102559 0.209670 0.031242 -0.175780 0.008368 0.010688 0.109422 -0.024627 0.271068 -0.170773 -0.099096 0.062620 -0.033992 -0.100032 -0.029778 -0.010510 -0.034242 -0.177211 -0.042934 -0.119641 0.179651 -0.007604 0.087243 0.202980 -0.084256 0.000131 -0.019940 0.267306 0.044368 -0.214636 0.031331 0.217198 0.281279 0.293123 0.120287 -0.050129 0.061557 0.119552
declined 0.287531 0.093096 0.141310 -0.052743 -0.072446 -0.100790 -0.007880 -0.090483 -0.006968 -0.309413 -0.065190 -0.150238 0.064008 0.067040 0.003431 0.131779 -0.130411 0.166813 -0.049183 0.282898 -0.088790 0.100402 0.142815 0.092985 0.140543 0.008778 0.155629 -0.110199 -0.074014 0.223363 -0.079995 0.197504 -0.012293 0.004500 -0.202813 0.044051 0.212073 -0.089653 -0.169667 -0.103318 -0.056239 -0.221334 -0.074042 0.068706 0.066502 -0.090863 0.142362 0.006766 -0.022010 0.388418
decrease 0.018272 -0.067175 -0.065809 0.116387 0.086888 -0.011405 -0.056764 -0.164736 -0.072829 0.232433 -0.176148 -0.438794 0.204917 0.159649 0.228140 0.081250 0.129452 -0.137754 0.059291 0.066494 -0.284274 -0.042997 -0.050820 0.025705 0.100850 0.169302 -0.069925 0.247105 -0.118253 -0.067104 -0.064004 0.018880 0.041236 0.017086 0.047716 0.111835 0.083874 0.253294 -0.004455 0.096149 0.095351 -0.146197 -0.205022 0.070021 0.077306 -0.222396 -0.097012 -0.172597 0.058157 -0.016054
decreased 0.192139 0.183575 0.033650 -0.057303 0.135281 -0.209841 0.180198 -0.131998 -0.019499 -0.086398 -0.163845 -0.150867 0.135259 0.100554 -0.209183 -0.071153 -0.116071 -0.076912 0.096537 -0.109194 0.067058 0.031453 0.211408 0.092264 -0.157400 0.125392 -0.227901 -0.150114 -0.224553 0.057398 -0.086730 -0.052303 0.008860 -0.045264 -0.107786 0.223074 0.059978 0.026944 -0.201335 -0.020437 -0.313879 -0.171024 0.297096 -0.022576 -0.082838 0.067659 -0.052521 -0.082607 -0.070252 -0.220237
decreases -0.051921 -0.152123 0.031921 0.056362 0.019714 0.114263 -0.064501 -0.060106 -0.034801 0.121878 -0.102443 -0.002331 -0.235158 0.092917 0.078653 -0.312444 0.255359 0.050573 0.032640 0.353589 0.090458 0.235524 0.121764 -0.036182 -0.123620 -0.126384 -0.065322 0.018449 -0.197525 0.066667 0.359137 -0.047315 0.084957 -0.079758 0.081273 -0.060025 0.028844 -0.111217 0.295484 0.088213 0.001750 -0.098625 0.019434 -0.030833 -0.043309 -0.294848 -0.037633 0.112995 0.048487 0.147555
decriminalizing 0.079783 0.006454 -0.052699 0.358006 -0.066404 -0.195121 0.002244 -0.267280 -0.013023 -0.019940 0.107379 0.168896 -0.024635 0.075265 -0.038339 0.125251 0.100773 -0.244088 -0.042569 0.056742 0.187148 0.196703 -0.146766 0.219934 0.083552 0.120295 -0.062376 -0.092193 -0.066893 0.234521 0.098807 0.032978 -0.255127 0.040190 0.130993 -0.103730 0.237855 -0.050608 0.344247 -0.013276 0.040458 0.194998 0.110100 -0.020719 -0.047280 -0.022471 -0.144793 -0.038092 -0.109040 0.020193
default 0.042563 -0.262836 -0.189495 0.084117 0.166204 -0.054193 0.028960 0.221392 0.023192 -0.125557 -0.099179 0.187711 -0.083957 0.179199 0.270660 0.172708 -0.042944 0.014386 0.157794 -0.072602 0.121362 0.079572 -0.034534 0.016037 0.177682 -0.291271 0.258968 -0.009050 0.148425 -0.144574 -0.035970 -0.032450 -0.025910 0.135374 0.178944 0.135930 0.098726 0.023047 0.074577 0.065361 0.113785 0.028963 -0.048976 -0.200503 0.020081 0.081498 -0.033000 0.286352 -0.250314 -0.140500
defend -0.040917 -0.024958 -0.078050 -0.079596 -0.000530 -0.006347 0.268512 -0.053831 0.075454 -0.092592 0.055440 -0.061590 0.172276 0.001940 -0.136160 -0.010447 -0.020733 -0.258070 0.040387 -0.110716 0.076702 0.242521 -0.035290 0.027231 -0.358120 0.001851 0.109189 -0.119144 0.309446 0.103091 0.133423 0.196312 -0.200527 -0.125218 0.176180 -0.021643 0.279106 -0.008170 -0.018970 -0.296516 -0.121746 -0.040734 0.063492 -0.200161 -0.054259 -0.076356 0.219357 -0.028689 0.032447 -0.055507
defending 0.232559 0.247432 0.068157 0.279720 -0.254015 -0.139401 -0.061988 0.281143 -0.025178 -0.100655 0.113198 -0.069612 -0.025054 -0.100721 0.110167 -0.181785 0.169477 0.110981 -0.136417 -0.153225 0.347200 -0.035110 0.048980 0.119000 0.043393 0.062642 -0.023314 0.152721 -0.008795 -0.063467 -0.071554 0.086429 0.104986 0.063941 0.001560 -0.183242 -0.007121 -0.128126 -0.103143 -0.019814 0.058873 0.133178 -0.352339 0.077433 -0.070822 -0.160152 -0.078273 -0.128951 -0.018569 0.038120
defense -0.217140 -0.270981 -0.145895 -0.233651 -0.095664 -0.180436 0.050411 -0.034278 0.129067 0.030088 -0.112596 -0.078583 0.085964 -0.349571 0.012773 -0.064093 0.115946 0.004319 -0.007019 0.207225 -0.309013 0.010637 0.303784 0.055141 0.142453 -0.087212 -0.103847 0.131826 -0.049214 -0.034235 0.116744 0.029488 -0.124573 -0.016989 -0.116484 0.118949 0.114662 0.081292 -0.034198 -0.128714 -0.049988 0.087945 0.137445 0.092682 0.076528 -0.283304 -0.051623 -0.113123 -0.102150 0.188574
defenseless -0.167411 0.035291 0.213840 -0.071267 0.076217 0.013423 -0.093154 -0.057397 0.176930 -0.218933 0.102804 0.075070 -0.109380 -0.031963 -0.245900 -0.041187 -0.057393 -0.210252 0.121055 0.368872 0.048245 -0.147492 -0.204233 0.010147 0.248358 -0.186502 0.205624 0.001658 -0.010536 0.082047 0.238562 0.002330 0.225438 -0.095191 -0.219412 0.166837 0.011009 0.049254 0.048068 -0.193288 -0.022004 -0.015365 0.114644 -0.072345 0.159721 -0.039022 -0.061617 -0.032289 0.100173 0.160202
deficit -0.094772 0.163709 -0.005251 -0.062134 -0.164035 0.029197 -0.055621 0.099867 -0.149629 0.092787 0.010762 -0.031082 -0.183596 -0.057819 0.039131 0.240957 -0.277478 -0.144592 -0.005024 0.240314 0.012205 -0.057248 -0.112949 0.149737 -0.192360 0.135659 0.173669 0.020905 0.016913 -0.168391 -0.106106 -0.212579 0.036123 -0.134030 0.041214 -0.025782 0.036003 -0.010798 0.133307 0.125738 -0.123947 0.407063 0.115927 0.055236 -0.020435 -0.397658 -0.083167 -0.018846 -0.067746 -0.028538
defunded 0.055349 0.025756 0.085853 -0.207441 0.216595 0.069116 0.003795 -0.012649 0.018753 -0.010050 -0.041668 0.041557 0.253569 -0.120854 -0.033394 0.018182 0.075572 -0.269316 -0.100141 0.161680 0.079090 -0.086699 0.075685 0.050003 0.342376 0.008224 -0.016080 0.151838 0.119711 0.240886 0.012746 -0.005956 -0.224309 0.030656 0.065574 -0.232313 0.029842 -0.209687 -0.287552 0.028578 0.228796 0.236125 -0.112532 0.206560 0.000071 0.055062 0.107251 -0.104471 -0.174465 -0.054474
delegations -0.199946 -0.411661 -0.058625 0.059296 0.115096 0.119274 -0.138800 -0.033430 0.228525 0.205011 -0.217335 0.180209 -0.030128 0.037956 0.011627 0.154866 0.272153 -0.017830 0.043940 0.066441 0.145472 0.047523 -0.180560 -0.002657 -0.095457 0.021542 -0.143047 0.001689 -0.098431 0.025937 0.252281 0.134513 0.085141 0.208425 0.096516 -0.063546 -0.160840 0.111701 -0.119619 -0.084792 0.081041 -0.171272 0.139789 0.062580 -0.130633 0.189154 0.000322 -0.192049 -0.012622 0.057286
deliver -0.295761 0.111831 -0.077084 -0.035347 -0.234947 0.064062 0.011629 0.046529 -0.110837 0.182158 -0.057815 -0.281028 -0.044368 -0.099137 -0.099131 0.122545 -0.111342 -0.118343 -0.137649 0.029514 -0.274898 -0.075453 -0.014790 0.024782 -0.165755 -0.033344 0.157059 -0.127348 0.016823 0.250016 0.011052 0.341798 0.067514 -0.117878 -0.294322 0.086909 0.155379 -0.059991 0.026389 0.080619 -0.017045 -0.114396 0.112314 -0.250460 0.027539 0.021805 -0.180356 0.113071 -0.079910 0.006956
demands 0.022486 0.084173 -0.075942 0.066981 -0.307986 0.117930 -0.096736 0.001764 -0.164021 -0.009310 0.107795 -0.071682 -0.142929 -0.160324 0.011717 -0.205867 0.112656 0.144989 0.198137 -0.038113 -0.149179 -0.154415 -0.149352 0.066869 -0.007092 -0.012988 0.132022 0.043213 0.111105 -0.050590 0.207363 0.069663 0.225903 -0.107670 -0.046138 0.033288 0.047044 0.050878 0.083483 -0.144621 -0.280825 -0.178745 0.091529 0.244998 -0.119861 -0.146394 -0.137006 -0.148459 0.241493 -0.298951
democrat -0.294959 0.041335 -0.153449 -0.075285 0.019180 0.066365 0.064207 0.041790 -0.171801 0.006433 -0.204501 -0.113592 -0.013725 -0.137188 0.050453 -0.170990 0.100467 -0.213609 -0.138495 -0.019236 -0.077326 -0.052111 0.170761 0.175310 -0.012662 -0.012873 -0.118128 -0.205146 -0.084866 0.020656 -0.128542 0.007113 0.178521 0.194445 -0.161795 0.276857 0.053679 0.123821 0.099686 -0.004226 0.053555 -0.289889 -0.076663 -0.336673 0.019988 -0.168284 0.017024 0.091576 -0.233063 0.115833
democratic 0.109321 -0.115947 0.318374 -0.022503 0.061652 0.005716 0.080097 -0.009355 0.095434 0.102373 0.069472 0.031211 -0.051092 0.065787 0.055778 -0.266125 -0.115343 -0.129107 -0.029387 0.075521 0.016538 0.001131 -0.028677 0.268623 -0.109252 -0.146966 0.298477 0.113499 -0.038803 -0.210218 -0.000016 0.092358 -0.109450 -0.057772 -0.224639 0.212988 0.006844 0.245684 -0.149503 -0.327117 -0.125190 -0.159619 -0.039195 0.060191 0.146993 0.201020 0.157326 -0.097541 -0.009117 -0.114150
demonstrated -0.007838 -0.151134 0.150448 0.174078 -0.080735 0.126608 -0.020599 0.205764 -0.068899 -0.289192 -0.160167 -0.020154 0.112335 -0.010310 0.138579 -0.043007 0.149579 -0.047153 -0.080349 0.158116 0.150219 -0.176536 0.054706 0.043003 0.000983 -0.315929 0.025181 0.037381 -0.129769 -0.119952 0.128767 0.042517 -0.026032 -0.053251 -0.067492 0.149255 -0.131465 0.064148 -0.114343 0.286779 -0.308757 0.029950 0.103438 0.160015 -0.125874 -0.177377 -0.227287 0.203720 0.100990 0.119518
denying 0.090104 0.088208 0.029546 -0.261970 0.002937 0.111302 0.016431 -0.120270 -0.042696 0.002666 -0.097219 -0.263183 0.170878 0.181763 0.147595 0.217052 -0.004557 0.049142 -0.193271 -0.135190 -0.011576 0.046573 -0.103128 0.349551 -0.195736 0.067794 0.182484 0.071073 0.144389 -0.023144 0.085033 -0.067964 -0.047320 -0.097284 -0.167688 0.017434 -0.199602 -0.134191 -0.102818 0.139074 0.238239 -0.250384 -0.023811 -0.070676 -0.293119 -0.015608 -0.146222 0.049969 0.070309 -0.014865
department 0.020496 0.056671 -0.014971 0.035230 -0.036639 -0.026226 0.061547 -0.041590 0.002902 0.005904 0.003298 0.011411 -0.081432 0.017690 0.020980 0.008789 -0.039256 0.013583 -0.054842 -0.023353 0.321969 0.319342 0.270560 0.404164 0.331653 0.343407 0.227468 0.328562 0.316509 0.142976 -0.078615 -0.041169 -0.045710 0.007750 0.030719 -0.041470 -0.042346 0.000327 -0.002468 0.019944 0.044663 0.022189 0.003280 0.003088 -0.035738 0.025441 -0.016702 0.026044 0.053357 -0.029620
departments -0.130068 -0.005802 -0.080987 0.149721 0.064112 0.092233 0.113435 0.089246 -0.107220 -0.079230 -0.082129 0.031064 -0.032558 -0.049833 -0.080108 0.001166 0.056848 0.104811 -0.249419 0.124551 -0.051418 -0.084305 -0.098401 -0.150312 -0.149395 0.237520 0.211906 0.170828 0.173035 -0.170672 -0.071965 -0.275381 -0.158553 -0.157174 -0.116434 0.166393 -0.143885 0.040574 -0.101663 0.030768 -0.158317 -0.097142 0.388913 -0.081737 0.177464 -0.034069 0.000249 -0.003211 -0.232409 -0.233402
dependency -0.040048 -0.155529 0.213473 -0.126784 0.122317 -0.169924 0.069513 0.079372 0.061941 -0.183187 0.056093 0.089543 0.012732 0.373560 -0.074765 0.039046 0.207997 0.032535 0.243004 0.072297 0.068961 0.083499 -0.209341 0.049647 0.308115 -0.194308 -0.007811 -0.103560 -0.213640 -0.036560 -0.069155 0.003166 -0.081529 -0.147551 0.037761 0.117315 0.121220 0.084296 -0.300930 -0.021073 0.248801 0.078635 -0.026274 -0.042677 0.023367 -0.113886 0.165881 -0.075103 0.142548 -0.079687
depends -0.056290 -0.022759 -0.053526 -0.045070 -0.121136 0.178477 0.109052 0.322972 0.113141 0.059451 -0.009678 0.023276 0.153837 0.191006 -0.127180 0.014382 0.034853 0.014205 -0.075319 -0.228808 0.103725 0.082194 0.157443 -0.213258 0.272136 -0.022024 -0.079191 0.166526 0.071546 -0.158267 0.118289 0.068734 0.141324 0.148072 0.162748 0.205500 0.092115 0.066870 0.156807 0.111586 -0.101735 0.138247 -0.007911 0.108061 -0.338416 -0.127761 0.043462 0.307385 0.037666 -0.008753
deployment -0.046441 0.044269 0.248437 -0.165186 -0.088848 0.024439 0.274197 -0.015180 0.288920 -0.144558 0.074118 0.075410 0.123957 -0.043082 0.089754 0.123285 -0.102116 0.104753 0.130395 -0.110727 0.133806 -0.230800 0.029652 0.003493 0.087192 -0.282855 -0.101790 0.136185 -0.275336 0.079065 -0.023953 -0.063340 -0.077124 -0.199279 0.056663 0.106200 -0.105497 0.292096 0.194316 0.162434 -0.212161 0.012356 0.142125 0.076959 0.140047 -0.094555 -0.120607 0.073245 0.023179 0.004290
deport 0.130490 -0.276260 -0.151760 0.029838 0.114635 -0.200638 0.075619 -0.255943 -0.091049 -0.114547 -0.205005 -0.129685 -0.196399 -0.281017 -0.097279 -0.045827 0.091588 -0.127711 0.119304 -0.186408 -0.202762 0.051803 0.000565 0.051270 -0.193671 0.033480 0.086309 -0.281273 0.126793 -0.073378 -0.094412 -0.056897 0.097570 0.034349 -0.070259 0.121310 -0.272273 0.112076 -0.055343 -0.185888 -0.104549 0.015593 0.073903 -0.017841 0.017350 -0.130257 -0.086231 0.048275 0.154669 0.217403
deposit -0.109195 0.032562 -0.067058 -0.015339 0.200900 0.199719 0.102976 0.138872 0.162682 -0.087012 -0.314547 -0.106825 0.143581 0.020561 0.036081 -0.113916 0.160065 0.022173 -0.085664 0.216700 -0.057396 0.003959 -0.049784 0.044921 0.100313 0.003112 -0.094097 0.019974 -0.009512 0.101845 -0.213988 -0.095794 0.025842 0.036809 0.075078 -0.117702 0.267781 0.219075 -0.110257 -0.278330 0.005745 0.043289 0.168147 -0.014160 -0.178305 0.071035 -0.386467 -0.089042 -0.253186 0.004906
depositors -0.100899 -0.004138 -0.136338 -0.090134 -0.140185 0.069918 0.003972 -0.087698 -0.048794 0.332331 -0.001673 -0.185077 0.175461 -0.146362 0.065170 -0.025687 0.212011 -0.183920 0.038696 0.081996 -0.097110 -0.332937 -0.129698 0.057744 0.035093 0.216202 -0.091876 -0.146533 0.004471 -0.098415 -0.029359 0.018771 -0.267749 0.003870 0.223886 -0.205559 -0.007673 -0.017663 0.104986 -0.056251 -0.045329 0.131481 0.112659 -0.370583 0.119934 -0.025717 -0.142998 0.069937 0.073189 0.129078
deregulating -0.163668 -0.188349 -0.092506 -0.084573 -0.084766 -0.077587 -0.180595 -0.151037 -0.145057 -0.134687 0.220241 0.308027 0.318467 0.264794 0.293668 0.213954 0.308819 0.268332 0.279646 0.257009 -0.044341 0.008430 0.020488 0.055866 -0.035055 0.007069 -0.048883 0.034484 -0.024541 0.056330 0.089171 -0.022943 0.014230 0.026846 -0.093858 -0.082489 0.023587 -0.035626 0.011475 0.029362 -0.011080 0.035627 0.069719 0.020479 0.032881 -0.013699 -0.049850 -0.027047 0.036563 0.033264
deserve -0.298267 0.048569 0.064830 0.138792 -0.022705 0.068417 -0.069011 -0.053904 -0.135048 0.137086 -0.025150 -0.040869 0.255912 -0.001258 -0.095146 -0.094135 -0.073818 0.251417 0.114565 0.036146 0.297040 -0.205877 -0.049787 0.263619 0.020601 0.025352 -0.055816 0.048353 -0.079385 -0.197539 -0.107564 -0.125303 0.031731 0.141297 0.065357 -0.135215 -0.223875 -0.215196 0.007146 0.114274 -0.257463 0.124085 0.022370 -0.223001 0.086859 -0.061525 -0.070895 0.174901 -0.211521 0.090237
destabilize -0.044223 0.015413 0.040324 0.101678 -0.075199 -0.050893 0.134654 0.301850 0.373829 0.249508 -0.117492 0.038722 -0.085058 0.009183 0.043298 -0.172250 0.134994 -0.052985 0.013297 0.009631 -0.053055 -0.131112 -0.169276 -0.021443 -0.001926 0.234060 0.141487 0.085208 -0.177287 0.002987 0.083272 0.063883 0.195939 0.090047 0.192330 0.164795 0.209345 -0.006009 0.052468 -0.060120 0.071327 -0.129398 -0.153751 -0.062255 -0.190229 -0.314197 -0.100296 -0.103154 -0.173171 -0.146361
destroys 0.035795 0.142794 -0.016500 0.127781 -0.109350 0.108276 -0.242835 -0.181081 -0.178707 0.115677 -0.014048 0.099816 -0.124189 -0.005339 0.215394 0.005640 -0.055925 -0.098426 0.187424 0.097585 0.166301 -0.086365 -0.038476 0.122524 -0.020730 0.243112 -0.100708 -0.107228 -0.011665 0.104523 -0.034886 -0.075966 0.140344 0.345293 0.075257 -0.144491 0.161355 0.059018 -0.205435 0.012541 -0.262350 0.120466 -0.310839 -0.160234 0.018017 -0.096589 0.201381 0.067284 -0.086085 0.124541
detailing 0.056198 0.064530 -0.189407 -0.230923 0.337930 -0.046066 -0.017715 0.150925 0.096793 -0.311169 0.078867 -0.237890 0.060953 0.076265 -0.001797 0.319007 -0.056776 0.033134 0.113890 -0.078747 0.045239 0.031839 -0.063204 0.176545 -0.009613 -0.106914 0.102617 -0.154057 0.224153 0.065428 0.126222 0.036321 -0.038496 0.100114 0.053993 -0.105080 0.194440 -0.039882 0.034531 0.236741 0.085117 -0.005865 0.098141 -0.053012 -0.250600 0.288838 -0.091140 -0.033374 0.081410 0.019584
detention -0.137863 0.017874 -0.155673 -0.010188 0.278922 -0.048640 0.043872 0.106129 0.052056 0.021162 -0.012324 -0.013961 -0.038508 -0.185703 -0.076092 -0.102303 -0.110710 -0.014642 -0.080206 -0.055893 0.059886 -0.028432 0.144677 0.001210 0.407980 0.044022 -0.298983 0.307159 -0.193108 0.071788 0.153523 -0.044841 0.088159 -0.109980 0.015509 0.105867 0.069750 0.053046 -0.284986 0.111357 0.109027 -0.264590 -0.072580 0.079967 -0.012431 -0.231625 -0.204267 -0.104728 0.082267 -0.017799
deter 0.056145 0.058062 0.222696 -0.185696 -0.062970 -0.159231 -0.004542 0.127900 0.119521 0.113710 -0.084818 0.006932 -0.054768 0.210231 -0.128625 -0.335405 0.019326 -0.133175 -0.097820 0.085426 -0.062505 0.107623 0.264827 -0.149266 0.118529 0.193603 -0.124108 -0.149448 -0.135272 -0.093502 -0.045986 -0.076210 0.000062 -0.069882 -0.228739 0.037511 0.093271 -0.175706 -0.091579 -0.096853 0.182414 -0.154288 -0.000955 -0.174741 -0.285723 -0.202760 -0.135181 -0.188953 0.070888 -0.024025
deteriorating -0.116117 0.097684 0.065673 -0.004744 -0.058064 0.131522 -0.124298 0.261607 -0.163335 -0.098669 0.183573 0.087901 0.009289 0.193920 -0.398937 -0.291073 -0.149982 0.198620 0.114367 -0.165220 0.048502 -0.029260 0.001353 0.119830 -0.094347 0.004760 -0.095307 0.092449 0.118435 -0.135972 0.249277 0.080847 0.065344 0.123045 -0.016528 -0.038677 -0.010820 0.340679 -0.013911 0.006787 0.032593 -0.021137 0.159992 -0.059758 0.087444 0.103204 0.193076 0.036772 0.176374 0.068764
deterrence -0.157846 -0.152329 -0.104764 -0.143543 -0.158688 -0.066313 -0.122676 -0.078122 -0.070992 -0.141060 0.274023 0.372115 0.194182 0.282790 0.208057 0.282484 0.315711 0.160572 0.366150 0.258376 -0.114055 0.065594 -0.034008 -0.048890 0.027369 -0.005630 -0.012085 -0.050842 0.083595 -0.014581 0.048788 0.024811 -0.014587 -0.048647 -0.018073 -0.051399 0.062089 -0.033713 -0.082397 0.051935 -0.022542 0.012620 -0.002520 -0.040845 -0.047215 -0.008664 -0.002520 0.016956 -0.062839 0.023456
devaluation -0.152919 -0.010797 0.088381 0.172689 -0.000637 0.140446 0.067202 -0.135197 0.028904 -0.035019 -0.125329 -0.061384 0.145195 0.128219 -0.120970 0.214624 0.181057 -0.038776 0.020180 0.221475 -0.228667 0.030052 0.125794 0.088109 -0.034185 0.191709 0.049695 -0.213337 0.181233 -0.086470 0.228753 0.101478 0.056577 -0.084274 -0.163213 0.044372 0.028373 0.003543 0.328822 -0.056741 -0.155273 0.084254 0.105513 -0.069509 0.130850 0.339776 0.205515 -0.061374 -0.113481 -0.193703
devastate -0.017030 -0.187733 0.080534 -0.095337 -0.176017 -0.022453 -0.287660 -0.021973 -0.136935 -0.062183 0.143594 -0.113159 0.113544 0.106463 0.004342 -0.192815 -0.196210 0.077228 0.001941 -0.026673 -0.028877 -0.114676 0.080653 0.002470 -0.048643 -0.033373 -0.029990 -0.076683 -0.154573 -0.064433 0.070983 -0.044317 -0.073320 -0.308122 -0.216525 0.375264 -0.336876 0.158390 -0.049420 0.020170 -0.140705 0.083639 -0.057738 -0.100403 0.027598 -0.078305 -0.160963 -0.254298 0.152614 0.123766
devastating -0.005065 0.044214 -0.138108 0.180856 0.089640 0.113656 -0.215655 0.030566 -0.027084 -0.046342 -0.167280 -0.295648 0.175352 0.036890 -0.148173 -0.076089 -0.133898 0.033605 0.181907 -0.219603 0.034834 0.233603 0.029179 0.024372 0.334710 -0.004827 -0.202809 -0.129396 -0.191867 -0.157781 0.092217 0.100206 0.003441 0.000387 -0.114561 0.051891 0.001429 -0.079961 0.116340 0.130797 -0.088651 0.208330 0.088573 -0.139221 -0.299778 -0.101120 -0.063294 0.183368 -0.149098 -0.024990
developers 0.392079 -0.071165 -0.095602 -0.126731 0.010935 -0.066053 0.018371 0.298801 0.167933 -0.236322 -0.086556 0.012252 0.104349 -0.028051 0.005190 0.117151 -0.042039 0.175859 -0.231083 -0.088496 -0.044699 0.136151 0.202551 -0.030735 -0.182909 0.168729 0.063789 0.043799 -0.048387 -0.089374 0.048738 0.005436 -0.125832 0.270016 0.141882 -0.081293 0.185264 -0.035671 -0.114880 0.132369 -0.090751 0.071748 0.161880 0.124894 -0.272166 -0.112021 -0.030914 0.089332 0.169697 0.079829
developing -0.025190 0.023916 -0.133845 -0.009004 0.048036 -0.168852 -0.169450 -0.020205 0.031502 0.134008 -0.252509 0.037298 -0.173636 0.096252 0.292928 -0.074680 0.082089 0.154662 -0.081372 0.028979 0.245998 0.075425 -0.056960 0.053201 0.091210 0.016384 -0.415630 0.126869 -0.044160 0.082309 -0.252257 0.144371 0.039492 -0.153593 0.070633 0.201979 -0.120065 0.027347 0.151881 -0.042244 0.034895 0.012439 -0.192343 -0.024429 -0.086903 -0.195274 0.148380 0.100856 -0.055460 0.272142
development -0.139415 0.132371 -0.054091 -0.067572 0.105822 0.206704 0.061090 -0.222338 -0.178836 -0.035281 -0.136602 -0.238182 0.090014 0.052273 0.058808 0.028225 -0.287479 0.003165 0.020446 -0.279148 -0.100662 0.005946 0.114357 -0.205226 0.082059 -0.001209 -0.054477 0.000986 0.287505 -0.129143 0.016867 0.174450 0.067223 -0.098002 -0.185294 -0.127491 0.024049 -0.138987 -0.137650 -0.066008 0.100720 -0.042414 0.229959 0.059773 0.156125 0.258176 -0.158628 0.210200 0.132878 0.065502
did -0.117626 -0.034784 -0.152069 0.020351 0.103737 0.030850 0.060614 -0.214244 -0.122062 -0.164623 -0.230075 -0.115714 -0.266032 0.120735 -0.047356 0.056203 0.231584 -0.045006 0.202772 0.181553 -0.143138 0.149417 0.004382 0.255382 -0.161266 0.196114 0.028953 0.179731 -0.042841 0.139689 -0.146526 -0.036222 -0.171335 0.121916 -0.014380 -0.062965 -0.077743 0.256359 -0.048816 -0.060377 0.112171 -0.024793 0.083814 -0.256929 -0.270948 -0.013107 0.034285 -0.093579 -0.121574 -0.103973
different 0.194353 0.047330 -0.111126 0.065420 0.053538 -0.046114 -0.122175 -0.206719 0.337524 0.176127 0.276807 0.174057 0.000490 -0.118165 0.159290 0.080646 -0.183935 -0.109928 -0.172437 -0.054359 -0.128289 0.007441 -0.031457 -0.069156 -0.098732 -0.190750 0.146071 0.011273 -0.131805 0.076058 -0.032202 -0.216678 -0.082194 -0.054890 0.056668 0.304589 -0.119116 0.054611 0.239324 -0.185158 0.074509 0.202745 0.120562 0.118670 0.082900 0.002798 0.068548 -0.019154 0.141662 0.146964
differentials 0.029538 -0.127320 -0.062312 0.382045 0.072678 0.285860 0.102022 -0.172592 0.175944 -0.122973 -0.125899 -0.150572 0.038904 0.287917 0.011164 0.295441 0.002049 0.011461 0.114236 -0.002464 -0.042312 0.143351 -0.012640 0.018932 0.091411 0.154794 0.079938 -0.086363 0.280421 -0.004402 -0.109377 0.203880 -0.100733 0.111868 -0.030901 -0.078297 -0.032026 0.090029 -0.102641 -0.170320 0.187922 -0.044250 -0.168833 -0.063786 0.035685 0.122604 0.043981 0.126814 0.196015 -0.118525
digital -0.281019 -0.215418 0.212469 -0.018556 0.013500 -0.090969 -0.123011 -0.104823 -0.094070 -0.010677 -0.144764 -0.098378 -0.048730 -0.036574 -0.076007 0.168621 -0.144331 0.190872 0.093607 -0.140324 -0.136550 0.101530 -0.123917 0.004700 0.038190 -0.069527 -0.136928 -0.102249 -0.192779 0.071941 0.075676 0.020908 -0.264962 -0.019590 0.092686 0.300364 0.157430 0.154839 0.005236 -0.330458 -0.086427 -0.055609 -0.258697 0.048901 -0.019773 -0.189457 0.025310 -0.134329 0.181185 -0.089034
dignity -0.199351 0.016196 -0.102269 -0.004009 0.014663 -0.017285 -0.052108 -0.087198 -0.177280 0.175466 0.187992 -0.104531 0.124044 0.433240 -0.083953 0.096471 -0.053201 0.087992 0.130462 -0.252497 0.247876 0.270548 0.097417 0.097459 -0.045480 0.009478 0.227685 -0.068637 -0.127837 0.012769 0.032820 -0.088541 0.085681 -0.063021 -0.109710 0.013831 -0.097968 0.069662 0.169342 0.052263 -0.001489 0.238110 0.186217 0.197646 -0.034086 -0.107134 0.110299 0.161577 0.175652 0.007424
diplomacy 0.404504 0.206728 -0.023418 -0.100835 0.072794 -0.050907 -0.027554 -0.134235 -0.021716 -0.076478 0.145297 0.256133 0.059913 0.009733 -0.238781 -0.180665 -0.094474 0.083187 0.104063 0.172931 -0.210074 -0.113027 -0.006038 0.127616 -0.168235 0.211907 -0.143698 0.176212 0.142233 0.005338 0.200120 0.014583 -0.103974 0.207625 -0.088118 -0.014643 0.072632 -0.049325 -0.066159 0.165200 -0.207552 -0.107787 0.003400 -0.060537 -0.151960 0.150866 -0.040820 -0.154812 -0.003724 -0.153290
diplomatic 0.083771 0.053476 -0.104452 -0.076010 0.057216 -0.030482 -0.311623 -0.409068 0.305100 0.053595 -0.004819 -0.085569 0.037270 -0.256649 0.018067 -0.208203 0.048498 -0.239329 0.041227 -0.012117 0.022159 -0.191313 0.047259 -0.156367 0.272370 -0.102875 0.175029 0.007160 0.039591 -0.084323 -0.130114 0.097413 0.102571 0.092014 0.026799 0.045817 -0.000123 0.149854 0.002095 -0.001024 -0.179532 0.199601 -0.008860 0.092376 0.116682 -0.037919 0.053326 -0.004472 0.236897 -0.125534
direct 0.274159 -0.033160 0.054006 0.160241 0.038698 -0.031123 0.233098 -0.147430 0.133737 0.180115 -0.074660 0.012343 -0.150514 -0.095319 -0.000677 -0.068623 -0.087399 -0.153541 0.004189 -0.285615 -0.158769 0.173958 -0.259559 0.036862 0.193742 -0.093351 0.084506 -0.066952 -0.165419 0.032581 0.077289 -0.214971 0.225099 0.059132 -0.014823 -0.111557 -0.076644 -0.111323 0.041410 -0.245256 -0.003436 -0.090229 -0.200005 -0.121567 0.155115 -0.291435 0.133830 0.061133 0.084890 0.029452
directly 0.002967 0.019059 -0.119867 0.038922 0.248144 0.019521 -0.012625 0.025150 -0.087939 0.230044 0.142406 0.211700 0.064063 0.034598 0.201716 -0.044622 -0.063818 0.034642 0.103918 0.077081 0.012805 0.037998 0.087013 0.147465 -0.073306 -0.068937 -0.100846 0.048353 -0.329517 0.150576 0.155578 0.214021 -0.120457 -0.178835 0.180977 -0.010577 0.295934 -0.025321 -0.001187 -0.298761 -0.192126 0.224885 -0.007657 -0.031959 0.206382 -0.032715 0.020988 -0.160595 0.062852 -0.226238
disadvantaged 0.036739 -0.059534 0.233313 0.041541 -0.096683 -0.036497 0.127538 -0.255486 -0.239403 -0.120245 0.086385 0.085458 -0.059837 0.127663 -0.145593 0.053301 -0.029166 -0.145395 0.120835 0.002034 -0.227504 -0.202210 -0.081750 -0.461963 0.154636 -0.100232 -0.102486 -0.059471 -0.078400 -0.131245 -0.124293 0.060504 -0.008827 0.260394 -0.077917 0.044056 0.127463 0.091982 -0.245561 0.182812 -0.061396 -0.009335 0.059742 -0.060358 -0.148474 -0.080688 -0.030066 -0.084617 -0.165717 -0.083566
disarming -0.217547 -0.001070 0.229260 0.103783 -0.175230 -0.161117 0.037816 -0.151517 -0.245099 -0.025930 0.051195 0.218211 -0.017859 0.030138 -0.176344 -0.211779 -0.074056 0.003662 0.083005 -0.129515 -0.354371 -0.127465 -0.114705 0.051510 0.172728 -0.156237 0.046018 0.141997 0.006265 0.021413 -0.014868 -0.069446 -0.003801 -0.056401 0.082496 -0.015057 -0.234235 -0.171992 0.195174 -0.014434 0.290165 0.087505 -0.055429 -0.207815 0.108766 0.038027 0.246901 0.057668 0.023335 -0.045514
discipline -0.146433 0.028689 -0.205409 -0.079717 -0.076151 -0.218311 -0.179939 -0.128259 -0.060187 -0.087743 0.183785 0.301125 0.311622 0.290569 0.277220 0.199643 0.219443 0.375566 0.319386 0.246412 -0.018426 0.002393 0.011059 0.022646 0.025643 0.016401 0.006990 -0.009221 0.032521 -0.000696 0.062066 0.066205 0.025448 -0.014874 -0.000562 0.027666 -0.038780 -0.065056 -0.024297 0.044062 -0.081707 -0.007394 0.025015 -0.078618 -0.021256 -0.016176 0.028423 -0.008432 -0.005612 -0.067450
disclosures -0.191952 0.189991 -0.061006 -0.007980 0.029119 0.307630 -0.075394 0.163628 -0.215273 -0.028147 0.043730 0.092358 -0.233301 0.034731 0.086025 -0.057655 0.034978 0.010862 0.304936 0.029748 -0.051600 -0.063600 -0.009411 -0.028390 -0.058083 -0.270712 -0.081037 -0.037233 -0.134249 0.307334 -0.065857 -0.168511 -0.289205 0.063498 0.242624 0.071097 0.045075 -0.205963 0.018160 -0.191788 0.019900 -0.046718 -0.089667 0.251844 -0.001741 0.158292 -0.029599 0.003893 -0.030702 -0.068279
discourages 0.019589 0.054906 0.179540 -0.046975 -0.040608 0.040073 0.043410 0.144382 0.151511 -0.061876 0.050930 0.026317 0.017329 -0.058312 -0.022287 -0.327405 -0.095348 0.073213 0.051677 0.098334 -0.054543 -0.020952 0.173202 0.266055 0.152244 -0.165018 -0.261289 -0.088530 -0.050302 -0.077101 0.114380 0.247066 0.195519 0.262128 -0.233584 0.086419 -0.022126 -0.149957 -0.026321 -0.066773 -0.181974 0.155777 -0.003732 -0.006892 -0.116565 -0.082467 -0.064996 0.059212 -0.157700 0.383508
discourse 0.038088 -0.037684 0.342640 0.078000 0.085671 0.112514 -0.210605 0.139994 -0.084208 -0.252419 0.073404 0.146301 0.032682 0.030677 0.213428 0.071310 -0.080925 -0.096109 -0.326240 -0.022503 0.207330 0.057181 0.049136 0.056973 -0.078958 0.129822 0.117279 0.019832 0.096112 -0.305878 -0.026032 -0.086247 -0.099075 -0.179905 -0.059306 -0.021285 -0.071632 0.010639 -0.023365 0.089129 0.193342 -0.007489 0.043613 0.181858 0.069509 -0.063175 -0.106423 -0.078537 0.193281 -0.347397
discover -0.124238 0.106589 -0.021771 -0.071899 0.007863 -0.078109 0.155664 -0.028589 0.230089 -0.108219 0.117555 0.039956 0.341134 0.052414 -0.023942 0.010464 0.164575 0.123806 -0.186184 0.283213 0.349662 -0.268063 -0.038084 0.305932 0.092886 -0.109975 -0.047902 -0.222554 0.096490 0.118745 0.107327 -0.031990 0.061444 -0.040297 -0.067310 -0.090474 -0.004017 0.087415 0.207586 -0.060566 0.003430 0.110135 -0.009969 0.060968 -0.160635 0.215055 -0.025219 -0.057034 0.128478 0.024201
discrimination -0.158626 -0.216986 -0.091205 -0.399420 0.095197 -0.023676 0.047861 0.139981 0.009923 -0.138782 0.053169 0.013899 -0.063499 0.197906 -0.077744 0.119961 0.069903 -0.174750 -0.026512 0.171035 -0.085488 0.001592 0.170943 0.163657 -0.117205 -0.041371 -0.061013 -0.095199 0.080757 0.136584 -0.074599 0.140685 0.092208 -0.101520 0.102777 -0.263934 -0.287849 -0.034974 -0.224766 -0.085591 -0.088729 0.145602 -0.171697 -0.010686 -0.010275 0.134994 -0.208166 0.104484 0.242262 0.063397
discussions -0.117661 -0.037915 -0.157656 -0.138835 0.029810 0.064462 0.247268 0.137561 -0.047534 0.104311 -0.053243 0.361914 0.096168 -0.061405 0.074610 -0.025859 -0.175311 0.072477 0.120819 0.134622 -0.123794 0.079367 0.005666 -0.077911 -0.007058 0.096581 -0.009329 0.077114 -0.218362 0.199512 0.073758 -0.037680 0.178237 0.110733 0.118116 -0.088286 0.019884 0.096605 0.019333 -0.315657 0.039716 0.218678 0.183320 -0.132901 -0.001344 -0.222072 -0.083819 0.271549 -0.276291 0.021739
disincentivizes 0.180821 0.103389 -0.012497 0.118309 0.100904 0.115903 -0.051915 0.060521 -0.014096 -0.130693 0.233925 0.026542 0.230885 -0.075323 -0.212436 0.001035 0.193475 0.221500 -0.165015 0.197407 0.101013 0.149512 0.101018 0.006814 0.153321 -0.089079 0.169607 0.060817 0.213533 0.140872 0.117670 0.235366 0.303257 -0.105634 0.142801 0.092625 -0.186588 0.067536 0.091150 0.207035 -0.155093 0.117814 0.041917 -0.137963 0.188707 -0.094929 0.079987 0.031162 -0.024671 -0.087235
disinvestment 0.052267 0.481183 -0.222707 0.002619 -0.019243 0.173286 0.028677 0.073546 0.058619 0.014767 -0.314234 0.177321 0.090525 0.188639 -0.006837 0.079464 -0.070814 0.059732 0.018788 -0.103094 -0.005436 0.127090 0.019645 -0.075745 0.229935 0.073775 0.094934 0.024069 0.089586 -0.213926 -0.231102 0.243391 -0.214894 0.105964 0.033265 -0.018088 0.051584 0.230040 -0.160798 0.039572 0.117206 -0.061435 0.125445 -0.040299 0.079629 0.005964 -0.083529 -0.102734 0.092634 0.100503
dismantled -0.117480 0.113741 0.079609 -0.041060 -0.110170 0.018335 0.025218 -0.010674 -0.273636 0.054074 -0.186045 -0.304548 0.030124 0.044462 0.197872 -0.161596 -0.055691 0.130966 -0.167325 -0.172085 -0.129472 -0.000804 0.015168 0.063502 -0.203251 0.123870 0.003176 -0.177127 0.092226 0.136035 -0.098682 -0.087807 -0.272228 -0.067503 -0.023409 -0.092206 0.064864 -0.101239 0.167035 0.196417 0.265840 -0.231953 0.076168 0.094217 0.275048 -0.207630 0.020530 -0.017040 0.137920 -0.031828
dismantling 0.325300 -0.089159 0.180140 -0.101940 0.059571 0.143280 0.047628 -0.064384 0.130930 0.136491 -0.000214 0.054919 0.044538 -0.021532 -0.065464 0.216085 0.189280 -0.168384 -0.012091 0.033744 0.072591 0.076474 0.225017 -0.121152 -0.138687 -0.068956 0.040380 0.036967 -0.025563 -0.025352 -0.205722 -0.259815 0.069803 0.202243 -0.083913 0.083846 0.087469 -0.144735 0.174831 -0.030711 -0.219699 0.023776 -0.262567 -0.142865 -0.088740 -0.324588 -0.187961 -0.042838 -0.007904 0.179117
displace -0.146204 0.188662 -0.110096 0.124400 0.042059 0.226021 0.109400 -0.000959 -0.186687 0.105430 0.126410 -0.066792 0.033965 -0.237769 0.008712 -0.109058 -0.081524 -0.032443 0.004416 0.213328 0.056302 0.130991 0.058444 -0.138755 0.156162 -0.140678 -0.210963 0.106643 0.112317 -0.046096 -0.000504 0.055590 0.034709 -0.241191 -0.026332 0.145409 0.015551 -0.047157 0.055669 -0.097400 -0.109415 -0.144896 0.446693 0.013574 0.069424 -0.042155 0.139511 -0.044917 0.084154 -0.369221
displayed -0.022103 -0.410990 0.027556 0.232499 0.335379 0.228485 0.021154 0.201363 -0.054199 -0.056783 0.019628 -0.044302 0.202104 0.013566 -0.138235 -0.234499 0.086775 -0.035818 0.169111 0.119733 -0.053716 0.032898 0.178205 -0.087472 0.028365 0.156737 -0.064062 0.137578 0.053651 0.176884 -0.020754 -0.091718 0.028588 0.085081 0.131459 -0.081690 -0.057104 0.216742 0.100541 0.033986 -0.165663 0.081894 -0.016266 0.126036 0.071850 0.007088 -0.011277 0.308244 -0.073164 -0.102029
disproportionately 0.238116 -0.115493 0.164235 -0.110209 0.116435 -0.081024 0.172239 0.182123 0.000975 -0.050272 0.097943 -0.295245 -0.055363 0.059448 -0.079022 0.108488 0.090838 -0.006897 0.266102 0.050603 0.287384 0.113568 0.208760 0.140127 -0.153170 -0.101456 -0.067527 -0.057391 0.166402 0.002483 0.124144 0.104008 -0.075487 -0.355591 0.032919 -0.148142 0.155821 -0.095048 -0.175408 -0.083354 -0.055021 0.103393 -0.131612 -0.085515 -0.166804 0.192444 0.030819 -0.111862 0.039267 0.060473
disputes 0.123798 0.079125 -0.130230 0.089163 0.047497 0.034060 -0.080933 -0.099643 -0.270931 -0.084882 -0.115755 -0.104556 -0.231478 0.013214 0.010999 0.047242 0.143322 -0.121334 0.117239 -0.049428 -0.180469 0.048704 -0.137831 0.121471 0.162381 0.129012 -0.034090 -0.161377 -0.083014 0.355128 -0.038667 0.049383 0.242879 -0.031283 -0.240699 -0.081138 -0.047269 -0.039550 -0.388092 -0.103532 -0.078785 0.126008 0.011015 -0.215392 -0.074040 0.224193 0.159729 0.067215 -0.035486 -0.000913
disregard -0.239515 0.123674 -0.047624 0.012296 -0.298921 0.112531 -0.319784 0.104168 -0.284353 0.135316 -0.054860 -0.029017 0.036349 0.223712 -0.049250 0.118412 -0.211321 0.084995 0.343602 0.091604 -0.032498 0.025564 0.014466 0.148909 -0.038348 -0.141709 0.087058 -0.122922 -0.138808 0.081197 -0.082872 -0.005457 0.120399 -0.003517 -0.030329 -0.046466 -0.007046 0.234866 -0.008927 0.020118 -0.342701 -0.058093 0.026914 -0.051767 0.006098 -0.173618 -0.054458 0.082104 0.142881 -0.041460
disrupt -0.099148 0.072401 -0.056936 -0.020434 -0.071938 -0.117606 0.004923 -0.111581 0.125064 0.000307 0.025079 0.416400 -0.017070 -0.067552 0.123346 0.115563 0.168647 0.155161 -0.102772 -0.129405 0.059606 -0.070744 0.052487 0.089169 0.050896 -0.216725 0.051766 0.114300 -0.102006 0.278302 -0.252830 0.143862 -0.087482 0.086746 0.258685 0.031958 -0.036199 0.176469 0.164327 0.186864 -0.119601 0.054965 0.098286 0.139266 -0.207324 0.316622 -0.055785 -0.013548 0.138704 0.014063
dissenting 0.100720 -0.294564 0.201042 -0.118082 -0.103573 -0.108947 0.020622 0.007456 -0.044880 0.013247 0.089874 0.108074 0.042089 -0.063587 -0.008308 -0.129364 0.293558 0.123171 0.003508 0.225753 0.027523 0.297854 0.006524 -0.127921 0.132681 0.233521 0.068138 0.136043 -0.002973 0.038830 -0.215133 -0.252066 -0.005681 0.101554 -0.061797 0.021000 -0.116111 -0.033020 -0.117076 0.042493 0.092369 -0.239798 0.132167 -0.003663 -0.176344 0.009980 -0.351299 -0.029682 -0.180385 0.004554
districts 0.020304 0.169151 -0.020395 0.267502 0.244932 -0.008427 -0.373947 -0.122742 -0.014938 0.033596 -0.152276 -0.057164 -0.234486 0.171865 0.050936 -0.252140 -0.021500 0.192086 0.035576 -0.113448 0.039832 -0.115093 0.070155 0.000132 0.010880 -0.011580 -0.034001 0.015586 -0.063233 0.036284 -0.064289 0.298597 -0.086415 -0.003168 0.029180 0.140583 -0.138766 0.359839 0.201938 -0.089277 -0.061185 0.078417 -0.020821 -0.119954 -0.010198 0.096358 0.211830 0.082464 -0.012438 -0.150059
divert 0.009333 0.036182 -0.151447 0.040144 -0.034963 -0.273039 0.018166 0.055956 0.160591 0.189146 0.006107 -0.233524 0.083236 0.006855 0.370902 -0.200729 -0.085273 0.208227 -0.110657 -0.113699 0.006753 -0.126142 0.031657 -0.110296 -0.035640 0.150749 -0.059264 -0.021810 -0.007396 0.033515 0.141999 0.154020 0.241224 -0.024657 0.057266 0.120683 0.266415 0.067606 0.077556 0.215523 0.159283 -0.008269 -0.022903 0.024962 -0.216461 -0.093598 0.067118 -0.053324 -0.286213 0.199381
division 0.113996 -0.072229 -0.071501 -0.039096 -0.055354 -0.123170 -0.077706 -0.157028 0.151164 -0.380228 -0.247685 0.053730 -0.123699 -0.251426 -0.187924 0.271742 0.172256 0.314345 -0.040932 -0.007272 0.046190 -0.002905 -0.008474 0.096785 0.162411 0.006146 0.275042 -0.016659 -0.091457 0.081443 -0.107773 -0.135900 -0.228189 -0.003265 0.102488 -0.174084 0.009426 0.037903 0.013578 -0.091617 -0.157493 0.067844 -0.055745 -0.017507 -0.072901 -0.102120 -0.135661 0.091963 -0.143790 -0.136278
do -0.048092 -0.094445 -0.152123 -0.211404 0.100409 -0.007619 0.012470 -0.173305 -0.170530 -0.009953 0.034243 -0.145905 0.165649 -0.165607 0.099159 0.067366 0.229785 -0.098150 -0.007948 -0.093959 0.051895 -0.183458 0.126576 0.105999 -0.127560 -0.014086 -0.064707 0.113405 -0.032585 0.130770 0.232276 -0.345063 0.079004 -0.253991 -0.216450 -0.105287 0.032852 0.024261 0.090044 0.020655 0.060679 -0.223088 0.037644 -0.118660 -0.231238 -0.025601 -0.107796 -0.000402 -0.348142 -0.072841
documented 0.146707 -0.234453 0.035990 -0.156004 0.080126 0.193403 0.077688 -0.212457 0.068600 0.011580 -0.094748 -0.080577 0.020162 -0.026874 -0.135140 -0.050252 0.051586 0.279425 0.126616 -0.055606 -0.011882 -0.024979 -0.155534 -0.119714 -0.058974 0.076708 -0.319820 0.335344 0.034990 0.178681 -0.126938 0.114200 -0.031136 -0.045430 -0.009629 0.153366 0.003890 0.034351 -0.177068 0.076449 0.025232 0.035523 0.053233 -0.016547 -0.168674 -0.315677 0.129041 -0.284200 0.193927 0.043748
dodd 0.024265 -0.230716 0.019978 -0.024205 0.056760 -0.106195 -0.064377 0.025467 -0.019331 0.123229 -0.117566 0.020443 0.043143 -0.052665 -0.126456 0.147011 -0.115542 0.078233 0.038539 -0.150826 -0.031071 -0.181473 0.204087 -0.124525 -0.063447 -0.072319 0.078571 -0.327180 0.262168 -0.022966 -0.129230 0.239163 0.081621 0.020546 0.294879 -0.148475 0.062181 -0.060189 -0.039884 0.148151 0.027622 -0.015312 -0.264045 0.104403 0.053138 -0.132586 -0.344664 0.184570 0.114728 0.195754
dollar -0.128527 0.150632 0.051522 -0.098219 -0.003269 -0.279574 -0.248161 -0.011568 0.037652 -0.313446 0.171835 -0.152992 0.202769 -0.149133 -0.014930 -0.182694 -0.246382 -0.155863 -0.163473 0.158481 0.070516 0.028317 0.016057 0.058485 0.083193 0.133024 -0.195235 0.090436 0.079461 0.244589 -0.162163 -0.001616 0.201457 -0.076598 0.133609 0.002372 -0.091224 -0.052207 0.161735 -0.146202 -0.140698 -0.102180 0.072385 -0.065066 0.020325 0.149283 0.144598 0.199913 0.011236 -0.055728
dollars -0.052111 0.084330 -0.081215 0.105937 0.194767 0.022880 -0.129625 -0.075521 -0.197316 -0.013497 0.016034 -0.405425 0.103088 -0.134705 -0.180571 -0.144054 0.027588 -0.087459 0.101057 0.143608 -0.138849 -0.333515 -0.025449 -0.057166 -0.068804 0.189889 0.020002 -0.192772 -0.125725 -0.028867 0.065521 0.053290 0.017981 0.192061 0.166912 -0.047363 0.055213 0.042923 -0.287890 0.007372 -0.047774 0.233147 0.131726 -0.141170 -0.057555 0.131466 0.173795 -0.001103 0.184549 0.125696
domestic -0.256918 -0.032575 0.151491 -0.082479 0.035087 0.043184 0.174166 -0.205473 -0.016524 0.121736 0.060447 0.099834 -0.127282 0.079097 0.016846 0.074917 0.403814 -0.106838 0.114272 0.065612 -0.108165 -0.158226 -0.113758 -0.004562 0.225577 -0.134479 0.148195 0.024009 -0.088539 0.147327 0.159897 -0.045653 0.161068 -0.068469 0.188171 -0.076378 0.085507 -0.308764 0.268637 -0.128601 0.030419 -0.066380 -0.080564 -0.191260 0.149032 0.054226 -0.062377 0.096858 -0.163708 -0.058066
down 0.267568 -0.310024 0.077774 -0.113347 -0.204020 0.152321 0.240259 0.003331 0.053345 -0.002855 0.072351 -0.077925 0.009131 -0.040051 0.307204 0.003882 0.042283 0.146948 0.057365 -0.144525 0.037502 0.062271 0.082994 -0.094204 0.182922 0.319286 -0.091714 -0.002222 0.106613 0.098891 -0.044087 0.074984 -0.085046 0.069513 0.099413 -0.182147 -0.103910 -0.059499 0.249663 -0.207574 0.011938 0.074202 0.060025 0.115917 -0.121125 -0.251656 -0.018295 -0.031208 -0.249889 0.011566
draconian 0.039099 0.244014 0.156822 0.011048 -0.103422 0.276586 -0.127119 0.235379 -0.127234 -0.321057 -0.194210 0.091377 0.108778 0.134480 -0.018004 0.093528 -0.044346 0.014959 0.195307 0.151718 0.117482 0.020293 0.224104 -0.127866 -0.093501 0.065302 -0.103743 0.008459 -0.120018 -0.195833 -0.032963 0.004546 -0.111510 0.286862 -0.282391 -0.060027 -0.072583 0.195496 -0.104596 0.061767 -0.161918 0.034724 0.189910 0.095558 -0.035054 0.079195 -0.053549 0.062878 -0.049885 0.059537
drains -0.129481 -0.018573 -0.152816 0.056187 -0.013796 -0.155335 0.093755 -0.065481 -0.046015 0.139801 -0.014518 0.133588 -0.129682 -0.014017 -0.002782 -0.454296 -0.231006 0.020556 -0.024476 -0.085734 0.082369 0.103488 -0.188090 0.155731 0.056550 0.071765 0.007781 0.065310 0.036512 -0.165115 0.029851 -0.272807 -0.153452 0.132852 0.046727 0.148084 0.099907 0.179785 -0.017480 0.059870 -0.081295 0.165554 0.058789 -0.085617 -0.237593 -0.176939 0.246763 0.030158 -0.186982 0.244099
drilling -0.166462 -0.055812 -0.135659 -0.096302 -0.106799 -0.180258 -0.148913 -0.130353 -0.155802 -0.042844 0.314174 0.231946 0.333893 0.300418 0.299903 0.275429 0.246371 0.246414 0.318571 0.228439 0.029586 -0.018105 -0.029643 -0.039283 -0.000040 -0.037261 0.002341 -0.003821 0.023950 -0.066938 0.082007 -0.009888 -0.001080 0.028013 -0.026338 0.020755 0.032233 0.042247 -0.019982 0.055128 0.019949 -0.008757 0.071162 0.004538 -0.032174 -0.028850 -0.016657 0.013702 0.059475 -0.026018
drive 0.028758 0.037893 0.201052 -0.010123 0.113374 -0.011355 0.103729 -0.064963 0.088096 0.126176 -0.188518 -0.152179 0.123198 -0.237577 -0.059852 0.047612 0.170047 0.011452 -0.104348 0.014562 -0.354360 -0.157938 -0.212971 -0.008579 0.065144 0.209542 -0.034126 0.021013 -0.021441 0.010978 -0.037141 0.178664 -0.202205 -0.069971 0.026835 0.292077 -0.142562 0.141276 -0.103342 -0.023988 0.381282 -0.062199 -0.139897 -0.109793 0.013120 -0.080529 -0.255195 -0.032368 -0.089871 -0.067417
driven -0.167069 0.036001 0.182582 -0.066449 0.147631 -0.170694 0.087006 0.005971 0.102379 0.077660 -0.054806 -0.009019 0.033500 -0.090166 -0.143983 0.031575 0.197851 0.158964 0.065946 -0.056321 0.158314 0.183269 0.124752 0.172765 0.233694 -0.219170 0.039893 0.036332 -0.116711 -0.124213 -0.102685 -0.047677 0.068290 0.056025 0.029180 0.401181 -0.086027 -0.240911 0.224244 -0.021496 -0.098581 0.225915 0.098289 0.145859 0.049551 0.116975 0.245189 -0.020062 0.092777 -0.194312
drivers -0.066863 -0.182876 -0.089192 -0.171085 0.171903 -0.299972 -0.048779 -0.104772 0.394968 0.365177 0.075057 0.109230 0.156746 0.010207 0.025975 0.187450 0.250035 0.135843 0.027236 0.035966 -0.031536 -0.111734 0.139294 0.041083 -0.032950 0.041537 0.145955 0.003029 0.045315 -0.122103 0.237892 0.121319 -0.006510 -0.165193 -0.115417 -0.091751 -0.037748 0.136966 -0.198559 0.169682 0.181884 -0.060033 0.014175 -0.031275 -0.062107 -0.044488 0.017929 -0.078403 0.083095 0.006752
drives 0.281362 0.013945 0.053521 -0.076802 0.026035 -0.173537 -0.204862 -0.116228 0.106908 0.083438 -0.059474 0.259798 0.051828 -0.074706 0.020966 -0.082511 -0.248303 -0.076601 0.032207 -0.104386 -0.016784 0.175190 -0.044386 -0.063580 0.169551 0.324656 0.101584 0.189630 -0.108361 0.096241 0.197246 0.018067 0.191966 -0.005620 -0.060253 -0.185250 -0.130486 0.130328 0.107648 -0.183645 -0.343486 0.045321 -0.023498 0.006624 -0.109316 0.176561 0.014199 -0.166458 -0.105750 -0.080974
driving 0.130938 -0.299227 -0.200885 0.171541 0.175658 -0.256467 0.029840 -0.356509 -0.157596 -0.072028 -0.207230 -0.173911 -0.006020 0.347680 -0.077440 0.051931 0.043092 -0.031462 0.042269 0.082609 0.183753 -0.029691 0.051612 -0.010810 0.075511 -0.066461 0.056861 0.129812 -0.093901 0.112291 0.136949 0.151752 -0.144661 -0.005833 -0.049583 -0.100141 0.100170 -0.160318 0.058601 0.063066 0.016586 0.021966 -0.145316 0.106224 0.176563 -0.156443 0.065742 0.105711 0.068828 0.195338
drought -0.038101 0.142110 -0.038157 0.174330 0.151559 0.108578 0.345311 -0.044163 -0.009446 -0.258234 -0.098038 0.007693 -0.075129 -0.005912 0.069508 0.203177 0.074730 0.158433 0.053412 -0.022459 0.090134 0.004055 -0.023629 -0.163789 -0.160263 0.082356 -0.025869 -0.000467 -0.149127 -0.203273 0.185981 0.313051 -0.105071 -0.159018 0.078893 -0.329929 -0.200149 -0.194916 -0.065260 0.170183 -0.016683 0.050220 0.085500 -0.047354 -0.053997 -0.227913 0.025227 0.057224 0.157517 0.069667
droughts 0.139057 -0.065519 -0.086628 -0.003332 -0.076163 0.172411 0.145856 0.319740 0.031266 -0.265786 -0.104091 0.138354 0.127257 -0.001742 0.041297 -0.032780 -0.032754 0.013394 0.122053 -0.223779 0.065103 0.234877 -0.072394 0.028856 -0.195261 0.061511 0.167661 0.070065 0.039298 0.076133 0.342850 0.009820 -0.106138 -0.011122 0.152692 -0.091890 0.195832 0.110740 0.288589 0.033246 0.034934 -0.093886 -0.098777 -0.024542 0.021620 -0.193602 -0.252217 -0.234327 -0.020979 -0.046605
drug 0.057384 -0.061494 0.028028 -0.064511 -0.077650 0.018851 0.078957 0.202927 -0.024492 0.216426 0.039085 -0.118402 0.119231 0.092054 -0.015718 0.227755 0.026557 0.146186 -0.018946 -0.186339 0.077445 -0.073848 0.086119 -0.152892 -0.120057 -0.289107 0.120247 -0.125932 0.222287 0.152542 0.108716 -0.247780 -0.024752 -0.064421 -0.206919 0.014904 -0.215065 -0.232642 0.170789 0.163900 0.209448 0.148542 -0.088037 -0.005430 0.125838 0.110226 0.229755 0.135655 0.206701 -0.054352
drugs 0.074322 -0.044760 -0.061854 0.142982 0.149727 -0.095995 0.049471 -0.236645 0.194230 -0.044109 0.076783 0.137024 -0.144526 0.063682 0.064309 0.060966 -0.077658 -0.031275 0.063354 -0.162075 0.103264 0.032701 -0.184658 0.003754 0.275710 -0.062857 -0.023568 -0.280046 -0.111084 0.247010 0.379922 -0.160830 0.075442 0.129166 0.050747 0.320989 0.039745 0.116011 -0.068872 -0.024328 -0.049368 0.035849 0.138903 0.007533 0.047094 0.020356 -0.099007 -0.273834 -0.013360 -0.190550
due -0.202142 0.021855 0.102635 0.109696 -0.162133 -0.037096 0.091494 -0.124904 0.071275 0.114365 -0.128945 0.035810 0.367698 -0.132607 -0.083278 0.012089 -0.154025 0.185815 0.014709 -0.221440 -0.126896 -0.043295 0.004945 0.209832 -0.127343 0.144772 -0.017976 -0.142736 0.134697 0.060417 0.033298 -0.007117 -0.060192 -0.172430 0.012926 -0.084364 0.015362 -0.407552 -0.007956 0.050793 0.135603 -0.246159 0.166651 -0.047944 -0.000029 -0.106130 0.198467 0.250494 -0.030293 0.071933
dues -0.159479 -0.121599 0.030710 -0.062965 -0.128973 -0.292907 -0.067080 0.001659 0.090777 -0.121832 0.130955 -0.125932 0.044052 0.020401 0.150551 0.032915 0.034965 0.202130 -0.142870 -0.281075 0.037886 0.088845 -0.077027 -0.326283 -0.048645 0.066797 -0.074336 -0.058925 -0.154999 -0.085852 -0.185369 0.064536 0.194090 0.124730 -0.029677 0.117243 -0.017549 -0.216040 0.023344 -0.183494 0.082205 -0.292121 0.079921 0.126603 0.159427 -0.191930 0.072490 -0.154624 0.205240 -0.140278
during -0.058588 -0.062676 0.028821 -0.174774 -0.072516 0.052018 0.091555 0.219137 -0.131285 -0.154032 -0.259289 -0.149453 -0.017046 -0.266314 0.083847 -0.171075 -0.210864 -0.176964 -0.248892 0.035069 -0.084253 0.206573 -0.091451 -0.213068 -0.174259 0.083123 0.144870 0.044013 -0.133848 -0.003275 0.161971 -0.106079 -0.219004 0.266563 -0.061055 0.013939 -0.048180 0.009047 0.009407 0.017983 0.288097 0.013636 -0.034250 -0.019043 0.021553 0.027040 -0.019973 0.254155 -0.122506 0.095284
dynamic -0.185667 -0.071947 -0.084765 0.304224 0.150077 -0.009694 -0.128233 -0.020852 -0.235291 0.096484 -0.109974 -0.032231 -0.068854 0.088442 -0.128808 -0.105011 0.120636 0.300398 -0.112028 0.033402 0.033673 -0.000573 -0.269700 -0.159597 -0.107012 0.198771 -0.121004 0.050024 0.048052 0.038399 0.044793 0.020366 0.056794 0.162324 0.049985 -0.088166 0.246192 0.080604 0.232945 0.014580 -0.132474 0.048322 -0.083942 -0.159836 0.063256 0.362231 0.191735 -0.124745 -0.096287 0.017481
each 0.111087 0.279189 -0.267108 0.091920 0.042339 -0.026672 -0.088920 0.095656 0.007840 -0.003008 -0.113739 0.182535 -0.173230 0.110658 0.037203 0.000575 -0.034159 0.164928 0.214537 0.018807 0.118742 0.031641 -0.088976 -0.203576 -0.018522 0.121409 -0.269074 0.030392 -0.167347 0.029280 0.084090 0.087150 0.067973 0.040284 -0.173426 0.264245 -0.047519 0.000220 0.232090 -0.128229 -0.212420 0.076925 -0.260794 0.117279 0.060043 0.167743 0.065654 -0.061281 -0.243348 -0.196725
early -0.258550 0.123553 -0.018928 0.043911 0.031625 0.153829 -0.014778 -0.079763 -0.076930 -0.003852 -0.064533 0.054283 -0.029083 -0.062803 -0.011670 0.085667 -0.212796 -0.114819 0.129879 -0.203002 0.017355 0.092429 0.231048 -0.246518 -0.022366 -0.024719 0.082388 -0.049482 -0.017234 -0.174028 0.149280 0.075951 -0.255003 -0.314675 0.375047 0.086052 -0.191472 0.149165 0.010917 0.025558 -0.189061 -0.060267 -0.136161 0.176562 0.044692 0.092271 -0.060242 0.188314 -0.179916 -0.087535
earned -0.153054 -0.296754 -0.015029 -0.088865 0.175125 -0.017050 -0.036631 -0.210390 0.114268 -0.047968 0.015594 0.096921 -0.146283 -0.053834 -0.066692 -0.085767 0.020320 0.075507 -0.007918 0.004078 -0.026241 -0.019554 -0.176469 0.060440 0.075523 0.195038 -0.231387 0.174838 0.168644 -0.037754 -0.127839 0.325629 -0.071845 -0.152347 -0.294375 0.173495 0.091356 -0.139770 -0.001981 0.306696 0.013225 0.029094 0.088036 -0.210623 0.266649 -0.027035 -0.060368 0.133401 -0.002302 -0.084176
economic -0.272865 0.127284 -0.036447 -0.006778 0.253061 0.046086 0.228201 0.006321 0.008598 0.153018 -0.026562 -0.044629 0.246729 0.024669 0.095700 0.036926 0.187147 -0.107034 0.065581 -0.030698 -0.271105 0.240253 0.065785 0.040976 -0.002331 -0.214588 -0.233949 -0.051818 0.055253 0.074301 -0.000791 0.072001 0.066461 0.035502 0.095973 0.246864 -0.003459 -0.143080 -0.168831 0.134318 -0.037733 0.241408 -0.022024 0.153367 -0.029213 -0.144508 0.205127 -0.004044 0.155892 0.265745
economics 0.444031 0.049241 -0.017488 -0.033842 0.064325 -0.166468 0.076463 -0.081251 -0.037955 0.077356 -0.114106 0.136916 0.205900 0.041562 0.001813 -0.062456 0.079620 -0.092987 -0.185277 0.002559 0.085064 -0.034428 0.109795 0.101915 0.119935 0.294011 -0.038056 -0.061035 -0.156127 -0.010522 -0.112551 0.095642 -0.148663 0.138795 0.056986 0.058587 0.017527 0.193588 -0.262785 0.064253 -0.223826 0.125622 0.200939 -0.050819 -0.227423 0.072950 -0.039172 -0.317365 -0.030711 0.082881
economies -0.104826 -0.102271 0.008653 -0.004056 0.093340 0.112091 0.038773 -0.048524 -0.089314 0.057464 0.030165 -0.085940 -0.133793 -0.005439 0.016544 0.248849 0.006252 -0.027535 -0.092129 0.047568 0.079585 -0.090879 0.069173 0.043081 -0.029189 0.348736 -0.182027 -0.106120 -0.130731 0.200074 0.016265 0.372600 0.048734 -0.295559 -0.153446 -0.054731 -0.121305 -0.092515 -0.154644 -0.080308 0.214280 -0.259719 0.181080 -0.106737 -0.152925 -0.284090 -0.015243 0.090993 0.098826 -0.089035
economy 0.038840 0.145027 0.116795 -0.215689 -0.048688 -0.266145 0.056309 -0.086320 -0.067320 -0.069231 -0.154536 0.208296 0.125024 0.100759 0.000765 0.132441 -0.119668 0.345665 0.199461 0.058549 0.067095 0.056623 0.116134 -0.197190 0.164818 0.217218 -0.116492 -0.015274 -0.358550 -0.090915 -0.028293 -0.121974 -0.061526 -0.047482 -0.079195 -0.128229 0.175584 0.133137 -0.043252 -0.086656 -0.119359 0.040348 0.076801 -0.130521 0.162573 0.131032 -0.007335 -0.192313 -0.072790 -0.156100
editorial -0.146847 0.187185 0.093235 -0.010396 -0.241169 -0.053807 -0.000660 0.070175 0.058497 0.023695 0.234103 0.000575 0.056790 -0.008351 0.154302 0.012982 -0.140052 -0.389802 0.086840 0.109692 0.091791 -0.027705 0.122965 -0.048596 0.121006 0.136384 -0.099757 0.018277 0.137336 -0.120951 0.223567 -0.095477 0.300521 0.112481 -0.116363 0.220924 -0.025945 0.004226 0.043952 -0.237539 0.298899 0.171676 -0.073024 0.037178 -0.155719 0.088181 0.009658 -0.038230 -0.201469 -0.067609
education -0.099298 0.193877 -0.029067 0.073467 0.297291 0.021570 0.208182 0.055853 -0.122587 -0.202994 -0.054614 -0.174678 0.113888 -0.083718 -0.066609 -0.350043 0.116634 0.143970 -0.100027 -0.066017 -0.000794 -0.113906 0.174565 0.039123 0.029927 -0.102257 -0.223399 -0.000083 0.112218 -0.165055 -0.250242 -0.208693 0.234628 0.031839 -0.021361 -0.039578 0.080641 0.000684 0.167346 -0.045302 -0.086730 -0.136053 -0.175318 0.223519 0.018483 0.239292 -0.034391 0.074029 0.017987 0.086140
educational -0.007445 0.141988 -0.026057 0.246655 0.028861 -0.089126 0.016380 -0.311804 -0.097505 0.005218 -0.062573 0.087695 -0.143635 -0.063844 0.035180 0.050800 0.151980 0.256445 0.165936 -0.153646 0.028148 0.166626 0.177249 -0.009259 -0.035070 0.242428 0.287353 0.062580 0.347414 -0.082537 -0.220827 -0.026420 0.060654 0.042706 -0.103023 -0.006429 0.029314 0.090896 -0.123298 -0.118925 0.244915 -0.094826 0.145691 -0.086377 -0.037800 -0.113859 0.171031 0.200238 0.035294 -0.039223
effects 0.209786 0.169500 -0.114699 0.397101 -0.018319 -0.107252 -0.138547 -0.041935 -0.390446 -0.117701 -0.094887 -0.050995 -0.004121 -0.207076 -0.194742 -0.088816 0.068943 -0.218237 0.052716 0.039222 -0.005559 0.180922 -0.137828 -0.099603 0.032261 0.180521 -0.061565 0.073447 -0.011825 0.048623 0.062838 0.271069 0.011329 0.115773 0.158056 -0.149572 -0.006449 0.042845 0.138956 0.078282 -0.007100 -0.012432 0.131482 -0.100243 0.049558 0.182598 0.078115 0.123356 0.088625 -0.187540
egalitarian -0.032097 0.157442 -0.080430 -0.091888 0.007529 -0.076256 -0.360757 0.027687 -0.285317 -0.076839 0.110487 0.044884 -0.264528 -0.138710 0.076212 0.099223 -0.163717 0.078268 -0.149496 -0.004171 -0.060559 0.223328 -0.140909 0.000699 0.026027 0.261554 0.030449 -0.001799 -0.074302 0.132820 -0.042196 -0.003085 -0.025077 -0.100762 -0.202784 0.203330 0.074052 -0.148107 -0.101119 0.228753 0.287267 -0.075292 -0.034959 0.023705 0.128269 -0.130138 -0.008045 0.145533 -0.206362 0.148348
eight -0.012002 0.206881 0.165812 0.100242 0.097686 -0.003411 0.146750 0.225031 0.047361 0.008351 0.222097 -0.012966 0.010839 -0.172626 -0.109951 0.059438 0.227556 0.118325 -0.187909 -0.236488 -0.107705 0.398877 -0.172792 -0.006234 -0.046838 -0.028720 -0.079826 0.006225 0.055070 -0.000287 0.115241 -0.059170 0.000692 0.081405 -0.111731 -0.213887 -0.111227 0.037631 0.106543 0.078226 -0.221152 -0.084077 -0.131522 0.080547 -0.083632 -0.064231 0.351956 -0.097222 0.004575 -0.182292
eighty -0.079043 0.209343 -0.037075 0.138755 -0.111648 -0.247160 -0.004937 0.172248 -0.160881 0.038678 -0.093982 -0.207504 -0.192399 -0.089300 -0.206687 0.000421 -0.216595 0.191796 0.077501 -0.104747 0.184553 0.059458 0.028815 -0.258640 -0.253858 0.070416 0.149454 -0.026891 -0.088275 0.047223 -0.034282 -0.128702 -0.215762 0.026271 -0.073246 0.199357 0.026013 -0.186281 0.012438 0.221830 0.041765 -0.006378 0.026398 0.052156 -0.050881 -0.071687 -0.126964 0.228599 -0.249402 0.110679
election 0.053366 0.074865 -0.273035 0.207267 -0.085970 -0.053937 -0.101097 0.167688 -0.183842 0.257498 0.212552 0.048415 0.093517 0.119439 -0.043708 0.181416 -0.127422 -0.002285 -0.030216 -0.218153 -0.224681 0.218456 -0.053556 -0.133100 -0.112712 0.091229 0.070571 0.182194 -0.106376 -0.084821 0.022473 0.114571 -0.117289 0.168956 -0.012001 0.062303 -0.040025 0.178739 -0.125354 0.019000 0.089835 -0.283776 -0.099931 -0.004417 -0.179221 0.098517 -0.212680 -0.044512 0.220418 -0.113496
elections -0.157468 0.158473 0.199573 -0.218472 -0.175937 0.021027 0.142247 -0.022569 -0.159757 -0.186355 0.025031 -0.153232 -0.128345 -0.088926 -0.135566 -0.021544 0.163873 0.059580 0.128424 -0.234452 -0.132792 0.256162 -0.171315 0.164702 -0.209383 0.074430 -0.123088 -0.135126 0.283232 0.221394 -0.030898 -0.083736 0.021223 -0.178521 0.069076 -0.118649 0.054881 0.151605 0.058879 -0.002357 -0.111424 -0.115581 -0.093571 0.043680 -0.258436 -0.058639 -0.062421 0.058937 0.059502 -0.151699
electricity -0.109146 -0.031749 0.233596 -0.238083 -0.001102 0.125970 -0.249121 -0.232967 -0.065311 -0.024144 0.085285 0.000961 0.185394 0.202396 0.182265 -0.064751 0.099998 0.009296 0.068367 0.050710 -0.168343 -0.104493 0.198794 0.033881 -0.000334 0.125333 0.366794 -0.160702 0.069696 0.117108 -0.002064 0.127619 -0.081554 -0.112251 0.173561 0.129597 -0.056524 0.014069 0.132858 -0.140406 -0.106291 0.104536 0.029364 -0.099941 0.150089 0.080475 -0.170606 -0.022819 -0.035306 -0.332688
electrified -0.102947 -0.081046 0.187519 0.145007 -0.231380 -0.039836 0.134674 0.074113 0.132437 -0.095146 0.248086 -0.088889 -0.309028 0.158657 0.045849 0.309372 0.016056 -0.030049 -0.062754 -0.019374 -0.034683 -0.101341 -0.032006 -0.348581 -0.023936 0.051948 -0.160220 -0.057516 0.038470 0.235014 -0.055188 -0.039959 0.172226 0.109645 -0.173094 0.155572 -0.198652 -0.021907 -0.194522 -0.048594 0.072250 -0.031551 -0.150165 -0.012983 0.149959 0.043100 -0.091081 0.063691 0.072334 0.231143
electronics -0.076405 -0.004680 -0.073878 0.132979 -0.155949 -0.062545 -0.089275 0.048337 0.074023 0.002743 0.323332 -0.220623 -0.095077 -0.015145 -0.142670 0.144331 0.067170 0.140295 0.074392 -0.036368 -0.002130 0.061460 0.153761 0.010975 0.197551 -0.043965 -0.113966 0.063828 0.218540 0.097623 0.156136 -0.037445 -0.130900 0.027622 0.246424 0.453796 0.203653 0.030034 -0.172212 -0.139291 -0.148756 0.187827 -0.140539 0.088748 0.115401 0.047086 -0.055487 0.063798 -0.105467 0.169650
elevated -0.061763 -0.040642 0.019372 0.027188 0.049670 -0.228021 0.257925 0.088811 -0.057329 0.184923 -0.109509 0.164089 0.052160 -0.092655 -0.000265 0.140589 0.094104 -0.048427 0.142304 0.006365 -0.071342 0.045404 -0.263861 0.294679 0.167410 -0.447509 -0.124507 -0.062579 0.148310 0.051940 -0.002780 -0.067156 0.105931 -0.170250 -0.033803 0.208760 0.112706 -0.029355 -0.164087 0.052375 0.065800 0.041935 0.197469 0.222417 -0.125632 0.187101 0.072050 0.064442 -0.024954 -0.039787
elevation -0.161006 0.143141 -0.134088 0.285968 0.120891 0.099255 0.196395 -0.140735 -0.116769 0.115829 0.107767 -0.037439 -0.113608 0.159469 0.122457 0.059836 -0.001397 0.088341 0.141018 0.043170 0.240341 0.048717 -0.155450 -0.016046 0.090005 -0.216385 0.042577 0.200100 -0.240217 0.125559 -0.209537 -0.309548 0.115416 -0.037699 0.251793 0.244953 0.022825 -0.053282 0.037959 0.069197 0.005810 0.018453 -0.022225 -0.027517 0.144460 -0.025254 0.047112 0.135985 -0.088558 -0.224725
eligibility 0.102408 -0.177119 -0.128291 -0.142895 -0.005144 -0.158734 0.245301 -0.130566 0.106621 0.041838 -0.077951 0.100051 -0.041768 0.138714 0.007844 0.174484 -0.230331 0.110586 0.048018 0.022212 -0.275366 -0.030512 -0.014325 0.001471 0.118865 0.048158 0.074640 0.090031 0.241581 0.149570 -0.387754 0.002240 0.209934 0.031040 0.199058 0.177974 -0.162794 -0.104181 -0.007142 -0.126015 0.081882 0.146220 0.186126 -0.070453 -0.151519 0.014903 0.189541 0.019652 0.182161 0.043299
eliminate 0.033956 -0.208038 0.013415 -0.080076 -0.141448 -0.033195 -0.124221 0.141412 0.085213 0.068294 0.041700 -0.238700 -0.150212 -0.438855 -0.107224 -0.020474 -0.091782 -0.141132 0.124558 -0.009177 -0.003613 -0.104499 0.059906 -0.124851 0.024939 0.057819 -0.123925 0.233474 -0.188457 0.027971 0.159096 0.009385 0.262779 0.022510 0.116319 0.146449 -0.080793 -0.185752 -0.121009 -0.118184 0.124777 -0.015143 0.016904 0.050735 0.123269 -0.081447 0.337818 -0.183361 -0.137027 -0.062894
eliminating -0.225148 -0.212692 -0.042310 -0.102563 -0.070989 -0.073436 0.199858 -0.077377 0.052657 -0.182727 0.134835 0.001240 0.042699 0.058542 -0.121385 -0.062984 -0.167280 -0.078838 -0.054501 0.197138 -0.178390 0.016451 -0.163162 0.162242 -0.114308 0.040997 -0.002810 -0.204759 0.027627 -0.158014 0.425704 0.005516 0.110548 -0.019791 -0.153520 -0.062768 -0.005184 0.013937 -0.039876 -0.170180 0.146726 0.333318 0.167946 -0.015537 -0.007304 -0.118658 0.269796 0.010249 -0.006146 -0.115456
emergencies 0.141092 0.173876 -0.149040 -0.156014 0.157881 0.074095 0.259445 -0.007396 0.054277 0.365569 -0.046431 0.110512 -0.063716 0.157833 -0.198548 -0.112150 0.069629 0.116296 -0.027240 0.191444 -0.130616 0.103336 0.106804 0.170902 -0.104896 0.052732 0.005718 0.077695 -0.014081 0.186726 -0.158429 -0.225264 0.081812 -0.013445 -0.186609 -0.187231 -0.004778 0.020634 -0.132810 -0.120113 -0.231939 0.111136 0.040874 0.144542 -0.088640 -0.174434 -0.183691 -0.066263 0.009283 0.210328
emergency 0.310880 0.254535 0.234231 0.307695 0.333400 0.247329 0.341982 0.224329 0.304838 0.266044 -0.081384 -0.099611 -0.142179 -0.181195 -0.049162 -0.069211 -0.170034 -0.035992 -0.107354 -0.142611 0.019327 0.029642 -0.025616 0.001068 -0.010889 0.004542 0.003483 -0.044886 -0.071446 0.045707 -0.022055 0.011234 -0.028372 -0.057632 -0.091770 -0.041045 -0.009433 0.003165 -0.105022 -0.029444 0.031778 0.013079 -0.010026 0.014407 0.060808 -0.025936 0.024425 0.032225 0.033805 -0.010048
emerging -0.156505 0.006054 -0.149398 0.032455 -0.124525 -0.029046 -0.013658 0.112073 -0.161838 0.026796 -0.148764 0.033388 0.106842 -0.323879 0.070912 0.016987 0.008940 -0.291000 0.032101 0.043653 0.017095 -0.074296 -0.040534 0.008794 0.101591 0.185937 -0.019163 -0.143582 0.249256 -0.003996 0.069933 0.019216 0.122361 -0.037395 0.088045 0.038823 0.037850 0.216039 -0.066901 -0.166176 -0.025382 0.430895 -0.331122 0.005481 0.203111 0.115099 -0.248418 -0.054816 0.020127 -0.035611
emission -0.073998 0.133362 -0.274870 0.071433 0.298783 -0.216980 -0.024429 0.307895 -0.136140 -0.015949 0.004273 0.191478 -0.179763 0.067602 0.083672 -0.187018 -0.061595 0.166605 0.025801 -0.018820 0.155329 -0.088025 0.081181 0.058529 0.016230 0.078001 -0.112150 -0.017608 -0.222393 -0.174416 -0.067910 0.035142 -0.057306 -0.137219 -0.043030 0.045152 -0.130195 0.136380 -0.066037 0.029284 -0.169424 0.190733 -0.297537 -0.080101 -0.156111 0.245910 0.065620 -0.105460 -0.065179 -0.138780
emissions 0.050580 0.140593 -0.061897 0.071699 0.186111 -0.154075 -0.028184 0.071647 0.092300 0.193786 -0.078395 0.282538 0.163429 0.010060 0.116912 0.141470 0.126475 0.232454 -0.126708 0.162832 0.182430 0.294369 0.003148 0.060279 -0.172295 -0.103838 -0.146689 0.099717 0.104182 -0.060984 -0.251290 0.040730 0.018297 0.006646 0.009743 0.040864 -0.332748 -0.191890 -0.074170 0.065016 -0.009947 -0.240920 0.085949 0.147887 -0.034140 -0.205700 -0.133441 -0.093946 -0.024296 0.082838
empirical 0.042334 -0.083176 -0.183563 -0.065707 0.145994 -0.265502 -0.023351 -0.107507 0.093086 -0.003062 0.020425 -0.014594 -0.085846 -0.196475 -0.011357 0.062719 -0.224193 -0.070669 0.020214 0.207965 -0.025210 0.257052 -0.051263 -0.159782 -0.084603 -0.037540 -0.115260 -0.104260 -0.051893 0.265354 0.182898 -0.087820 0.014167 0.106393 0.009458 0.025437 -0.109075 0.016972 0.084704 0.076521 0.196650 -0.243515 0.032386 -0.048768 -0.175636 0.037154 -0.061080 -0.361726 0.374200 0.059611
employment -0.183568 0.105177 0.008841 -0.026437 -0.059735 0.068610 0.029020 0.061285 -0.224471 -0.058163 0.129333 -0.048732 0.111083 -0.196925 -0.052904 -0.123239 0.074044 -0.068825 0.131045 -0.289931 -0.047439 -0.185065 0.173245 -0.134542 0.155065 0.019697 -0.329223 -0.068668 -0.157537 -0.004374 -0.059878 -0.037538 -0.054070 0.078588 0.179849 -0.045149 0.126757 0.067964 -0.207460 0.256274 -0.139399 0.260672 -0.135580 -0.234043 -0.088039 -0.128458 -0.185568 0.173371 -0.002696 -0.118316
empower 0.056650 -0.111328 0.037892 0.119338 -0.156442 -0.277555 -0.119227 -0.280348 0.028811 0.094286 -0.053602 -0.361500 -0.015097 0.113547 0.206196 -0.166044 0.200694 0.070265 0.049052 0.132743 0.208491 0.043696 -0.208242 0.020534 -0.100603 -0.077441 0.095908 0.137366 0.155822 -0.318042 0.002136 0.169173 -0.008116 -0.086991 0.139952 -0.096607 -0.068151 -0.040420 0.195492 -0.123242 -0.104759 0.029983 0.054364 -0.047256 0.117466 0.240645 -0.069053 -0.025758 -0.029759 0.062789
empowering 0.140543 -0.136773 -0.078964 0.207373 0.046847 -0.267046 0.009186 -0.207599 0.408748 0.201931 0.116738 -0.018547 0.166118 0.118333 0.064407 -0.120460 0.103487 0.034014 0.109472 0.020584 0.006653 -0.003653 0.044033 0.076113 -0.140651 0.144480 -0.249409 -0.016857 -0.040921 0.099181 0.006712 0.023648 -0.203899 -0.181694 -0.219874 0.196456 -0.039450 -0.046102 -0.067415 0.228141 -0.137431 0.280530 -0.064373 0.022976 -0.022490 0.168234 0.036180 -0.021376 -0.002294 0.107561
empowers -0.029673 0.158662 -0.049045 -0.086662 -0.002310 -0.243639 0.054820 -0.306045 -0.159394 -0.112814 -0.223796 -0.150467 -0.101304 -0.263673 -0.149377 -0.028995 -0.246912 0.212815 0.074319 0.100617 -0.057150 0.147463 0.103123 0.097556 -0.059244 0.208975 0.093515 -0.047491 -0.110285 -0.083062 -0.079539 0.202958 -0.024239 -0.200416 -0.000292 -0.046899 0.133452 0.211352 0.036342 -0.065617 0.101402 -0.016902 -0.173722 -0.129558 0.052699 -0.300970 -0.115102 -0.092902 0.058318 0.123042
enables -0.069599 0.022476 0.217553 -0.087586 -0.001478 0.163034 0.250049 -0.081877 -0.205476 0.208872 0.181451 -0.147572 0.129076 -0.163443 0.021659 -0.072339 0.045524 -0.052207 -0.039553 -0.289623 0.242381 0.145080 -0.034607 0.057555 0.083815 0.070174 0.042040 -0.132219 -0.247660 -0.208678 0.189251 -0.077845 0.095700 0.053301 0.107021 0.166856 0.056866 0.084288 -0.159552 -0.021316 0.032130 -0.199685 0.030755 -0.174049 -0.091721 -0.040349 0.069012 -0.236834 -0.264237 0.036097
enact -0.218118 0.052392 -0.235480 -0.061209 0.048556 0.065963 -0.136228 0.054125 0.035257 -0.191783 -0.029584 0.070821 0.157807 0.094779 -0.064598 -0.406348 0.240557 -0.176830 0.059350 -0.169419 0.027926 -0.187405 -0.072223 0.039383 -0.220269 -0.027605 0.183295 0.104862 0.085606 -0.068613 -0.062865 0.053242 -0.101938 -0.059949 0.278725 0.002452 -0.090542 -0.057389 -0.024320 0.035374 -0.004913 -0.185423 0.003173 0.114524 -0.059688 -0.049121 -0.059460 0.092472 0.349084 0.214481
enacting -0.080402 0.014842 -0.310040 0.083466 0.066732 -0.354725 0.109673 -0.091898 -0.122365 -0.125216 -0.043400 0.311370 -0.004967 -0.003945 -0.060850 0.117711 0.140221 -0.056547 0.070090 0.069862 -0.263738 -0.051931 0.128123 0.053669 0.051751 0.115978 -0.218758 0.057518 -0.019746 -0.110795 -0.093530 -0.078139 0.051564 -0.095412 -0.001092 0.057958 0.004452 -0.040465 0.086022 -0.259132 -0.003100 -0.330904 -0.088634 0.093640 -0.019657 0.294139 -0.130511 0.092009 -0.203703 -0.044814
encounter 0.116937 -0.244106 0.174765 0.111855 -0.079458 0.074663 0.293725 0.164053 0.000786 -0.067220 0.094081 -0.137585 0.212613 0.070272 0.148840 0.075027 -0.158381 0.036393 -0.062831 0.052021 -0.005704 0.205027 0.147462 0.124325 0.154005 -0.145715 -0.105955 0.087363 -0.081919 -0.038170 -0.356709 -0.095016 0.059600 0.106712 0.083067 0.021430 -0.149805 0.272683 -0.087624 0.242435 0.055572 0.233922 0.025607 0.129314 -0.098508 0.026645 -0.016778 -0.178206 -0.115506 0.106180
encounters -0.317917 0.155292 -0.216812 -0.075427 -0.079703 0.145835 0.016519 0.055679 0.187172 0.108018 0.119186 0.073458 -0.217992 0.021647 0.162567 0.063887 -0.167660 -0.357829 0.245053 0.075601 -0.059296 0.069440 -0.034331 -0.083072 0.082817 -0.108811 0.171928 -0.157188 -0.312211 -0.153834 -0.023144 0.060982 -0.200704 0.076407 -0.196779 -0.124754 -0.154965 0.060529 0.097208 -0.054276 0.104212 -0.031803 0.140071 0.150358 0.035214 -0.035280 0.014239 0.042514 -0.087162 0.054357
encourage 0.069587 -0.019737 -0.178649 0.008138 0.070855 0.110782 -0.013205 0.072121 0.087343 0.121817 -0.082618 0.071975 -0.159957 -0.105561 -0.054584 -0.099187 0.015763 -0.094171 0.053584 0.103061 -0.145728 0.136311 -0.146616 -0.081920 -0.012639 -0.133606 -0.052633 0.023502 0.282430 0.067470 -0.164379 -0.036842 0.380916 0.113406 -0.250475 0.131918 -0.199425 -0.119765 -0.243005 0.068849 0.135045 -0.355260 -0.018659 0.008511 0.080414 -0.236981 0.146589 0.045281 0.170271 0.124115
encouraging -0.065301 -0.289905 -0.008727 -0.128404 0.086065 0.082966 -0.007139 -0.161829 -0.101817 0.064670 -0.114001 0.096087 0.238178 -0.040874 0.141424 0.122296 0.120564 -0.199700 -0.017189 -0.065965 -0.070890 -0.019889 -0.053886 0.143269 -0.091848 -0.140493 0.213083 -0.134446 0.138776 0.169619 0.062072 -0.045282 0.152740 -0.038831 0.022702 -0.007956 -0.161695 0.348785 -0.071765 -0.176038 0.152920 -0.241958 -0.080363 -0.168205 0.046225 -0.311946 -0.005952 0.234540 0.094523 0.038786
end 0.045258 -0.150152 -0.132650 -0.031724 -0.155013 -0.033748 -0.180860 -0.090220 -0.008114 0.317683 0.073264 -0.028888 0.137794 0.045165 -0.003261 0.037837 0.019310 -0.039992 0.132819 0.035900 -0.004078 -0.172768 -0.020596 -0.033764 -0.113499 -0.024701 0.039269 -0.141718 -0.096511 -0.013660 0.073691 -0.042280 -0.040475 0.138426 -0.125940 -0.392427 0.063870 0.186016 -0.111247 0.232125 0.011258 -0.147479 0.384977 -0.001375 -0.036363 -0.026832 0.319196 0.091424 -0.250766 -0.126890
endangered -0.119020 0.032604 -0.187914 0.050221 0.016680 0.068081 -0.055399 -0.032375 0.052882 0.198461 0.172092 -0.005512 0.067308 -0.208708 0.026438 0.041722 -0.195863 -0.071609 -0.078312 -0.211436 -0.058657 -0.155014 0.075791 0.012787 0.176502 0.257598 0.039607 0.117500 0.111824 0.117147 -0.323368 -0.271586 -0.305804 0.076954 -0.125853 -0.159333 0.173899 0.002055 0.131764 -0.308574 -0.089354 -0.138809 0.035028 -0.160397 -0.126248 -0.081721 -0.013912 -0.024204 0.096393 0.004577
ending 0.131422 0.215330 0.042177 -0.009354 0.033275 -0.155970 0.176210 0.285686 0.093230 -0.055226 -0.056417 0.144985 -0.004119 -0.118277 0.164267 -0.100548 -0.204188 -0.171144 -0.027109 -0.250524 0.065620 -0.132847 0.046707 0.129402 0.098703 -0.021210 -0.085025 0.198149 0.179266 -0.291798 -0.020332 -0.091808 0.118090 -0.052444 0.054252 0.162347 0.177719 0.011568 0.216746 0.163462 -0.222713 -0.260096 0.034724 0.086526 0.024211 0.032616 0.123490 -0.122631 0.133779 -0.154885
endless -0.043974 -0.242986 0.032176 -0.128832 0.114519 -0.334948 -0.154776 -0.111363 0.067405 0.063376 0.058793 0.164432 0.008400 -0.115294 -0.218874 -0.071965 0.071200 0.381483 -0.095698 -0.088656 0.022398 -0.226352 0.040071 0.043911 -0.070666 0.003773 0.039643 -0.332054 -0.004450 0.055397 0.270182 -0.037913 -0.010633 -0.258213 0.194073 -0.084934 -0.153657 0.062212 0.039657 0.057811 -0.064493 0.183814 0.056852 0.152969 -0.018319 -0.069323 0.064523 -0.135183 -0.018732 -0.020145
endorsements -0.223882 0.134220 -0.066271 0.013001 0.150145 -0.112223 0.112724 -0.155147 -0.262209 -0.122231 -0.115123 -0.033663 -0.019463 0.031545 -0.073292 -0.132864 -0.084490 0.165508 -0.213401 -0.063423 0.132354 0.118306 -0.100194 0.283588 -0.017908 0.236309 -0.070206 0.029880 -0.135113 0.029469 0.074192 -0.070978 -0.005436 -0.063711 0.234245 -0.076780 -0.047467 -0.036910 0.243374 -0.339576 -0.075652 -0.107253 0.034240 0.054834 -0.039924 -0.085579 -0.307808 -0.112756 0.018093 0.232517
endorsing 0.144304 -0.225161 -0.019519 0.065510 0.080100 -0.208298 -0.230784 -0.000109 -0.186373 0.038498 -0.054555 -0.298194 0.027809 -0.065138 0.007315 0.044285 0.114952 -0.028081 -0.092096 0.102123 0.025245 0.133751 0.106393 -0.005194 0.122405 0.050218 0.231046 -0.320243 0.047264 -0.300998 -0.058289 0.152850 -0.098806 -0.162986 0.132966 -0.161998 0.142045 0.186239 0.156751 -0.077610 -0.160759 -0.003289 0.051707 -0.051518 -0.115374 0.194949 0.131528 -0.148924 -0.002331 -0.205147
endure -0.355189 0.024975 0.145172 -0.052481 -0.026234 -0.165731 -0.197852 0.056749 -0.060456 0.098881 0.033734 -0.128093 0.195546 0.119192 0.118269 -0.085819 -0.318512 -0.107806 0.024354 -0.229365 0.146344 0.039535 0.149932 0.114580 0.063019 0.136035 -0.047794 -0.086982 -0.163888 -0.024150 0.014305 -0.220199 0.032579 0.037785 -0.021871 -0.246540 -0.121444 -0.181629 -0.130836 -0.124136 0.005998 -0.050589 -0.174878 0.064716 0.117968 0.185524 -0.135073 0.185005 0.071836 -0.231128
energy -0.128174 -0.039126 0.179790 0.073308 0.290299 -0.114103 0.111591 0.177192 -0.093702 -0.165181 -0.162503 -0.085203 -0.043896 0.029956 -0.133061 0.164896 0.055496 -0.163730 -0.055967 -0.278014 0.169529 0.003185 0.096102 0.053319 0.116322 0.226031 0.184144 0.156194 -0.086256 0.021557 0.110184 -0.137996 -0.209722 -0.113596 0.174448 -0.132127 -0.206837 0.066014 0.222229 0.047556 0.148642 -0.065641 0.167078 -0.053677 0.118607 0.066575 -0.143660 -0.142148 -0.227689 0.025356
enforce -0.149077 0.094773 0.104079 -0.133309 -0.030161 0.122070 0.179112 0.119405 -0.015149 0.023081 0.091269 -0.101435 -0.092640 0.054860 -0.220061 0.124756 -0.039698 0.106368 -0.063177 0.112450 -0.112888 0.076744 -0.029491 0.208371 0.164351 0.126322 0.160250 0.122029 -0.056348 -0.059441 -0.075585 0.085616 0.072954 0.033195 -0.135101 0.031559 0.023554 -0.225562 0.520854 -0.183344 0.144822 -0.028031 0.073331 -0.002615 -0.092979 0.099591 0.222866 -0.240049 0.011690 -0.228457
enforcement -0.093502 -0.147523 -0.115210 -0.087962 -0.039416 -0.102144 -0.134179 -0.163685 -0.130177 -0.073919 0.241002 0.351486 0.348659 0.170831 0.311651 0.292375 0.273679 0.220232 0.359107 0.177114 0.017609 -0.031129 -0.078026 -0.050229 0.033205 -0.000061 0.003464 0.090548 -0.007665 -0.050799 -0.065068 -0.000574 -0.040608 -0.045612 -0.043345 -0.000057 0.019832 -0.063080 0.048072 -0.012914 0.033742 -0.021819 -0.035354 -0.109433 -0.062826 -0.001177 -0.101529 -0.043309 0.010079 0.031129
engaged -0.005508 0.154196 -0.071413 -0.118403 -0.136415 -0.045819 -0.298367 0.057184 0.039544 -0.036746 -0.035896 0.001586 0.192849 0.043460 0.176692 0.084875 0.028878 0.116543 -0.127630 -0.077438 0.247067 0.136558 -0.105405 -0.270535 -0.044614 -0.035719 0.127803 0.120053 0.115551 -0.109000 -0.182343 0.326163 0.140514 -0.188844 -0.188771 0.036390 0.098918 -0.012618 -0.024379 -0.104269 -0.125880 -0.094371 0.046092 -0.286247 -0.172168 -0.119408 0.196075 -0.113844 0.153636 0.145935
enrich -0.166544 -0.000626 0.039514 -0.230420 0.074240 0.094435 -0.006891 0.005021 -0.165934 0.004781 -0.222580 -0.070230 0.149787 0.105172 -0.035688 -0.142364 -0.152802 -0.037570 -0.182928 -0.106225 -0.160698 -0.124368 0.087932 0.014644 0.063958 -0.319093 -0.006235 -0.184324 -0.023830 0.006490 -0.320741 0.232515 -0.171646 0.125695 -0.210884 -0.150369 -0.177710 0.059327 -0.080733 0.007286 0.156209 0.004638 0.096370 0.246633 -0.111656 -0.206525 0.058231 0.045857 -0.173820 -0.102170
enrollment 0.163436 0.178057 0.008370 0.013595 -0.090685 -0.078904 -0.134155 0.238167 -0.049885 0.033762 -0.021519 0.160857 0.346759 -0.088705 -0.153752 -0.002882 -0.145923 -0.019298 0.169768 -0.050851 -0.014215 -0.199891 0.013498 -0.015346 -0.106732 -0.215628 0.034481 0.195554 0.155486 -0.086952 -0.067646 -0.146503 -0.045769 -0.246189 -0.204378 -0.192015 0.233842 0.093278 0.015528 0.273319 0.025160 -0.131483 0.105230 -0.127695 -0.001479 -0.168030 0.137948 0.158545 0.051852 0.147068
ensure 0.103709 -0.128988 -0.023790 0.058403 -0.092377 0.107942 0.108625 0.071831 -0.024414 0.063839 0.004419 -0.377743 0.128591 -0.146054 0.030147 0.015733 -0.117603 -0.019211 -0.036695 0.047467 -0.053750 0.194463 0.022635 0.360104 -0.048544 0.008486 -0.054403 0.245673 -0.041048 -0.022844 0.214661 -0.257367 -0.137014 0.155875 0.066520 0.070338 0.221863 0.109825 -0.087881 -0.104239 0.106017 0.050481 -0.193677 0.159642 0.184772 0.256189 -0.018166 -0.040888 -0.251540 -0.044424
ensures 0.297923 -0.025782 -0.230303 -0.091291 0.002987 0.077315 -0.103862 0.019520 0.020669 0.248872 -0.231934 0.090474 0.037381 -0.189993 -0.225203 0.073214 -0.124077 -0.090709 0.100051 -0.222946 0.028308 -0.133466 -0.093505 0.222635 0.080641 -0.232140 -0.063562 -0.222378 -0.026394 0.005480 0.002247 0.090091 -0.015341 0.045694 -0.227304 -0.116601 -0.116484 0.069186 -0.038206 -0.079044 0.051694 -0.111144 -0.089052 0.010573 0.042777 0.089326 -0.342939 0.271819 -0.051264 0.102437
enterprise -0.164051 -0.104741 -0.129149 -0.139224 -0.170148 -0.111308 -0.140145 -0.162488 -0.177788 -0.117604 0.299532 0.243323 0.302791 0.307613 0.259980 0.222296 0.336886 0.230012 0.215983 0.289693 0.002444 -0.040988 0.028557 0.003250 0.062257 -0.015846 -0.000832 0.044542 -0.033196 0.052028 -0.047403 0.043624 -0.035332 0.051433 0.030385 -0.013472 0.061480 -0.022705 0.020064 0.007930 0.005173 -0.008703 0.009818 -0.072694 0.004794 -0.046534 0.011144 -0.055105 0.082705 -0.003136
entire 0.142531 0.185792 -0.256345 0.113067 0.096299 0.022660 -0.157150 -0.067706 -0.142707 -0.204769 -0.118873 -0.037759 -0.087562 0.136669 0.117773 0.053768 0.365767 0.084698 -0.218871 -0.247071 -0.162658 0.103072 -0.224971 -0.173026 -0.273672 0.062155 -0.087895 0.192607 -0.092657 0.177553 -0.022318 0.022387 -0.013621 0.050591 -0.056453 0.004187 -0.074020 -0.064280 0.097901 0.038157 -0.011030 0.130357 -0.231313 0.201818 0.011544 -0.115534 0.072677 0.027930 -0.108086 -0.072345
entitlement 0.031339 -0.018413 -0.069117 -0.075344 -0.202816 0.272647 0.197671 -0.031028 -0.255578 -0.032637 0.017356 0.128510 -0.050260 0.172791 -0.104364 0.070666 0.078555 0.097917 -0.009698 -0.170493 0.229275 -0.205425 -0.057554 0.023060 0.012469 -0.225264 -0.063712 0.127860 0.102743 -0.079782 0.042268 -0.016253 -0.133943 -0.096668 0.077179 -0.421110 -0.200779 0.195111 0.008462 -0.139262 -0.230712 0.011444 -0.190818 -0.071389 -0.113012 0.126367 -0.003054 0.099182 -0.099413 0.125218
entrepreneurship -0.045278 -0.117247 0.172321 0.157725 -0.234658 -0.048069 0.066249 -0.016128 -0.006400 0.228385 -0.048086 -0.043253 0.079382 0.407414 -0.023202 0.096837 0.194526 -0.031393 -0.144722 0.087760 -0.202816 -0.125992 -0.227905 -0.075063 -0.392538 0.007829 0.020788 -0.109529 -0.110051 0.071611 -0.130210 -0.112737 0.223452 0.059153 -0.036444 0.087756 0.021916 -0.018507 -0.054672 -0.108926 0.059080 -0.118584 0.046311 0.218205 0.090423 -0.054482 -0.007370 -0.271959 0.031547 0.043387
entry -0.089895 -0.035892 0.141603 -0.038971 -0.186034 0.001894 0.176068 -0.131874 0.122888 -0.032048 0.148202 0.192530 -0.304421 0.038266 0.149307 0.167683 0.066034 -0.040798 -0.161504 -0.005042 -0.173419 -0.070806 -0.193940 -0.026330 -0.185051 0.006478 0.240672 0.013518 -0.120543 0.071056 0.205071 -0.047591 -0.085530 0.111008 0.223824 -0.031128 0.309422 0.260154 -0.121688 -0.155817 0.052593 0.076938 0.118721 0.110051 0.177123 -0.064977 -0.208272 -0.119176 -0.017976 -0.054137
environmental -0.219140 -0.166941 0.087852 0.199009 -0.095602 -0.126442 0.167923 0.076737 -0.050398 -0.230542 -0.002534 0.177170 -0.073636 0.154497 -0.067684 0.179811 -0.091889 -0.102862 0.210345 0.148083 0.097314 0.040726 0.020529 -0.195934 -0.200702 -0.176091 -0.036993 -0.059261 0.125651 -0.097513 -0.091994 0.077582 0.086742 0.076958 0.082655 -0.173214 0.053550 -0.036997 -0.214297 -0.025348 -0.097453 -0.000926 -0.002568 -0.178236 -0.036808 0.023200 0.351447 0.147436 0.213824 0.279236
epa 0.217622 0.072184 -0.027898 -0.077535 -0.257757 0.179250 0.111410 0.180943 0.021099 0.140619 0.095747 0.174179 -0.057856 -0.305799 -0.141004 -0.231766 0.191438 -0.107567 0.107494 0.012621 -0.172817 -0.048126 -0.143048 -0.045843 0.136035 0.159107 0.077456 0.126639 -0.133233 -0.134178 0.093125 0.043855 0.060954 0.147039 0.115587 -0.035980 0.172289 0.038520 0.108758 0.045098 -0.004936 0.121761 -0.116741 -0.278720 -0.001019 -0.092006 -0.257022 0.217360 0.067322 0.149535
epidemic 0.266301 0.146942 -0.018056 0.162929 0.036937 0.147668 0.111925 -0.062538 0.107426 -0.164362 -0.133556 -0.124086 -0.055462 0.032908 0.069998 0.091812 -0.034694 -0.184217 -0.001638 -0.184099 0.206980 -0.381621 0.063642 0.008526 -0.143254 0.014487 0.190340 0.068095 -0.088049 0.142921 -0.154009 -0.174810 -0.174423 0.187120 -0.000124 0.221804 -0.246588 -0.173494 -0.049861 0.106175 0.208647 -0.008505 0.029807 -0.123215 0.039312 -0.131508 0.048177 -0.051982 -0.185456 0.093883
equal 0.324351 0.363756 0.285877 0.201803 0.277027 0.247398 0.340866 0.198970 0.204687 0.316585 -0.102531 -0.154766 -0.151462 -0.082512 -0.092557 -0.174677 -0.147533 -0.120899 -0.076587 -0.091870 -0.025296 0.015271 -0.072535 0.007804 0.016679 0.008509 -0.084993 -0.047248 0.017958 0.037654 0.002461 0.086908 0.029143 0.029829 -0.034489 -0.003195 -0.059558 0.059577 -0.003987 0.004176 -0.066948 0.028305 -0.006144 -0.012853 -0.010474 -0.033046 -0.069718 -0.038857 0.001919 -0.041991
equality 0.265315 0.113531 0.238726 0.412459 0.219858 0.262215 0.223191 0.295586 0.394711 0.240569 -0.176799 -0.125598 -0.119701 -0.047123 -0.176266 -0.092610 -0.176111 -0.090583 -0.065516 -0.172551 0.007488 0.004375 -0.052321 -0.022109 -0.009576 0.024210 0.001471 -0.022442 0.016697 0.042795 0.073550 -0.002262 -0.048102 0.004038 0.024848 0.010165 0.003037 0.009474 -0.012728 0.018493 0.059129 0.012919 0.042136 -0.059229 -0.022148 -0.091881 -0.006569 0.009725 0.086931 -0.062490
equipment -0.049719 -0.106688 -0.103967 -0.122150 -0.089179 0.126763 0.193956 -0.249818 -0.015921 -0.130439 -0.131749 -0.055203 -0.001485 0.210535 -0.044972 -0.017205 -0.314220 0.159229 -0.144992 -0.006526 0.010371 -0.094526 0.001908 0.231942 0.101070 0.119312 0.248536 -0.161712 0.094726 -0.171844 0.071176 -0.026092 0.099994 0.079855 -0.021194 0.025963 0.120319 -0.229906 0.106008 0.272773 0.034711 0.105926 -0.085228 -0.155746 -0.194000 -0.232254 -0.003682 -0.101325 0.077287 0.255296
equitable -0.145808 0.102632 -0.183926 0.128125 -0.213609 0.088601 0.072374 0.103642 0.063152 0.228217 0.126759 0.045052 -0.142837 0.158013 0.246213 0.031887 0.027352 -0.043634 -0.032754 0.018007 -0.077656 -0.040791 0.092593 0.102524 -0.327755 -0.168709 0.012266 -0.201965 -0.024009 -0.090021 -0.213239 0.047406 -0.019199 0.344989 0.111038 0.025339 0.069853 -0.033490 0.198569 -0.202655 -0.058022 0.141367 0.145627 -0.061279 -0.144654 -0.186734 -0.078196 0.148536 -0.079049 -0.214200
erosion -0.115593 0.166036 0.123520 0.092277 0.111182 0.044767 -0.103581 0.193401 0.033258 -0.028747 0.029547 -0.050843 0.076915 -0.071853 0.028976 -0.119811 0.234843 -0.146305 0.006947 0.332815 -0.057437 -0.159199 0.044921 0.089628 -0.024409 -0.267359 0.267521 -0.355301 -0.197527 -0.123763 -0.048469 -0.153581 0.051616 0.005933 -0.227943 0.030287 -0.105509 0.008922 -0.071871 -0.304220 -0.069238 0.017111 0.165407 -0.006077 -0.032019 0.101238 0.122523 -0.072519 -0.120455 0.147911
escalation 0.082104 -0.165318 0.336082 0.027973 0.060007 -0.082781 0.129080 -0.020945 -0.126466 0.062497 0.168061 0.138656 0.059187 0.012250 -0.030188 -0.004314 0.071019 -0.180429 0.063063 -0.093531 -0.085251 0.150589 0.133963 0.028428 -0.040925 0.251796 -0.051942 0.158854 0.283405 -0.044507 0.191938 -0.061523 -0.128173 0.188038 -0.126979 -0.082476 -0.097208 0.184122 -0.138628 0.191800 0.161014 -0.230012 0.089019 -0.011858 -0.132722 -0.010630 0.187432 0.290046 -0.056129 0.191399
essential 0.172236 0.035078 0.042384 -0.087634 -0.069196 -0.126747 0.398015 0.189360 0.011625 -0.218300 0.158925 0.198390 0.040672 -0.018799 -0.127255 0.151075 0.006337 0.168289 -0.418666 -0.005337 -0.025103 -0.170251 -0.070021 0.203043 0.044872 0.167073 -0.211141 -0.037360 -0.002366 -0.147419 -0.006599 0.074668 -0.082434 0.202864 -0.009041 0.012603 -0.147146 0.010149 0.127008 0.091550 0.228969 -0.077975 0.049236 -0.023055 -0.072650 -0.156514 -0.059974 0.086874 -0.007321 -0.107252
establish 0.009069 -0.161450 0.155803 -0.244629 0.133156 0.143460 0.072872 -0.177096 0.136882 -0.134852 0.221032 0.085985 -0.248055 0.205351 -0.172039 0.080120 0.268881 0.170366 -0.020202 -0.233021 0.114580 -0.155765 0.061496 -0.054553 -0.057539 0.190390 -0.270294 0.108501 -0.050688 -0.020689 0.032885 0.053488 -0.286843 0.057907 -0.101597 0.111032 0.065548 -0.029584 -0.201314 0.100364 -0.047751 0.108238 -0.222391 -0.034984 -0.007981 0.030853 -0.007989 -0.102845 -0.099789 0.002797
estate 0.110511 -0.163582 -0.084651 -0.133184 -0.144800 0.344293 -0.131600 -0.042283 -0.205553 0.045957 0.128636 0.099466 0.141103 0.061029 0.131545 0.135578 -0.030778 -0.229753 0.215126 -0.058263 0.098737 0.033969 -0.191761 0.197582 -0.061244 0.031095 0.179600 0.029101 0.102502 0.216744 0.313214 -0.081870 -0.045770 0.118080 -0.151148 0.016149 -0.010884 -0.012500 0.176424 -0.120362 0.083748 -0.016869 0.013324 -0.163721 0.224828 0.119413 -0.130441 -0.190749 -0.125695 0.061948
estimated 0.259403 -0.006423 0.186183 -0.033780 0.126840 0.035670 -0.059759 0.128322 0.067188 0.302483 0.038304 -0.029888 0.037156 -0.301912 -0.136699 -0.017353 -0.211646 -0.073979 0.042209 -0.241916 -0.081889 -0.051871 -0.126432 0.059339 -0.036910 0.028048 -0.111483 0.153980 -0.118506 -0.001597 -0.075016 -0.311362 0.089684 0.139844 0.172988 -0.092901 -0.363785 -0.054143 0.105585 -0.018154 -0.041491 0.125182 0.200599 -0.127112 0.091439 -0.123336 -0.100919 -0.185329 0.013722 0.014418
estimates 0.066843 0.079997 -0.005416 0.090299 -0.201064 -0.030328 -0.242666 -0.038325 -0.060047 -0.249017 0.049877 0.288629 0.010925 0.033541 -0.053473 0.114714 0.099443 -0.226737 0.151933 -0.236857 0.205912 0.127662 -0.168759 -0.234486 0.126653 -0.014817 0.185758 0.003360 -0.173450 0.032549 0.014687 -0.152623 -0.004929 0.042562 0.153947 0.067721 -0.045948 -0.010412 -0.017175 -0.040283 0.297201 0.075400 -0.247752 -0.304020 -0.058753 0.127602 0.018936 0.019108 0.093931 -0.105527
ethics -0.014361 -0.043967 0.084501 -0.029588 0.196043 -0.232342 -0.240276 0.016493 -0.180981 0.034415 -0.022570 -0.142650 0.174983 0.047137 0.172504 -0.128046 -0.198350 -0.194930 -0.043146 0.072015 0.001695 0.046922 -0.047170 0.141998 -0.006053 -0.158395 0.177944 -0.161041 -0.051528 0.191878 -0.167735 -0.085542 0.025039 0.055186 0.202618 0.114963 0.132601 0.127426 0.235794 -0.145508 0.105513 -0.021035 0.166209 -0.109852 -0.161745 -0.183588 -0.171422 -0.314283 -0.123493 0.126189
evaluated -0.047286 0.179102 -0.044139 -0.034590 0.138202 -0.155938 0.053276 0.090148 0.134270 0.048565 0.001855 -0.008951 0.172968 -0.058650 -0.067253 -0.093593 0.054175 -0.058216 -0.100406 -0.191057 0.019765 0.003960 -0.097506 -0.033196 0.009068 0.095622 0.123918 0.109571 -0.166453 -0.147719 -0.217642 -0.065162 -0.187422 -0.138048 -0.048110 0.173889 0.191247 0.170065 -0.040815 0.069861 -0.216852 -0.257405 -0.142012 -0.164735 -0.427075 0.006161 -0.239075 0.159977 0.187705 0.140052
evaluating -0.153809 0.035219 0.162188 0.000516 0.030999 -0.076358 0.271126 -0.106165 -0.251717 -0.032661 0.066057 -0.134538 -0.089930 -0.108107 -0.100125 -0.119797 -0.124652 -0.111682 -0.006976 0.079763 0.195706 0.167153 -0.141126 0.031414 -0.039363 0.174301 0.262518 -0.116363 0.325233 0.064091 -0.104760 -0.019757 0.201105 0.040854 -0.049915 0.111680 -0.092808 -0.224662 0.036686 -0.031774 -0.241333 0.259039 0.057218 -0.070673 -0.273033 0.193903 -0.014474 0.065779 0.004681 -0.012169
evaluation 0.159936 0.052982 -0.046462 -0.057498 -0.090182 -0.083000 0.011332 -0.084034 -0.248869 -0.150825 -0.087563 -0.225495 -0.490727 0.132390 0.016031 -0.239811 0.240060 -0.152426 -0.073050 -0.040258 -0.061132 0.069192 0.003482 -0.115622 -0.020937 -0.103278 0.081009 0.000708 -0.068359 0.080075 0.114917 -0.175868 0.011772 -0.043462 -0.135791 -0.017593 -0.090692 -0.000887 0.083880 -0.034959 -0.181398 0.039352 -0.182839 0.090371 0.051928 -0.096216 -0.173947 -0.279080 0.250874 0.075313
every 0.190956 0.004706 0.117564 -0.065053 0.143463 -0.283069 -0.026611 -0.218339 -0.102749 -0.027482 0.095974 -0.140473 0.120556 -0.406500 -0.039347 -0.174375 -0.130875 -0.044522 0.302022 -0.014787 0.027644 -0.148093 0.126715 -0.045707 0.089414 0.028392 -0.009940 -0.090168 -0.076939 0.054415 -0.030183 -0.141140 -0.115036 0.038940 0.035538 -0.115850 -0.141827 -0.112983 -0.027230 0.202710 0.105577 -0.049668 0.281814 0.242812 -0.090231 0.058605 0.132156 0.013023 -0.064113 -0.238317
everyday -0.159658 0.026504 0.188622 -0.209342 -0.145375 -0.172114 -0.048667 -0.077568 0.239052 -0.137387 0.019985 -0.039135 0.091679 -0.059544 -0.185480 -0.089011 0.084659 -0.136854 0.066411 -0.045627 -0.087130 0.036067 0.117120 0.182585 -0.109589 -0.051355 -0.025223 -0.060598 0.013352 -0.036366 -0.088732 0.075174 0.199281 -0.102725 -0.323005 -0.145617 0.356058 -0.047449 -0.079217 0.056088 -0.162042 -0.154024 -0.005879 -0.364356 -0.174074 -0.069655 0.024466 0.117271 0.022992 0.183470
exacerbate 0.054919 -0.131523 0.032630 -0.111047 0.092247 -0.079289 0.136066 0.039040 0.124449 0.034024 0.247656 0.123380 0.029336 0.108015 -0.089390 0.076163 0.070609 -0.237077 0.072242 -0.018318 0.031891 -0.012240 -0.136787 0.076483 -0.164579 -0.343006 0.049918 -0.162723 0.149795 -0.117057 0.128027 0.096764 -0.282510 0.108174 0.082530 0.179531 -0.085060 -0.008401 -0.055834 -0.000240 0.184907 -0.273558 0.030832 0.106001 -0.101275 -0.003396 -0.320971 -0.301962 0.074916 0.107620
exacerbated -0.187670 0.088657 0.057466 0.226940 -0.041085 -0.011736 -0.041542 -0.002182 0.188127 -0.134525 0.220029 0.091368 -0.096079 0.010126 -0.142710 -0.093039 -0.198371 0.106959 0.230493 0.028499 0.013778 0.095496 0.233625 -0.088444 0.078924 0.065311 -0.109106 -0.049747 0.068704 0.108319 0.036758 0.209747 0.135972 -0.244196 -0.164838 0.010891 -0.157874 0.052455 -0.113651 -0.378820 0.137454 0.032727 -0.026118 0.166770 -0.215302 0.085166 0.143026 0.263173 -0.011781 -0.073553
excessive 0.225487 0.182791 0.095165 -0.077400 0.030125 0.125170 -0.182783 0.028885 0.061394 0.118987 0.082866 0.027576 -0.140536 -0.192097 -0.113560 0.003024 -0.070948 -0.018485 -0.058642 0.083571 0.076390 -0.231467 -0.114356 0.126833 0.226982 -0.027785 0.082380 -0.167360 -0.217024 0.114028 0.225458 0.181783 0.157375 0.017066 -0.128990 0.258413 0.224042 0.110703 -0.032712 0.064887 0.322199 -0.036639 0.095970 -0.004949 0.012982 -0.125615 0.147107 -0.101423 -0.229248 -0.168228
exchange 0.154010 -0.046729 -0.304392 0.215133 0.052400 -0.028872 -0.204827 -0.240083 -0.051621 0.127845 -0.219097 -0.271408 -0.152670 -0.173045 0.121444 0.048225 -0.104758 -0.006466 -0.063883 -0.094640 0.028182 0.096237 -0.121899 0.127960 0.171984 -0.069299 0.044863 -0.179206 0.134612 0.269821 0.173927 -0.011886 -0.043390 -0.100309 -0.216107 0.111037 0.007115 -0.004190 0.132301 -0.099344 -0.077437 -0.056865 0.124749 -0.343470 -0.108828 -0.043920 -0.034308 0.093338 0.016609 -0.026468
executives -0.138223 0.236405 0.179358 0.031067 0.003306 0.158226 0.031682 -0.114205 -0.187214 0.132009 -0.269697 0.191432 0.007539 0.011702 0.025092 0.037193 0.119970 -0.087322 -0.251773 0.006208 -0.108634 0.148419 0.080973 -0.012161 0.146374 -0.132341 0.255502 0.165024 -0.073129 0.043822 -0.061138 -0.052054 -0.296769 -0.043915 -0.089362 -0.069142 -0.142434 0.159971 -0.049407 -0.296583 -0.029780 0.026036 0.089372 -0.179776 0.062119 0.126111 0.180376 0.039180 -0.046382 0.284011
exercises -0.073281 -0.010441 0.063028 -0.003624 0.169876 -0.229247 -0.026394 0.155092 -0.024807 -0.012190 0.055589 0.223747 -0.183383 0.270718 -0.099760 -0.091805 -0.160267 0.110877 0.079365 -0.084824 -0.121990 0.002972 -0.007067 0.002843 -0.008021 -0.116122 -0.138699 0.013998 0.048296 -0.154360 -0.096214 0.246308 -0.007895 -0.188908 0.067379 0.124672 -0.099198 0.047249 0.379668 0.070646 -0.139887 0.066288 -0.053299 -0.016753 0.151589 -0.226568 -0.148979 0.162891 0.158653 -0.342538
existential -0.167732 -0.034968 -0.106659 -0.024091 0.058925 0.120948 -0.306004 -0.134160 -0.015816 -0.059114 -0.053405 0.062591 -0.087685 -0.087253 0.217198 0.214820 0.171300 -0.083234 -0.019097 0.026373 0.085593 0.057626 -0.042276 -0.343839 -0.063089 -0.373404 0.097454 0.158064 -0.169553 0.024998 0.035993 -0.049605 0.017995 0.112251 -0.002232 -0.049956 -0.037531 0.023722 0.364762 -0.160553 -0.017572 0.126732 0.124687 0.033365 -0.141622 0.119136 0.101197 -0.126838 -0.246907 0.000271
existing -0.034586 -0.082208 -0.088723 0.125209 0.091599 -0.065817 0.020923 -0.221584 0.163378 -0.074609 -0.126924 0.062238 0.173835 -0.255471 0.008767 -0.104060 0.198342 0.213818 -0.170401 0.129064 0.093025 0.094756 -0.045515 0.158902 -0.055259 0.092711 0.001265 -0.163195 -0.061770 -0.284987 0.237234 0.160010 -0.047976 0.216855 -0.002978 0.060047 -0.043570 -0.155435 0.059114 -0.120316 -0.037398 0.172072 0.186616 0.331439 -0.179792 -0.030124 0.159833 -0.037987 -0.168930 0.072697
expand 0.109501 -0.063050 -0.245908 -0.090675 -0.225647 0.182411 0.076211 0.087090 0.070983 0.076993 -0.010025 0.053103 0.179199 -0.015561 0.116629 -0.064299 -0.008294 -0.135666 -0.153368 -0.096361 -0.155553 0.033528 0.051773 -0.019685 -0.070487 0.078924 -0.039571 -0.011401 -0.122298 0.153319 -0.101006 -0.271495 0.136105 -0.041454 0.307384 -0.273951 -0.136086 0.016811 0.385038 -0.061524 -0.065635 -0.011675 0.154041 0.093655 0.314430 -0.122212 0.094310 0.083875 0.088123 0.061493
expanded -0.140875 -0.012058 0.095206 0.218542 -0.074649 0.283384 0.520517 -0.080268 0.243547 -0.060619 -0.064137 0.102497 -0.261483 0.067553 0.021034 0.149252 0.231009 0.002471 -0.180944 0.071392 -0.037470 0.056537 0.000029 -0.069233 0.050380 -0.012908 0.152036 0.016360 -0.125174 0.050110 0.014117 -0.186976 0.075138 0.034755 0.107312 -0.049741 -0.103930 0.093209 0.015901 0.310615 0.048867 -0.135921 -0.037509 0.033388 -0.008906 0.027338 0.030461 0.042420 -0.126791 0.162939
expanding 0.009394 -0.180139 0.002106 0.101053 0.052912 -0.084629 0.020163 0.152731 -0.153867 0.002874 -0.001387 -0.154615 0.016499 -0.154370 -0.228704 -0.185991 -0.084226 -0.201799 -0.077330 0.057552 0.232540 0.166803 -0.342564 0.112587 -0.113360 -0.027777 -0.024797 0.174730 -0.034814 -0.041408 -0.138880 -0.142118 0.033126 0.261065 0.158865 -0.061163 -0.002370 0.126647 -0.042348 -0.006039 0.050167 -0.307531 0.119347 -0.190986 -0.051071 0.264997 0.102048 0.028013 0.207900 0.132574
expands 0.080750 0.033042 0.248128 -0.160413 -0.076493 -0.112162 0.037769 0.126793 0.251789 0.379437 -0.164932 -0.057943 -0.011769 0.038617 -0.039738 -0.056699 -0.031961 -0.103896 0.131587 0.000995 0.006252 -0.294135 -0.076833 0.166377 0.169928 -0.134775 0.058851 0.170428 0.201461 -0.187733 0.150560 0.128843 0.120445 0.058656 -0.069309 -0.038219 -0.108769 0.074218 0.050103 0.032072 -0.426809 0.130630 -0.096732 -0.080550 0.046514 0.010812 0.011556 -0.027023 0.056533 -0.119896
expansions 0.002242 -0.083332 0.160746 -0.219472 -0.137211 -0.124153 0.140853 -0.185555 0.261905 0.071298 0.070581 -0.171520 -0.132549 -0.015454 0.237242 0.242711 -0.088389 -0.033830 0.215861 0.054623 0.084462 0.034308 0.172773 0.038012 -0.154190 -0.019811 0.224444 0.011825 0.095633 0.042569 -0.089496 -0.182260 -0.079861 0.010902 -0.233111 -0.200004 -0.074940 -0.051095 0.005849 0.272376 0.119229 0.058517 -0.214009 -0.009663 -0.074534 -0.055264 0.000609 -0.135061 -0.029252 0.299856
expect 0.087323 0.177310 0.176541 0.131370 -0.027418 0.194322 0.001217 0.080866 0.136861 0.108538 0.158363 -0.111697 0.196513 -0.211122 0.195692 -0.329152 -0.112706 0.179950 0.019615 -0.048870 -0.066217 0.004111 -0.188972 0.087775 0.083757 -0.121773 0.015613 -0.009481 -0.049898 0.155186 -0.246971 0.051318 -0.248502 -0.090877 0.065356 -0.142052 0.203045 0.094508 0.097990 -0.003990 -0.108513 0.007498 0.288816 0.105472 0.083164 -0.114968 -0.140440 -0.223031 0.058162 -0.088999
expecting -0.162337 -0.016570 -0.206624 -0.033640 0.129530 -0.105429 0.046414 0.133606 -0.055032 0.270035 -0.099614 0.068955 0.258997 0.126802 0.041942 0.024845 0.081246 0.098802 -0.055129 0.280679 -0.139994 0.236080 -0.016501 -0.035302 -0.140044 0.068073 -0.056159 -0.101702 -0.151495 -0.166786 -0.067542 0.083876 -0.048139 0.047614 0.114977 0.233548 0.073185 0.059590 0.263242 -0.150946 -0.013199 -0.147377 -0.004748 0.115298 0.059503 -0.036679 0.024114 -0.146417 0.396712 0.193687
expedited 0.009139 -0.065092 -0.130944 -0.069189 0.134546 0.224294 0.095263 -0.064097 -0.190405 -0.028284 0.251840 -0.123479 -0.122252 0.011948 0.260260 -0.124145 -0.149973 -0.172763 0.126346 0.011605 0.119070 -0.020795 -0.165866 -0.003165 -0.141516 0.038754 -0.012740 -0.027706 0.244541 -0.108647 0.104347 0.247759 0.069337 0.136585 0.237562 -0.084186 -0.222615 -0.083649 0.292918 0.038984 -0.007173 -0.174855 0.121326 0.152021 -0.034087 0.145834 0.196856 0.106174 0.162000 0.057199
expenditures -0.038937 0.035915 0.022128 0.064591 0.233827 -0.144760 0.067945 0.140130 0.024552 0.206493 0.150940 0.091567 -0.078917 0.122849 0.088896 0.000699 -0.054956 0.036159 0.077020 0.111235 -0.144784 -0.190017 0.389814 0.135569 -0.076832 0.215222 -0.118427 -0.008736 -0.056360 0.212908 0.015298 0.068101 -0.064371 0.113396 -0.266701 0.038410 -0.175939 -0.021940 -0.263101 0.121028 -0.263165 -0.108094 -0.050706 0.154609 -0.016494 0.209054 -0.105206 -0.008992 -0.113819 -0.197155
expirations 0.252049 -0.011605 -0.178094 0.120184 0.057218 0.002226 -0.040922 0.018547 0.130658 0.114724 0.013495 0.197772 0.007354 -0.099592 0.089371 -0.234518 0.054046 0.289457 -0.161461 -0.179704 -0.053247 -0.106578 -0.032634 0.010708 0.068271 -0.033631 0.179790 0.147935 -0.057163 0.125775 -0.395370 -0.060450 0.006287 -0.101926 -0.219048 -0.050758 0.059656 0.069764 0.044358 0.040079 -0.205168 0.216038 -0.247061 -0.093628 -0.027073 0.176328 -0.174789 -0.162739 -0.139088 0.055893
exploit -0.017721 -0.163641 0.095662 0.004658 -0.013845 0.029817 -0.102276 0.084918 0.061493 -0.079916 -0.149131 0.107783 0.122212 0.151874 -0.074960 0.319175 -0.059140 0.046598 -0.020146 0.089629 -0.024998 -0.047982 -0.079489 -0.230366 0.066262 -0.031135 0.161192 -0.008916 0.197339 -0.058092 -0.380722 0.069872 -0.176299 -0.099514 -0.033573 -0.218813 -0.034040 -0.100934 -0.015307 0.204680 -0.197016 -0.095849 0.021604 0.024819 -0.228856 0.267288 0.103243 0.222726 -0.127444 0.250190
exploitation 0.052596 0.019778 0.045539 -0.110402 -0.056772 -0.011466 -0.157767 -0.188856 0.122942 -0.092061 0.158445 0.172190 0.098124 -0.196264 0.088369 0.226861 -0.276530 -0.170221 0.119987 0.060687 0.046939 -0.008733 0.182292 -0.206089 0.180509 -0.010248 -0.040325 -0.111139 -0.002916 0.260163 0.060038 -0.223170 0.284511 -0.028331 0.058026 -0.003317 0.154509 -0.017143 -0.137661 0.287959 0.015323 0.218944 -0.057384 -0.011723 0.088092 0.009246 0.147674 -0.133252 0.137275 0.186023
export -0.035393 -0.043077 -0.076884 0.189205 0.082394 0.233577 -0.029313 -0.148114 0.389271 -0.033756 0.019336 0.264170 0.229638 -0.187554 0.158037 0.163383 0.083519 0.138333 -0.021695 0.045626 -0.093860 -0.129567 0.009195 0.021993 -0.282017 -0.186092 0.092458 -0.051479 0.099528 -0.074925 0.235022 0.052458 0.109527 0.148781 -0.097423 0.161289 -0.028935 0.103973 -0.141043 -0.091684 0.135704 -0.047659 0.144557 -0.109150 0.223619 -0.073057 0.068489 0.104960 -0.144063 -0.006577
exports 0.070891 -0.032325 -0.122182 0.110529 -0.160287 0.179986 0.240345 0.171681 -0.120072 0.090284 -0.239220 -0.034827 -0.139416 -0.076322 -0.054817 0.141724 0.098011 0.035191 -0.086423 -0.065046 -0.059352 -0.152722 0.096452 -0.022200 0.131799 -0.055319 0.017973 0.204326 0.016755 0.041750 -0.183895 0.141617 -0.097337 0.121193 0.278571 0.275084 0.154795 -0.314324 -0.156966 0.118215 0.219421 -0.097972 0.183830 -0.046277 0.020390 0.260188 0.075667 -0.058908 0.068246 0.007357
exposure 0.089463 -0.113155 -0.042157 -0.028657 -0.053483 -0.003368 0.100849 0.043656 -0.104446 -0.239420 -0.020849 -0.040783 -0.126432 -0.061029 0.100911 -0.075110 0.145583 0.094427 -0.224899 0.034213 -0.388926 0.141867 0.066145 -0.082775 -0.114195 0.173099 0.186795 0.100277 -0.133502 -0.153915 0.156660 -0.129917 0.137442 0.096188 -0.144980 0.075013 0.232837 -0.151243 -0.071293 -0.108361 0.074450 -0.336809 0.308957 0.121115 -0.095411 -0.046518 -0.147639 0.036861 0.066029 -0.061894
extensions 0.213144 -0.035499 -0.159007 -0.213348 -0.090765 0.231615 -0.062712 -0.023363 0.009965 -0.072304 -0.061388 0.020851 -0.004220 0.006232 0.094274 -0.139890 -0.014598 0.054608 -0.099556 -0.026556 -0.165775 -0.058458 0.019804 0.210584 -0.189350 0.152103 -0.031580 0.137071 0.172882 -0.107665 0.151562 0.185027 -0.033556 0.136039 -0.243788 -0.178756 -0.167338 -0.019151 -0.095597 0.012541 -0.445934 -0.010852 0.043525 0.144713 -0.166725 -0.037908 -0.228734 0.204963 0.074472 0.107656
extraction 0.040971 -0.107833 -0.222586 0.023610 0.118803 -0.098564 -0.039001 0.134052 -0.167580 -0.057335 -0.159672 -0.050261 -0.026925 -0.012091 -0.277855 -0.124647 -0.074065 -0.189199 0.205467 -0.168562 -0.069687 0.068682 -0.124392 0.292169 0.018659 0.060253 0.128836 -0.190443 0.101495 0.168880 0.030340 0.139277 -0.110818 -0.120694 -0.098685 -0.145715 0.063586 -0.287497 0.023241 -0.011904 0.008710 -0.307704 -0.082388 0.101644 -0.164351 -0.041065 -0.307229 -0.130376 -0.033774 -0.060487
extreme 0.242249 0.209601 0.013087 0.008588 0.026763 0.029811 -0.197017 -0.237388 -0.002879 0.036032 -0.055941 -0.075330 0.190426 -0.079517 -0.194437 0.151211 0.068945 0.017601 0.074068 0.108179 -0.347729 -0.053043 -0.123835 -0.034492 0.176631 -0.092309 0.149546 -0.002709 0.064996 0.211946 -0.189964 -0.146359 -0.068629 -0.119068 0.183233 -0.263281 -0.106105 0.280475 0.050178 0.108427 0.121993 0.122459 0.073133 -0.121783 -0.047955 0.139818 0.048306 0.019991 0.058839 -0.227309
face -0.095960 0.094270 0.170828 -0.234692 0.064482 0.095670 0.025851 -0.159570 -0.065783 -0.156767 0.052187 -0.083217 0.033653 -0.098786 -0.184734 -0.216607 -0.105154 0.060593 0.081098 -0.108545 0.020074 0.108858 0.317507 0.053881 0.261296 -0.090213 -0.235360 0.191309 0.049091 -0.288536 -0.154755 -0.079069 0.156979 0.013732 0.074914 -0.040152 -0.123218 0.258837 -0.141795 -0.115533 0.004937 0.056591 -0.167652 0.007938 -0.235713 0.031890 -0.042110 0.106557 -0.003892 -0.213497
facial -0.034340 -0.048997 0.399146 0.155152 -0.153518 -0.094704 -0.012568 0.353277 0.093443 0.177852 0.072513 0.065354 0.030704 0.025088 0.092132 -0.038653 -0.179121 0.019704 -0.112455 0.210997 0.026654 -0.096067 -0.230133 -0.056476 0.046005 -0.023777 -0.145513 0.055431 0.297244 -0.049660 -0.074226 0.053609 0.123998 0.059440 0.056230 0.010781 0.115740 -0.166817 -0.371322 0.113377 0.021596 0.182425 -0.096908 -0.056534 -0.024595 0.072633 -0.128588 -0.155438 0.061422 0.037386
facilities -0.129389 0.081138 0.214313 0.026330 0.043517 0.103101 0.191738 -0.185244 0.105127 -0.252572 -0.208453 -0.072663 -0.174829 -0.041550 0.097168 -0.120298 0.097108 0.057666 0.090206 -0.363885 -0.143471 0.236658 0.107751 0.092957 0.040674 -0.049059 0.070639 0.077038 0.052068 0.000011 -0.141959 0.091556 -0.048556 -0.229488 -0.218044 0.077220 0.115654 0.039921 0.088030 0.139049 0.221092 0.103823 0.199587 -0.000284 0.069948 -0.003792 -0.290386 0.059193 0.164701 0.018706
factory -0.272766 0.140599 -0.077503 0.251672 0.037415 0.165302 0.044875 0.231684 0.038396 0.224720 0.046314 -0.003597 -0.117154 0.035213 0.109896 0.121945 0.164489 -0.012584 -0.064012 -0.048209 0.109867 0.087153 -0.055526 0.111360 -0.179928 -0.157588 0.177931 0.167507 -0.228196 -0.219875 -0.043721 0.030675 0.055407 -0.059269 -0.077933 -0.212660 -0.235465 -0.101175 -0.095350 0.122129 -0.123857 0.082429 0.195872 -0.032891 -0.276040 -0.037841 -0.081206 -0.004697 -0.236143 0.133716
failing 0.007593 0.176111 -0.212314 0.150941 -0.227348 -0.042271 -0.088717 0.045621 0.081735 0.167858 0.020185 0.180833 -0.083244 0.062171 0.143736 -0.041955 0.042278 0.043330 0.188577 0.042954 0.036908 -0.278259 0.004343 -0.143121 -0.042541 0.116609 -0.277623 -0.113229 0.060968 0.320753 -0.115579 0.071756 -0.078202 0.023980 0.197573 0.191167 -0.168135 -0.230661 -0.264024 0.086757 0.037367 -0.027938 0.020525 -0.047723 0.036439 0.039096 0.060847 -0.175280 0.270060 -0.098075
fair -0.045487 -0.222134 0.040753 0.142824 -0.138896 0.076844 0.009314 0.055445 -0.185144 0.019524 0.130315 0.101861 -0.142017 0.229673 0.103521 -0.094201 -0.241479 -0.171904 -0.177951 -0.090065 0.005552 -0.066771 0.034268 0.202426 0.195399 -0.200557 0.116209 -0.082988 -0.138044 -0.150464 0.011515 -0.020670 -0.222053 0.147119 0.154964 -0.242344 -0.077102 -0.030726 -0.200280 -0.085009 -0.058293 -0.080842 -0.249643 -0.299539 -0.046238 0.152100 -0.051266 -0.059244 -0.031932 0.161183
families -0.284531 0.024185 -0.223292 -0.221555 0.008392 0.046578 0.168201 0.002254 0.095760 -0.122570 -0.069942 0.029320 0.165949 0.141554 -0.131537 0.151652 -0.135116 0.194039 0.091991 -0.099068 -0.020798 0.032438 -0.065356 -0.134854 0.061763 0.107550 -0.043359 0.129604 -0.035721 0.287881 0.140348 0.019094 0.038229 0.241535 -0.155594 0.178221 -0.194395 -0.003632 -0.001841 -0.041917 -0.196335 -0.179092 0.356664 -0.008063 0.070158 0.026362 -0.161098 -0.213148 -0.021033 0.063862
family 0.025010 -0.354451 -0.254342 0.135978 0.040441 0.248369 -0.105386 0.077126 -0.005743 0.152882 0.141380 0.094682 -0.094814 0.048050 -0.056908 -0.157043 -0.090707 -0.038627 0.003762 0.058891 0.157348 -0.141160 0.127326 -0.155385 -0.342620 0.086945 0.104572 -0.013684 -0.184806 0.163325 -0.071005 0.065620 -0.013840 -0.011362 -0.046649 0.038441 -0.148602 0.011687 -0.201156 -0.004693 0.129542 -0.232153 -0.091670 -0.331601 -0.159143 0.001612 -0.015975 0.060934 -0.160270 0.058581
far 0.064328 -0.188414 0.047372 0.169708 0.018501 0.001922 0.222283 -0.057855 0.090030 0.055401 -0.174501 0.091362 0.059683 -0.192617 -0.098068 -0.127001 -0.129662 -0.043080 -0.435827 -0.104795 0.055067 -0.158348 -0.104119 0.043655 -0.180253 -0.029716 -0.169338 -0.114522 -0.017354 -0.185699 0.214766 -0.058465 -0.074728 -0.090805 -0.131000 -0.128430 -0.004528 -0.007220 -0.029533 0.175681 0.240192 -0.092340 -0.030425 0.050302 -0.320529 0.148820 -0.187979 0.141445 -0.099623 0.027707
farm -0.142789 -0.023107 -0.097061 -0.069640 0.017201 0.110940 0.033389 -0.197402 -0.028068 -0.093290 0.179224 -0.107952 0.149649 0.053010 -0.300451 -0.019205 0.388755 -0.118548 -0.061754 0.062037 -0.033497 -0.145082 0.026315 0.087794 -0.018513 -0.015483 -0.186777 -0.172860 0.261840 -0.170071 -0.156351 -0.128584 0.099977 0.044986 -0.086637 0.121789 -0.061630 0.184821 0.131408 0.048817 -0.045463 0.212492 -0.084281 -0.212315 0.158823 0.131613 0.192937 0.003626 -0.154245 0.202085
farmers -0.014285 -0.221336 0.081554 0.026345 -0.175904 0.137594 -0.333545 -0.150181 -0.120049 0.124039 -0.128072 -0.052367 0.019787 0.043794 0.013179 0.032805 -0.048414 -0.130960 -0.062158 0.089826 0.152834 0.225714 0.180756 -0.171215 0.115612 0.035677 -0.136673 0.341091 0.269572 -0.013623 -0.069182 -0.216874 0.147440 -0.013200 0.093411 -0.068660 -0.081136 0.085107 0.018360 0.003657 0.226341 0.008285 -0.030086 -0.084225 -0.291707 -0.004874 0.025437 -0.011794 -0.235604 0.122408
farming -0.056308 -0.119409 -0.001006 0.123529 0.057077 0.063496 0.067927 0.042826 0.040357 -0.393412 -0.119383 0.250967 0.076910 -0.438352 -0.143999 0.048104 0.007247 0.101700 0.044145 -0.048633 -0.083651 -0.040226 0.245031 -0.160299 -0.171232 -0.010683 0.168384 -0.013205 0.002912 0.021879 0.063843 0.074571 -0.217475 -0.156583 -0.244912 0.056727 0.122329 0.058844 0.071046 -0.249569 -0.032185 0.073151 0.043604 -0.142038 0.052729 -0.084330 -0.070270 -0.236140 0.030875 0.029814
farms 0.194262 -0.138088 0.095188 -0.047287 0.140018 -0.123122 0.157344 0.136164 -0.174961 -0.010678 -0.210027 -0.146781 -0.207550 0.188151 -0.056537 0.313197 -0.053582 0.007310 0.002811 0.204416 0.140688 -0.186418 -0.028829 0.065263 -0.107816 -0.064609 -0.015447 0.065967 -0.042024 0.271033 0.222147 0.137113 -0.190472 0.149159 0.249443 -0.032286 -0.059337 -0.016215 -0.092217 -0.074520 -0.279223 0.153739 0.039351 -0.117270 -0.056597 -0.113806 -0.068642 0.042806 0.130546 0.115296
farmworkers -0.113455 -0.154873 0.011810 0.127953 0.069778 0.001937 -0.022377 0.148442 0.070108 0.093828 -0.138916 0.069276 0.213212 -0.040544 0.068732 0.083616 0.225765 -0.045751 0.139074 0.016920 0.176344 0.010481 -0.046223 -0.091452 0.000623 0.173778 -0.090878 -0.248712 -0.014571 0.003214 -0.111111 0.020648 -0.026769 -0.327265 -0.061373 0.267661 -0.227258 -0.071915 0.075836 -0.014901 0.189238 -0.074459 -0.214382 -0.373301 0.061292 -0.168311 0.111717 -0.060965 0.270669 -0.025450
federal 0.024745 0.085536 -0.123756 0.282686 -0.248624 0.141868 0.165516 -0.001621 -0.304210 -0.098639 -0.015664 0.102470 -0.077128 0.069999 0.021393 0.003243 -0.130200 0.051330 0.036962 0.049490 -0.011828 0.314618 0.229583 0.035819 0.139664 0.012714 0.154979 0.011140 0.180328 0.134551 -0.369347 -0.154072 0.244090 0.298845 0.034081 0.004729 -0.023769 -0.111517 -0.106504 -0.112501 0.027769 0.010598 0.082869 0.065551 -0.031431 0.057176 0.084925 0.044803 0.111082 -0.084427
federalizing 0.048585 -0.052579 -0.039550 -0.028189 -0.186839 0.218450 -0.145357 -0.094481 -0.051903 -0.025759 -0.196300 0.087921 -0.017524 -0.165142 -0.078146 -0.055767 0.237688 -0.011207 -0.275994 -0.080367 0.258012 0.082491 0.370751 -0.093288 0.013366 -0.219470 -0.176113 0.168501 -0.138792 -0.100759 0.144330 0.239040 -0.078262 0.004346 -0.176991 0.092586 -0.022116 -0.117913 0.124862 0.000667 0.085040 -0.000193 -0.110593 -0.020916 -0.291538 0.019743 0.008325 -0.048321 -0.165956 0.090728
fell 0.114287 -0.029331 0.192212 -0.169961 -0.033354 0.116387 0.069035 -0.262294 -0.168836 -0.030500 0.010289 0.241669 -0.043023 0.171288 -0.098565 0.311275 0.165290 -0.231212 0.055940 0.075099 -0.023325 0.091520 -0.023009 -0.185231 -0.044630 -0.007420 0.009674 -0.139373 0.009263 0.299351 0.038276 -0.144235 -0.048752 0.159984 -0.210331 0.001679 -0.020597 0.105988 -0.051392 -0.179538 -0.318156 -0.047496 -0.257217 -0.137120 0.101915 0.121607 -0.011790 0.059820 0.031940 0.048386
fertilizer -0.016130 0.178986 0.012680 0.004166 0.269660 0.103397 -0.170313 0.079886 0.063595 0.135335 0.051036 -0.070472 0.064851 -0.380002 -0.110525 0.306177 -0.105946 -0.092912 0.226695 0.085934 0.041962 -0.027772 -0.108242 0.002201 0.130608 0.290591 0.074169 0.371702 -0.090864 0.073856 0.044383 0.069031 -0.051717 0.097978 0.073008 0.155379 0.095568 -0.133666 -0.125735 -0.019288 -0.028025 0.204009 0.167613 -0.037804 0.020515 0.113560 0.106375 0.084436 0.065316 0.113357
figures 0.094185 0.014123 0.166244 -0.141212 -0.100367 -0.032175 -0.043408 0.085550 0.111950 0.009506 -0.037794 -0.108563 0.041671 0.074011 0.263046 -0.432233 -0.002530 0.099046 0.102006 0.027206 -0.051323 -0.024558 0.127818 -0.131099 -0.038178 -0.159531 -0.047798 0.297665 -0.179493 -0.266493 0.184160 -0.166772 0.143741 -0.051817 0.026851 0.109142 -0.173914 0.142465 0.061363 0.032248 0.052325 0.179906 -0.079611 0.046651 -0.149511 0.057959 0.173537 0.167765 0.014469 -0.272686
filed 0.162041 0.118999 0.010762 0.110849 0.083117 0.238169 0.073992 0.054991 -0.152576 0.018257 0.038675 -0.012538 -0.005092 -0.021870 0.101201 -0.055491 -0.276144 -0.097471 0.132324 -0.033836 0.073822 -0.348632 0.061063 0.043069 0.072110 0.216558 -0.076297 -0.011296 -0.049097 -0.263389 0.121258 -0.231343 0.030110 0.001465 -0.134780 0.052087 0.092644 0.004209 -0.201396 0.121304 -0.296621 -0.176378 0.082302 0.147656 0.190848 -0.074762 -0.051012 0.285387 -0.203545 -0.009589
filings -0.149975 0.103404 -0.143344 0.205973 -0.069770 0.086333 0.163920 -0.018929 0.108986 0.100686 0.097712 0.058017 -0.043239 0.086312 0.069334 -0.054015 0.317530 0.071335 0.006533 0.324712 0.066174 0.023468 0.055401 -0.150997 -0.023169 0.107500 0.295324 0.115764 0.105525 0.035287 0.073049 0.225512 -0.039010 0.325165 0.071476 0.070366 -0.256184 0.107482 -0.102408 -0.134683 0.081328 -0.106100 0.253019 -0.007330 0.171496 -0.016906 0.102002 -0.141849 0.085819 0.127234
finance -0.137388 0.197677 -0.022029 0.235077 0.264151 0.047244 -0.003201 0.016215 0.014150 0.030744 0.039037 -0.080590 0.148377 0.147341 -0.068901 0.088101 -0.006681 -0.141572 -0.306965 0.076100 -0.012631 -0.026015 0.038157 -0.170420 -0.220857 -0.060861 0.094347 0.005934 0.177103 0.053518 -0.389083 0.037346 0.142740 -0.180537 -0.037203 0.277073 -0.081633 0.264145 0.145323 0.231591 0.151251 0.020080 -0.006719 0.049617 0.004351 -0.097339 0.030551 0.019075 0.130778 0.112960
financial 0.042719 -0.053411 -0.170799 0.093288 0.086942 -0.279242 -0.121129 0.009835 0.116275 0.183315 0.110975 -0.044618 0.049920 0.055012 -0.208231 0.078052 0.065895 -0.102389 0.131450 -0.113616 -0.052978 0.084742 0.104125 -0.205305 0.133466 -0.323398 0.033545 0.195567 0.173414 -0.052636 -0.043819 0.028663 -0.245903 -0.154839 -0.236494 0.050454 -0.138292 -0.144967 0.136484 -0.111689 0.090248 0.127425 -0.205282 0.014063 -0.267768 0.093320 -0.160567 0.014138 -0.089549 -0.200259
financing -0.011692 -0.205712 0.048042 -0.143439 0.110812 0.157125 -0.047271 0.169038 -0.092908 -0.035311 -0.181536 -0.169796 -0.038188 0.171998 -0.111873 -0.100415 0.201531 0.260517 -0.045516 0.045305 -0.090692 -0.041102 -0.113706 -0.256681 0.177096 0.208293 -0.109563 -0.199067 0.112645 0.112608 -0.080364 0.063276 0.163409 -0.037119 -0.180423 -0.098545 -0.289782 0.076005 -0.001566 0.201152 -0.145416 -0.228811 -0.071441 0.163868 -0.010804 -0.109941 0.017524 0.015719 0.240909 0.034958
find 0.052315 0.007241 -0.171538 0.162513 -0.148500 0.140060 -0.137890 0.372115 -0.029344 -0.062677 0.013924 0.043441 -0.095181 -0.026665 0.071571 0.128969 -0.217217 0.091083 0.006820 0.217265 -0.271665 0.150588 -0.251715 0.178995 0.044357 0.035425 -0.012060 0.237312 0.170493 0.151757 0.233532 0.016084 -0.229864 -0.045533 -0.099726 0.178078 -0.096352 0.018154 0.002298 -0.007520 0.126284 -0.126886 -0.027996 -0.211131 0.078979 0.110698 0.130245 -0.120267 -0.094481 0.011941
finish 0.052349 -0.290877 -0.045551 0.175388 -0.126531 -0.052912 0.160099 -0.163692 0.036184 0.003675 -0.253989 0.141470 0.195881 0.003830 0.016926 -0.144363 0.120560 0.079426 0.258659 -0.027023 -0.087210 0.098870 0.027169 0.105294 -0.080236 -0.326151 -0.058346 -0.018980 0.104807 0.101165 0.219240 0.160852 0.061190 -0.039241 -0.084236 -0.212813 -0.326481 -0.144309 0.109478 0.045070 -0.195829 -0.126502 -0.078891 0.033469 0.185228 0.021781 0.080908 0.073418 -0.056166 0.152086
fintech 0.146115 -0.031695 -0.146565 -0.054229 -0.012440 -0.369909 0.036847 0.062207 -0.173121 -0.133217 0.084808 -0.056865 -0.040082 -0.137269 -0.068630 0.071856 0.183836 -0.158864 -0.020863 0.224100 -0.066596 0.020852 -0.049763 -0.066016 0.057421 -0.176842 0.258668 0.053481 -0.263648 -0.135369 -0.048769 0.184696 -0.115281 -0.055131 -0.162998 0.034248 0.043026 0.098446 0.299711 -0.152294 0.144103 -0.055348 0.110827 0.174907 0.063849 0.296266 -0.190778 0.033749 -0.042202 -0.077328
firearm 0.028381 -0.002674 -0.086504 0.069853 -0.185618 0.027191 0.016367 0.175002 0.008159 0.006489 0.237602 -0.100615 0.137590 -0.054476 -0.176121 0.081779 0.018804 -0.239910 -0.111364 0.045605 -0.020138 -0.225875 0.317678 -0.166916 0.218388 0.256870 0.155358 -0.105454 0.018906 -0.110669 -0.091623 0.122669 -0.265867 -0.208559 0.000538 -0.000087 0.055658 -0.015471 0.196184 -0.134452 -0.000767 0.047818 0.168342 -0.127672 -0.233554 -0.049017 -0.154556 -0.053591 0.150451 0.171793
first 0.088312 -0.024153 0.158731 -0.089727 -0.133592 0.000956 -0.408231 -0.020494 -0.304442 -0.008090 -0.275010 0.171977 -0.058924 0.099411 -0.206862 -0.236632 -0.057081 0.174512 -0.166220 0.039069 0.061868 -0.016779 0.038660 -0.262886 -0.002828 0.010573 -0.183079 0.173081 -0.187233 -0.113537 0.124430 0.060565 0.019414 -0.058802 0.076448 -0.023438 0.029362 0.198539 -0.009245 -0.011531 -0.235489 0.047146 -0.161666 -0.064182 0.186599 -0.008602 -0.029194 -0.045454 -0.009000 -0.136117
fiscal -0.089743 -0.004497 -0.202727 0.211511 0.096807 -0.019651 0.106627 0.060399 0.006708 -0.328369 -0.260391 0.011513 0.185856 -0.118459 0.120898 0.053844 -0.084511 0.026474 -0.042786 -0.420253 -0.157875 0.034615 -0.141797 0.089093 -0.123484 0.286016 -0.225003 0.098005 0.054155 0.181738 0.051234 -0.046236 -0.032257 -0.062278 -0.180298 0.019898 0.015973 -0.165863 0.089660 -0.044826 0.037370 0.137364 -0.037021 0.071584 -0.054995 -0.052085 0.090075 0.281639 -0.022110 -0.069998
five 0.049997 -0.145325 0.132919 0.075123 0.290079 0.121983 -0.381141 0.151600 0.087503 -0.109519 -0.040654 -0.182270 -0.250144 0.142731 -0.077843 0.065138 0.285118 -0.039383 0.101455 -0.041299 -0.161801 -0.043697 0.182812 0.169322 -0.063164 0.116914 0.014118 0.112709 -0.020413 -0.064479 0.024900 -0.046065 0.011326 0.307728 0.140913 0.148343 -0.073042 0.047095 0.023570 -0.238892 0.092410 -0.066766 -0.033319 -0.256962 -0.008061 -0.137670 0.031644 -0.104059 0.011470 0.046272
fleeing -0.090682 0.044410 0.100113 0.269529 -0.034602 0.034293 -0.080643 0.032176 -0.142142 0.206197 0.013191 -0.090100 -0.222692 -0.058447 -0.046179 0.233401 0.133069 0.103113 0.190789 -0.222896 0.081594 -0.055334 0.372576 -0.051029 0.093724 -0.019467 0.137835 -0.036874 -0.209696 0.199426 -0.091729 -0.052707 -0.063548 0.199942 -0.160503 -0.049812 -0.062118 0.010703 0.258970 -0.006248 0.206960 -0.067556 -0.135482 -0.115615 0.019851 -0.184389 0.034893 0.000261 -0.260806 0.022251
flexible 0.018538 0.042316 0.086590 -0.135156 -0.111202 0.071757 -0.141389 -0.042503 0.138050 -0.135859 -0.354751 -0.311685 0.066147 0.056913 -0.120639 0.006357 0.081408 -0.130447 -0.093455 -0.113579 -0.008780 0.017537 0.262875 -0.103827 0.136719 -0.119490 0.043375 -0.067807 -0.064548 0.091146 -0.064937 0.021353 -0.138595 -0.077044 0.142088 0.177071 0.313304 -0.023280 -0.001631 0.327341 -0.005524 0.122582 -0.079039 0.036252 0.281087 -0.047024 0.227000 0.146913 -0.084377 -0.036214
flourishes -0.304176 -0.035076 0.117225 -0.176685 -0.073718 0.222346 -0.173080 -0.014448 0.161198 -0.064089 -0.206073 -0.148002 -0.154809 -0.023768 0.250477 0.180814 -0.158732 0.005163 -0.171611 -0.036334 -0.006498 0.012107 0.230415 0.326944 0.088522 0.068850 -0.007895 0.223068 0.128421 -0.039412 -0.013089 0.030934 0.048310 -0.003515 -0.070148 -0.235230 0.048714 0.098220 -0.150570 -0.108875 -0.073671 -0.110573 -0.026573 -0.021078 0.085152 -0.203811 0.115754 0.092889 0.246659 -0.066924
following -0.046116 -0.229933 -0.026441 -0.191356 -0.368980 -0.146557 0.133780 0.071210 0.076210 -0.131579 -0.020527 -0.223134 -0.259942 0.182513 0.087794 -0.053319 0.066683 -0.120030 0.073176 0.029091 0.067382 -0.216559 -0.177059 0.143581 0.059154 0.029378 0.086530 -0.074288 -0.081011 0.036348 0.159602 -0.123505 0.029687 0.171035 -0.268694 -0.062090 -0.073528 0.006349 0.066514 -0.083445 0.065021 0.137098 0.101076 -0.385793 0.040452 0.166143 0.092807 0.043002 -0.055634 0.001315
food -0.105738 0.158718 -0.185768 0.107654 0.065101 -0.035721 0.123166 -0.130847 -0.299591 -0.215573 -0.042837 -0.003469 -0.166864 -0.053197 0.156525 -0.244273 0.037760 0.142510 -0.031129 -0.241266 -0.159912 -0.300256 -0.056687 0.048631 -0.076826 0.111041 -0.088473 -0.165389 0.022906 0.133228 -0.054780 0.054362 -0.085929 0.118158 0.146184 -0.068533 0.279193 -0.063783 -0.123571 0.072611 0.165344 -0.096898 0.093834 -0.175286 0.098485 -0.001726 0.186851 -0.042751 -0.107167 -0.250580
for -0.185151 -0.240822 -0.084531 -0.089818 0.075104 0.164650 0.030951 0.166599 -0.154814 -0.180557 0.103137 -0.155522 -0.177163 -0.087459 0.005199 0.006308 -0.057278 -0.035842 0.160712 0.019065 0.073171 0.235968 0.284481 0.246068 -0.141241 0.048250 -0.162481 -0.107175 -0.063555 -0.083088 0.220480 0.128546 -0.089081 0.042442 0.028272 0.040269 0.235328 0.172760 0.028345 0.007377 -0.213232 -0.028693 -0.062914 0.211788 -0.065318 -0.244076 0.078235 -0.047469 0.251461 0.047421
force 0.144735 -0.054614 -0.019227 0.119116 -0.136488 -0.083949 -0.045037 0.081412 -0.271693 0.088439 -0.132164 -0.291514 0.132172 0.059783 0.033789 0.348974 0.031838 -0.238222 -0.202224 -0.103873 0.132794 -0.132155 -0.017030 -0.056390 0.027429 0.053779 -0.009593 -0.107501 -0.072453 -0.060580 -0.128872 -0.021305 0.000859 0.268170 -0.037715 -0.124353 -0.361304 -0.094355 0.113859 0.028974 -0.030993 -0.047444 -0.241374 0.142621 -0.036056 -0.095063 -0.086210 0.046573 0.249460 0.061665
forces 0.092377 -0.081672 0.012774 -0.125795 0.096202 0.404380 0.090025 0.231786 0.021427 -0.046012 -0.034264 -0.028567 0.135475 0.068185 -0.095701 -0.108087 0.027230 0.095247 -0.028742 0.219892 -0.002627 0.040304 -0.043571 -0.063307 -0.229840 0.019635 0.070398 -0.003654 -0.029246 -0.209976 0.013305 0.185830 -0.387255 -0.003739 0.139910 -0.081512 0.003492 0.005327 0.197816 0.291228 0.205637 0.046876 -0.152369 0.093249 -0.070588 -0.125871 0.171065 0.097948 -0.184479 0.105493
forecast 0.044688 -0.009168 0.058895 -0.124237 -0.179212 -0.009449 -0.225186 0.125572 0.279138 0.017666 -0.267477 -0.051118 -0.008267 0.159150 0.230785 -0.061966 0.170070 -0.073862 0.048581 0.016621 -0.148155 0.130964 -0.030192 -0.040269 0.046987 -0.164701 0.127753 -0.082970 -0.072775 -0.274960 0.052668 -0.020769 -0.088547 0.141617 0.067298 0.261419 0.025162 0.231626 0.305589 0.032915 0.169599 -0.082711 0.033463 -0.165957 -0.115492 -0.162136 -0.025722 0.246721 0.121685 -0.020055
foreign -0.037236 -0.000437 -0.318243 0.110864 0.077046 0.074468 0.145338 -0.007440 -0.027288 0.025173 0.073180 -0.210340 0.102300 0.230680 -0.310417 -0.149075 -0.139230 0.047578 -0.177701 -0.139911 -0.013693 -0.035523 -0.024848 0.288664 -0.143169 -0.187120 -0.312212 0.348799 0.064994 -0.001261 0.034935 -0.091292 0.146860 -0.096863 -0.076226 -0.168334 0.111814 0.009576 0.133649 0.017563 0.118662 -0.052629 0.016123 -0.008874 0.076467 0.036001 -0.019563 0.152925 0.006722 -0.168865
forgiveness -0.029859 0.048521 0.008380 -0.208377 -0.140707 0.110448 -0.222379 -0.149535 0.096571 -0.101839 0.023682 -0.101569 -0.015632 0.064597 -0.078720 0.136701 0.220586 0.167378 -0.019515 0.138250 0.005695 0.115914 -0.198600 -0.166429 -0.034453 -0.133990 -0.255816 0.328888 -0.070655 -0.251300 0.197451 0.240013 -0.039082 -0.145948 -0.086657 0.049379 0.025728 -0.360641 0.191905 0.004428 0.018889 0.006085 0.117657 -0.041483 -0.128937 0.004013 0.059989 0.119907 -0.027676 0.060219
formula -0.164327 0.020176 -0.066819 0.225731 0.093487 0.054990 -0.155238 -0.042233 0.042525 0.027691 0.188267 -0.137923 -0.084294 0.213943 0.076917 -0.170126 0.128921 0.121805 0.116048 0.060315 -0.063325 -0.008469 -0.172603 -0.108328 -0.116220 -0.165105 -0.077356 0.101883 -0.104135 0.191431 -0.025347 0.018084 -0.061012 -0.035473 -0.259435 -0.168132 0.196871 -0.225293 0.016648 -0.040294 -0.131757 -0.007681 -0.224427 0.023579 -0.114409 -0.169990 -0.038744 0.120774 -0.093727 -0.455865
formulas -0.262093 0.013305 0.080158 -0.055416 0.153894 0.030367 0.099285 0.069580 -0.079957 0.230985 0.230403 -0.116316 0.030319 0.181998 -0.053892 -0.110823 0.105982 0.082597 0.003253 -0.071537 -0.001379 0.018148 0.081745 0.185493 0.011534 -0.335391 -0.111027 0.085976 -0.011214 -0.017390 -0.039787 -0.132335 0.218915 -0.254102 -0.075503 0.036596 0.144814 0.051098 0.279522 -0.027042 0.119764 -0.046354 0.093234 -0.025185 -0.083122 -0.092741 0.427292 -0.020594 -0.120166 -0.171823
forty -0.213296 0.042669 0.017289 0.099306 -0.032147 -0.001148 -0.015487 0.326760 -0.199760 0.188987 0.243786 -0.174459 0.024627 -0.096291 -0.345756 -0.180760 -0.116647 0.100970 -0.073606 -0.031853 0.043073 -0.026334 -0.074138 -0.043135 0.111087 -0.262739 0.050889 0.009761 -0.106383 0.103830 0.038265 -0.125725 -0.048811 -0.126953 0.006052 0.230457 -0.123354 -0.009754 -0.028159 0.065733 -0.017027 0.111838 -0.051175 -0.203899 -0.155901 0.221892 0.338639 -0.018439 -0.044033 0.061351
fossil -0.028631 -0.055102 -0.131359 -0.024311 0.130764 0.167737 -0.091514 -0.305815 0.038457 0.117883 0.065010 -0.294046 0.010912 -0.081229 0.202124 0.103680 0.256617 0.070430 0.021732 -0.100804 0.126798 -0.041436 0.040770 -0.024368 0.211635 -0.184194 0.143531 0.146398 0.113611 -0.285485 0.193544 0.040770 -0.311141 -0.207501 -0.005825 0.032267 0.117904 -0.051368 0.264069 0.094790 0.065945 0.004765 -0.066144 0.155353 -0.058212 -0.030711 -0.012410 0.141275 0.101669 0.084509
fostering -0.024905 -0.116852 0.068936 0.102644 -0.134166 -0.148328 0.143233 0.084322 -0.210131 0.091870 -0.121572 0.122040 0.030689 -0.002584 -0.185756 0.039490 0.008170 -0.054207 0.097531 -0.179657 -0.162907 -0.115879 -0.035172 0.196403 0.147795 0.127260 -0.118350 0.032522 -0.063690 0.228592 0.042500 0.003639 -0.123324 -0.159948 0.142132 -0.030575 0.286548 0.270939 -0.109362 -0.081723 0.045615 0.014437 0.255382 -0.158933 0.167478 0.222078 0.184689 -0.111323 -0.299829 0.071429
four 0.151367 0.231694 0.067098 0.122462 0.003681 0.242632 -0.300119 0.214438 -0.259663 -0.112392 -0.031453 0.067464 -0.064647 0.037747 -0.060799 0.022207 -0.133917 -0.018460 0.014285 -0.137487 0.038190 0.078183 -0.019191 0.183638 0.184863 -0.167335 -0.240898 -0.041811 0.231340 0.007892 0.076346 -0.220892 0.003385 0.128122 -0.240850 -0.007971 -0.079832 0.020170 0.242384 -0.142981 -0.047758 0.114972 0.166930 0.035798 -0.181963 -0.162708 -0.098084 0.044352 0.120033 0.116949
fracturing 0.006013 0.057985 -0.160252 -0.024044 -0.006353 0.233355 -0.197921 0.145262 0.176976 -0.158644 -0.162448 -0.239536 -0.110801 0.278063 0.028746 -0.042513 0.218465 -0.135372 -0.163075 -0.126064 0.041945 -0.027840 0.117625 -0.007987 -0.018463 0.052019 0.081549 -0.155375 0.090954 -0.028461 0.019975 -0.020567 0.062071 0.083019 0.131597 0.173033 0.405904 -0.039241 -0.051287 -0.053523 -0.040081 0.159926 -0.269907 -0.073465 0.017385 -0.143173 0.139830 -0.267176 0.072999 -0.045646
frameworks 0.042353 0.187066 -0.209445 -0.084040 -0.016865 0.076287 0.053242 -0.128175 -0.019711 -0.106767 0.010439 -0.119975 0.269510 -0.078493 0.108708 -0.249630 -0.067265 -0.152650 0.073168 0.229814 0.028166 0.194596 -0.081350 -0.048020 0.002181 -0.251806 0.181117 -0.101272 0.443343 0.135379 0.197717 -0.112455 -0.014729 -0.020222 0.103666 -0.042859 -0.042402 -0.081629 0.101382 0.169813 0.076269 0.084961 -0.012809 0.067183 -0.110519 -0.067008 -0.277176 -0.143865 0.003872 -0.091021
frank 0.025903 0.159474 -0.077676 -0.082366 0.057298 0.198456 -0.206958 -0.043685 0.151401 0.108311 -0.151962 0.034707 0.092999 0.095224 -0.287544 0.297184 0.242048 -0.043898 0.270143 -0.036347 0.245505 -0.173461 -0.217383 0.045528 0.139333 0.197109 0.004174 -0.125238 0.111280 -0.050122 0.149011 -0.110760 0.235052 0.043099 -0.119689 -0.041880 0.071320 0.080244 -0.131990 -0.051774 -0.001715 -0.031001 0.089544 0.154265 -0.128267 0.188027 -0.070602 -0.031265 0.064894 0.169097
fraud -0.196884 -0.020649 0.082920 0.056465 0.250435 -0.147904 0.248294 0.008734 -0.148624 -0.046181 0.153557 -0.210793 -0.013771 0.078125 -0.123503 0.469727 -0.049402 -0.064045 0.117081 -0.208434 -0.061069 0.060780 0.131779 -0.059807 0.135977 0.185647 0.009148 0.137252 0.033049 0.085497 -0.263952 0.056945 0.064274 -0.286838 0.052717 -0.093188 -0.128692 0.116453 -0.143761 0.002433 0.064815 -0.092577 -0.126121 -0.049631 -0.055215 -0.013281 -0.017315 0.068907 0.079623 -0.174150
free -0.098218 0.004801 -0.028229 -0.073671 0.048763 -0.282539 -0.030672 0.135584 -0.048437 -0.111047 -0.028362 -0.029171 -0.001010 -0.075634 -0.016156 -0.331650 0.028275 0.083386 0.223251 -0.338396 0.013578 0.024604 -0.107497 -0.242668 -0.201265 -0.073879 -0.195168 0.028861 0.009663 -0.095001 -0.039993 0.099880 -0.235269 -0.184164 -0.095567 0.207442 0.131565 -0.108075 -0.005998 0.229103 0.100547 0.003930 0.228601 0.208364 -0.070481 0.000787 -0.042384 -0.051440 -0.173815 -0.181602
freedom -0.097114 -0.059570 -0.076250 -0.200404 -0.047076 -0.143278 -0.037375 -0.129043 -0.039099 -0.113931 0.289211 0.256413 0.240323 0.410528 0.305440 0.161622 0.248529 0.302452 0.322795 0.231382 -0.108328 -0.006171 -0.003968 0.046481 0.043922 0.047044 0.030202 0.002102 0.022803 0.049223 -0.058439 -0.105919 -0.024181 0.010352 -0.025990 -0.044126 -0.037635 -0.014135 -0.104326 0.057463 -0.071506 0.003947 0.013299 0.035071 0.065314 0.102260 -0.002664 0.033567 0.033059 -0.021967
freedoms -0.097703 -0.229020 -0.155236 -0.036624 0.162943 0.071044 -0.105800 -0.094688 -0.054983 0.104887 -0.259723 0.004805 0.095196 0.031849 -0.224466 0.208851 0.031396 -0.095915 -0.137358 -0.078573 -0.302876 -0.111867 0.156425 -0.122545 -0.109341 0.116617 0.038290 0.062852 -0.036141 -0.031415 -0.197829 -0.148984 -0.026546 0.315818 -0.204041 0.045656 -0.089223 0.108158 0.041931 0.029838 0.158671 0.091610 -0.206393 -0.307347 -0.030744 -0.161953 -0.188891 -0.038289 -0.003090 0.015417
freely 0.129015 -0.028545 0.080809 -0.088332 -0.031259 0.032872 -0.122235 -0.164697 0.096356 0.084849 -0.171529 -0.181263 -0.179832 -0.079259 0.187874 0.170833 -0.169808 -0.048916 -0.181610 0.365744 0.117253 -0.048291 0.129960 -0.012756 0.229401 -0.044299 0.155152 -0.062889 -0.036323 -0.004581 0.013110 0.038498 -0.342034 0.167634 0.117525 -0.223919 -0.130819 0.034017 -0.115935 0.036445 -0.152834 -0.033767 -0.028340 0.251569 0.059911 0.184762 0.021492 -0.144831 -0.188017 0.017773
freight -0.092056 -0.308471 0.167153 0.108494 0.023732 -0.034281 0.011597 0.204814 0.082360 -0.331566 -0.075386 -0.008255 -0.190921 -0.071264 0.203232 -0.136101 -0.042851 -0.075325 -0.146549 0.099108 0.055220 0.319199 0.111221 -0.079968 0.014125 -0.156285 -0.014729 -0.133475 0.236843 -0.059803 -0.041152 0.260262 0.194357 -0.074844 -0.107642 0.048318 0.006748 0.020211 -0.075712 -0.059015 -0.061705 -0.042984 0.170980 -0.034545 -0.187881 -0.146734 0.157491 0.128060 0.198336 0.119683
friendlier 0.132533 0.255378 -0.238119 0.225309 0.036587 0.078126 0.159858 -0.090484 0.138120 -0.127365 0.090304 -0.057634 0.066917 0.216657 0.334478 -0.025172 0.243244 -0.086254 0.132363 0.014471 0.022730 0.118177 -0.163698 0.101900 0.146990 0.015910 -0.075064 0.124184 -0.159262 -0.183214 -0.083505 -0.255093 0.136281 0.058711 0.160083 -0.072320 0.166315 0.034821 0.112163 -0.071708 -0.157487 0.090954 0.180458 -0.150750 -0.103233 -0.072251 0.069346 0.072602 -0.172971 -0.065255
from -0.223849 -0.058651 -0.024094 -0.288923 -0.138443 0.113236 0.087862 -0.192192 0.170305 -0.081552 0.222101 -0.008692 -0.046402 0.048683 0.046885 -0.104795 -0.037322 0.059807 -0.019635 0.255024 0.324145 0.048003 -0.132794 0.022837 -0.281310 0.024826 -0.059701 0.022855 -0.018334 0.264657 -0.111412 -0.117397 -0.083831 0.132916 0.159064 -0.151571 0.113723 -0.188424 0.031006 -0.048907 -0.057895 0.161926 -0.166859 0.056397 0.011723 -0.166294 -0.031073 0.223265 -0.205905 -0.017238
frontier -0.141345 -0.135618 -0.037983 0.159067 0.123835 -0.133817 -0.049445 -0.088238 -0.109741 0.075293 -0.007184 -0.135222 0.071183 0.122861 -0.180376 0.004730 0.009391 0.147593 -0.125351 -0.056034 -0.091345 0.008614 -0.113918 -0.170946 0.175212 0.125187 0.212387 -0.133832 -0.197794 0.031855 -0.143797 0.226587 0.343992 0.074778 -0.022805 0.117260 -0.106381 -0.146295 -0.250663 -0.074040 0.115606 0.263909 0.000987 -0.271916 0.154694 0.017703 0.253633 -0.013405 0.059812 0.035301
frontline -0.144904 -0.173509 -0.311900 -0.064626 0.064112 0.011171 0.073621 0.159780 -0.025244 -0.094054 0.217194 0.048276 -0.071161 0.097296 0.183512 -0.069203 0.209367 -0.127703 -0.045253 -0.093636 -0.122319 0.009851 0.011086 -0.004125 0.016026 0.014176 -0.131385 -0.186443 -0.194846 0.011852 -0.214222 -0.163763 0.084017 0.149439 -0.074624 -0.253183 -0.108105 -0.040084 0.065994 -0.018349 -0.237766 0.225770 0.080404 -0.315551 -0.075589 -0.140092 0.066150 0.172645 -0.127033 -0.211116
fuel 0.134346 -0.197351 -0.018339 -0.082740 0.104254 0.358426 0.088652 -0.019599 -0.057802 0.110672 -0.257865 -0.054251 -0.139598 -0.304031 0.155839 -0.128102 -0.145959 0.159813 -0.104864 -0.001861 -0.325205 0.053433 0.211407 0.146932 -0.037812 -0.085673 -0.141288 0.073324 0.045251 -0.009211 0.116206 0.013418 -0.215766 0.040793 -0.094441 0.032103 -0.020790 -0.007840 0.365172 0.015974 -0.103882 0.134127 -0.140138 0.111956 0.057522 -0.011924 0.067737 0.029496 -0.074574 -0.015399
fuels 0.000322 0.045266 0.068105 0.254606 0.114749 -0.081533 0.036210 -0.011946 0.139068 -0.325128 -0.211429 -0.080485 -0.000045 0.024482 -0.090518 -0.179951 -0.181428 0.214939 0.033983 -0.146369 -0.335598 -0.035003 -0.166705 -0.105027 0.087985 -0.227027 0.217440 0.181897 -0.142100 -0.090518 0.058787 -0.109969 -0.012363 0.124005 -0.092799 -0.166826 -0.130291 -0.155790 -0.054198 -0.138281 -0.007779 -0.095302 -0.133622 0.010544 -0.218133 0.009253 0.096023 -0.068636 -0.208880 -0.065189
fully 0.105674 -0.021420 -0.290399 0.063438 0.036687 0.174513 -0.216513 0.036450 0.114769 0.018363 -0.088713 -0.020304 -0.133918 0.049545 0.019910 -0.143634 0.121552 -0.036808 0.217103 0.083805 0.114417 0.148737 0.178429 0.033972 0.239566 -0.145264 -0.061381 -0.186143 -0.123918 -0.081691 -0.143908 -0.045120 -0.170000 -0.023703 -0.005585 0.354975 -0.081895 0.160835 0.151807 -0.217315 0.036781 0.075380 0.238197 -0.113511 0.051448 -0.136536 -0.146044 -0.266248 0.001843 -0.090083
fund 0.149366 0.003371 -0.191317 -0.095178 0.099046 0.078703 -0.177069 -0.065122 -0.091272 -0.151439 0.024144 -0.113867 -0.137021 0.124153 0.089702 0.194168 0.132425 -0.024718 0.036755 -0.040128 -0.227009 -0.001619 0.074966 -0.054481 -0.194744 0.067451 0.046950 0.104876 0.131593 -0.224316 -0.029915 -0.166271 -0.015656 0.376563 -0.110170 0.053688 0.002126 0.004856 -0.275630 -0.211896 0.255647 -0.177329 -0.220735 0.098998 0.081669 0.116222 0.145910 0.015299 -0.089564 -0.198922
fundamental -0.020015 -0.015422 -0.000946 0.005277 -0.121233 0.123554 -0.125571 0.099901 0.105804 -0.150996 0.111605 0.070609 0.048428 0.108054 -0.041896 -0.166019 0.105737 0.053180 0.384485 -0.222769 -0.166016 0.027438 0.006619 -0.103232 0.012467 -0.062511 0.291798 0.137836 -0.069986 0.193044 0.124980 -0.087743 -0.223353 -0.022415 0.172436 0.183515 0.092414 -0.066262 0.154305 -0.198950 -0.070856 -0.256510 0.145836 -0.019710 -0.250735 -0.038470 -0.179433 0.063355 -0.096489 -0.179481
funded -0.279889 0.075110 0.059949 -0.183448 -0.037483 0.104632 0.011195 -0.004084 -0.269476 -0.140768 0.057270 0.227615 0.235004 -0.034580 0.211424 -0.048865 0.027619 -0.026442 0.081741 0.044385 -0.075011 -0.067505 0.160160 0.155598 0.115786 0.151442 -0.051981 -0.050864 -0.110226 0.060771 -0.039777 -0.264359 0.094750 0.030774 0.008119 -0.093636 0.169266 -0.103291 -0.207011 -0.079398 0.059067 0.019480 -0.159464 0.128282 0.088455 -0.203431 0.022184 -0.070225 0.395968 -0.227452
funding 0.086182 -0.067658 0.023851 0.262198 0.095820 0.120937 0.082124 0.380443 0.316097 0.031069 -0.023262 0.060975 -0.096499 -0.288066 -0.039635 0.076067 -0.067439 0.046696 0.140911 -0.109189 0.045155 -0.074685 -0.410026 -0.135358 0.129845 0.018438 -0.080220 0.042367 -0.061322 0.009355 -0.184858 -0.095466 -0.029855 0.015929 0.083098 -0.191886 -0.181246 0.075000 0.056778 0.048958 -0.177152 -0.066870 0.001167 -0.154516 0.027390 0.008810 -0.183366 0.048429 -0.191556 -0.106205
funds -0.069147 0.004582 -0.003399 0.073730 0.101568 0.047360 0.056082 0.107186 0.015893 -0.025538 -0.014198 0.107340 0.046938 0.067184 0.135839 -0.065040 0.067800 0.231916 0.246532 0.018310 0.270706 0.079355 -0.169520 -0.107177 0.065648 0.107898 -0.299936 0.088218 -0.274763 0.167936 0.037006 0.153388 0.141223 0.135740 0.161495 0.047005 -0.171330 -0.193694 0.256741 -0.032570 -0.012103 0.060081 0.154302 -0.008458 -0.182189 -0.225358 -0.179704 0.043234 -0.276179 0.127988
future -0.055438 0.080893 -0.060027 -0.023576 0.054611 -0.081864 0.396371 -0.190832 0.112244 0.026740 0.275417 0.244795 0.014637 0.027417 0.241595 0.233625 0.043750 -0.022469 0.017809 -0.065841 -0.032654 -0.053231 0.008298 -0.212822 -0.126586 -0.051289 -0.138762 0.146327 -0.174371 0.000660 -0.090109 0.273350 0.021026 0.135751 -0.077611 0.041896 -0.120049 -0.225408 0.102857 0.041925 -0.127885 0.253420 -0.021011 -0.086460 -0.014066 -0.072754 0.115870 0.154868 0.212195 0.102362
gambling 0.061154 -0.255216 -0.112980 0.183717 0.391550 0.069633 0.151864 -0.181655 -0.029004 0.005074 -0.042877 0.116638 0.040861 0.068913 0.031268 0.014302 0.118140 0.042768 -0.140768 -0.316977 0.178081 0.112814 0.245468 -0.042011 -0.016100 0.002326 0.087073 0.065250 -0.192486 0.162024 0.076960 0.080731 0.124349 -0.116227 0.047836 0.001647 0.120209 -0.107994 -0.043194 -0.035421 -0.068695 -0.019846 0.308706 0.112511 -0.223257 0.115422 0.211293 0.135831 0.058614 0.113275
gaps 0.026197 -0.026324 0.087714 -0.098126 -0.228144 0.057515 -0.006781 -0.151767 0.038500 0.149425 0.093330 0.245218 -0.039459 -0.177646 0.168155 0.002194 0.003353 -0.127353 -0.099960 -0.115637 -0.015675 -0.088903 -0.195579 0.042722 -0.056651 -0.393517 0.372879 0.128858 -0.082906 -0.014985 0.044750 -0.058047 0.027186 0.011564 -0.091874 0.173715 0.240535 -0.171586 0.101207 0.289132 0.113050 0.027048 -0.035322 0.231013 -0.005567 0.114885 0.144553 0.043294 -0.098172 -0.020548
gas 0.184271 -0.103210 0.038814 -0.109203 0.094969 0.225519 0.069558 0.011212 -0.220759 0.193317 0.100686 -0.054401 -0.295360 -0.099769 0.148339 -0.003312 0.050734 -0.064024 0.011942 -0.060812 -0.101175 -0.475920 -0.091432 0.159436 -0.140669 0.016036 0.046177 0.041494 -0.299165 0.019817 0.012647 -0.100816 -0.049835 0.072991 -0.132138 -0.052787 0.081370 0.148113 0.061145 -0.292099 -0.076727 -0.071055 0.157936 0.165372 0.000341 0.040854 -0.074927 0.099235 -0.112515 0.121935
generation -0.130336 -0.307873 -0.030437 0.013247 -0.371960 0.013048 0.128979 0.150917 -0.087156 -0.157453 -0.060689 -0.218557 -0.044308 0.135963 -0.181606 -0.138224 -0.163524 -0.191757 -0.074904 -0.162673 0.056497 0.051458 -0.018633 0.269866 0.100862 -0.098053 0.101342 -0.191276 -0.108948 0.080136 -0.023478 0.234575 0.113802 -0.019998 0.078917 0.198596 -0.136070 0.139820 -0.175622 -0.130472 0.148224 0.055994 -0.072946 0.046452 -0.143289 -0.031942 -0.084215 -0.014197 0.176986 0.001188
generational -0.034999 -0.024217 -0.010014 -0.063796 -0.273115 0.075279 0.005819 0.127690 0.022965 -0.231555 -0.006416 0.283017 0.217272 0.035489 -0.075537 -0.182131 -0.031966 0.176280 0.145222 0.256154 -0.061205 -0.161514 0.023334 -0.255299 -0.164105 0.069408 0.181628 0.095044 0.065207 -0.029281 0.004933 0.074838 -0.035417 -0.085529 -0.181304 0.110417 0.019813 -0.154571 0.072025 0.393157 -0.062315 0.053016 -0.009664 0.021329 0.018242 0.182395 -0.171512 -0.044318 -0.054153 -0.253178
generic 0.114089 -0.156845 -0.025512 0.081383 0.032217 -0.053400 -0.078373 -0.027696 0.097676 0.020202 0.049754 -0.175753 0.279769 -0.015591 0.279018 -0.279727 -0.129369 -0.102945 -0.077909 -0.145020 -0.284143 -0.104633 0.107958 0.126167 0.146982 0.075468 -0.143880 0.248904 0.143520 -0.065510 0.030721 -0.026538 0.016199 0.072425 -0.065112 0.315328 -0.106216 -0.216774 -0.200843 0.009869 0.143311 0.092844 -0.219887 -0.051758 0.159977 -0.054141 -0.029642 0.054778 0.176064 -0.068740
geopolitical 0.146190 0.198768 0.032299 0.201221 0.103210 0.016958 -0.029563 -0.024857 0.247867 0.116615 -0.024527 -0.045117 -0.137685 -0.243405 -0.036833 -0.140114 0.014262 0.242104 0.145008 -0.156516 0.085826 -0.087132 -0.107574 0.040096 0.251870 0.047267 -0.088550 -0.153986 -0.042676 -0.230417 0.101105 -0.159360 -0.079276 0.206685 -0.182963 -0.134792 0.124448 -0.009031 -0.111758 0.114899 0.147479 -0.148305 0.068027 0.153456 -0.140729 -0.239044 0.028148 0.150917 -0.228363 -0.146825
gerrymandering 0.019505 0.070830 -0.064644 0.008008 0.120905 -0.074089 0.104399 -0.049233 0.089811 0.204743 0.128761 -0.116210 0.292631 0.025525 0.311426 0.021104 0.005128 -0.178318 -0.223158 -0.054838 0.014383 0.035044 0.123687 -0.061555 0.126877 0.291658 0.161541 0.033959 0.032365 0.086518 -0.228163 -0.111197 0.021140 -0.019802 -0.094395 0.006943 -0.239855 -0.104742 -0.040694 0.302540 -0.035638 0.174462 -0.129589 0.160185 -0.198508 -0.116825 0.274896 0.043570 -0.025482 0.099048
get -0.224719 0.168447 -0.089432 -0.093325 0.007043 0.175266 -0.074349 0.128127 0.189680 0.211899 -0.180690 -0.177700 -0.030644 0.039468 -0.161926 0.175719 0.054115 0.090065 0.005981 -0.074384 -0.204625 -0.034502 -0.110472 0.188488 0.112313 0.034575 0.015730 -0.189078 -0.117862 -0.020141 0.077029 -0.126881 -0.147482 0.073642 0.069894 -0.132950 0.022840 0.030256 -0.036042 -0.139038 -0.241134 -0.157265 -0.078715 -0.063092 0.137092 0.131312 -0.141719 -0.157573 -0.089426 0.446838
giants -0.101798 0.218267 0.110664 0.080680 0.107884 -0.096769 -0.024281 0.028993 -0.029024 0.183390 0.065146 0.219310 -0.051978 0.089217 0.036546 -0.076439 -0.031554 0.108011 -0.182542 0.189355 0.109952 0.153529 0.179567 0.178095 -0.011394 0.115845 -0.016359 -0.201026 0.208589 -0.132450 -0.272992 0.167183 -0.108974 0.254678 -0.095832 -0.112819 0.110848 0.004061 0.012148 0.044898 -0.131537 0.148524 0.335807 0.023871 0.207843 0.046301 -0.186422 -0.222234 0.011010 0.038951
gig -0.064326 -0.116766 0.226883 -0.010316 -0.128913 0.196896 -0.067962 -0.072717 -0.156538 -0.078929 -0.113941 -0.151571 0.052623 -0.341038 -0.144839 -0.022010 0.000193 0.105780 -0.098175 0.067794 0.086466 0.019799 0.016720 0.231025 0.170558 -0.001983 0.149093 0.056896 -0.043002 -0.217268 -0.093393 0.099620 -0.014210 -0.029223 -0.000239 0.023147 -0.057929 -0.042417 -0.108466 0.265483 0.010367 0.124948 0.027718 0.153065 0.428318 0.046733 0.261720 0.122260 -0.195165 -0.113288
glass -0.028534 0.065555 -0.334580 0.034954 0.077263 0.237467 0.070742 -0.249510 0.000963 0.096495 0.017006 -0.344392 -0.147754 -0.059877 -0.110234 -0.110641 -0.037598 0.061146 0.002265 -0.245047 -0.322776 0.005667 0.139001 0.183411 -0.051678 0.087881 -0.079629 -0.104500 -0.054249 -0.157871 0.052246 -0.055464 0.071408 -0.169076 -0.138733 0.046049 0.073522 -0.020453 -0.158601 0.186627 0.068191 -0.016304 -0.186913 0.150360 0.109885 -0.246084 -0.086902 0.035546 -0.001758 -0.160012
global 0.137461 -0.179859 -0.167580 -0.009833 -0.079723 -0.135070 -0.213431 -0.280928 0.099913 -0.091840 -0.082744 -0.068804 -0.044735 0.032063 0.307931 0.310755 -0.068296 0.159539 0.227231 -0.115483 0.282558 0.234855 0.055084 -0.188160 0.011202 0.057455 -0.014632 -0.142849 0.051124 -0.050997 0.040956 -0.062625 0.288776 0.170109 -0.032308 0.125151 0.071457 -0.018629 -0.052984 0.031309 -0.181166 0.095286 0.182462 0.060060 -0.054058 -0.016652 -0.024545 -0.067259 0.100873 -0.090145
go 0.157284 -0.059053 0.076754 -0.172007 0.052129 0.073581 -0.065988 -0.097759 -0.084122 0.115347 0.027646 -0.045636 0.091577 0.138151 0.244402 0.173296 0.099714 0.067461 0.011856 0.279800 -0.087677 0.265617 0.026601 0.157872 0.205949 0.166108 0.058957 0.060751 -0.065887 0.287802 -0.085733 -0.097900 -0.051919 -0.015179 0.079327 0.022198 0.204100 0.035700 -0.366569 -0.204537 -0.082969 0.023932 0.157247 -0.192848 -0.264269 0.058786 -0.059403 0.008807 -0.070925 -0.124751
good 0.071468 0.053398 0.031131 0.092958 0.085571 0.021059 -0.046681 -0.003913 -0.082741 -0.250294 -0.372516 -0.072748 0.139142 -0.086727 0.073754 0.033617 -0.229512 -0.153864 0.224391 0.022816 -0.151596 0.080001 0.186004 -0.255730 -0.116510 0.079724 -0.265821 0.064215 0.011963 -0.225698 -0.137860 0.054129 0.004432 0.354156 0.051810 -0.059807 0.051073 0.056412 0.146166 -0.087688 -0.164113 -0.153915 0.108332 -0.052209 -0.153231 0.097860 0.139057 -0.008475 0.052997 -0.119258
gouging -0.008732 0.141784 0.245960 0.038709 0.183536 0.072408 -0.023681 0.396266 -0.022150 -0.050305 -0.268734 -0.088468 -0.027932 0.048396 0.070206 -0.116860 -0.181689 0.056349 0.136549 0.118467 -0.004198 0.249694 0.038899 0.148472 -0.131074 0.031278 0.020992 0.087145 -0.124763 -0.053835 0.072431 0.237144 0.065431 0.017554 0.123290 0.149286 -0.052643 -0.189784 0.005954 -0.111919 0.302701 0.046876 -0.102431 -0.186540 0.119784 -0.059030 0.285872 -0.001590 0.086807 -0.126384
governing -0.052340 0.146582 0.093579 -0.117010 0.044741 -0.056930 0.108758 0.060363 0.176973 -0.053512 0.222096 0.032319 0.201590 0.183832 -0.317588 0.312161 -0.102322 0.010603 -0.093968 0.023855 -0.037185 -0.223942 0.135961 -0.036473 -0.015126 0.024107 0.170746 -0.075622 0.193046 -0.311513 0.037565 -0.004801 0.197641 0.101638 -0.044221 -0.155045 -0.169133 0.119464 -0.089517 -0.142285 0.159876 -0.185238 -0.019114 -0.003685 -0.045538 0.026682 0.139243 -0.097645 -0.036302 -0.269744
government -0.103045 -0.105565 0.186768 -0.128155 -0.021575 0.067100 0.149178 -0.042725 -0.095457 0.109680 -0.153990 0.110350 -0.114995 -0.057071 -0.193784 0.037548 -0.063267 0.106447 -0.103879 0.423947 0.075623 -0.021665 0.185615 -0.193194 -0.063799 0.175686 -0.068295 -0.061562 0.246707 0.106605 -0.054658 0.084718 0.012152 -0.179155 -0.076327 -0.014747 -0.051389 0.002790 0.002686 0.038391 0.337754 0.144075 -0.082519 -0.045304 0.088022 0.033738 0.035354 0.145558 0.092231 -0.387118
graduates -0.267222 -0.098846 0.013537 0.003268 0.163203 0.009198 0.171724 -0.142924 -0.169886 0.012677 -0.138643 -0.020619 -0.059720 -0.084054 0.180438 -0.051016 -0.069787 -0.201052 -0.091970 0.036014 -0.025423 -0.025472 0.176018 -0.043177 -0.156601 -0.073202 0.087379 -0.269447 0.091775 -0.164760 -0.209811 0.208062 0.210058 0.133309 -0.087965 0.047161 0.229492 0.146871 0.017400 0.008153 -0.223868 0.075904 -0.083452 -0.287197 0.152575 0.014712 0.061136 0.245364 -0.130715 0.170380
grain 0.171982 -0.003778 0.103004 0.018799 -0.260749 0.101734 0.285737 -0.032259 -0.018859 -0.061228 -0.101981 -0.295992 -0.227369 0.124693 -0.055144 0.096124 -0.289536 -0.137578 -0.214568 0.101738 -0.049612 0.148882 -0.055574 0.163961 0.101164 -0.107781 -0.142408 -0.039983 0.144713 -0.214457 -0.028492 0.120385 0.220419 0.238404 0.063153 -0.024243 -0.019664 0.121377 0.026367 -0.122579 0.180702 0.065265 -0.076555 0.134387 0.170359 0.104282 -0.044405 0.143505 -0.109262 -0.031493
grants -0.038643 0.118025 0.002150 0.171643 -0.157356 0.229399 0.091382 -0.059768 -0.061838 0.071526 -0.142421 0.043947 0.144776 0.083685 -0.052989 0.010896 -0.007942 -0.304573 -0.120307 0.007236 -0.118738 0.094924 0.115772 -0.159072 0.018570 0.122417 -0.144818 -0.224684 -0.199802 -0.125946 0.042616 -0.018723 -0.051008 0.075597 -0.006005 0.074205 0.004616 -0.207028 0.008672 0.054043 -0.125756 0.126402 -0.379116 0.200906 0.085906 0.323271 -0.287689 -0.081895 -0.107357 0.036751
greed 0.128420 -0.024052 -0.172943 0.062096 -0.173480 -0.009218 0.039292 0.145650 -0.058290 0.061563 0.190112 -0.071666 0.213686 -0.166454 -0.133672 0.010030 -0.043791 0.212792 -0.064004 -0.112981 -0.051279 0.195871 -0.094751 0.191909 0.051763 -0.059269 0.032255 0.035957 0.096665 0.075155 -0.025786 0.147047 0.022512 0.332625 -0.034254 -0.285400 -0.354618 -0.074340 -0.014186 -0.147258 -0.013058 0.249876 0.170557 -0.045210 0.086056 0.059435 -0.177402 0.075183 0.264613 -0.031485
green 0.383353 0.298530 0.263192 0.199740 0.345005 0.191871 0.236745 0.212631 0.366700 0.273402 -0.124905 -0.099554 -0.098405 -0.100589 -0.092120 -0.120288 -0.071069 -0.128707 -0.108683 -0.142838 0.094164 0.035881 0.037468 -0.051482 0.061808 0.000675 0.041809 0.099874 -0.029138 -0.035998 -0.081387 -0.012023 -0.035588 -0.005271 0.034157 0.004131 -0.020432 -0.005583 -0.121112 -0.006076 -0.035404 -0.017773 0.007171 0.008837 0.033158 0.029677 0.059089 -0.012247 -0.011768 0.050765
grew -0.068907 0.046737 -0.012062 -0.158752 -0.062665 0.257897 0.037260 0.148590 0.134830 0.042250 0.026688 -0.173067 0.119037 -0.134445 0.075420 0.107498 0.016987 -0.035887 0.151933 0.139070 -0.054939 -0.180435 0.168666 0.140286 -0.192299 0.037803 -0.063054 -0.153274 0.178521 -0.055766 -0.155109 0.093082 0.100258 0.016503 -0.257653 0.014340 -0.189818 -0.022597 0.049764 0.354403 0.005506 -0.260154 -0.228865 0.196194 0.013530 0.086826 -0.035621 -0.271598 -0.024546 -0.170114
grid -0.331029 0.304909 -0.115639 -0.041940 0.188344 -0.065831 0.120439 0.029006 0.010384 -0.036222 0.013196 0.123531 -0.099523 -0.025881 -0.042340 -0.118145 -0.029554 -0.076580 0.006219 -0.250566 0.096881 0.027525 0.231136 -0.000940 -0.046145 0.236991 0.199940 -0.033400 0.038009 -0.043441 -0.211054 0.105677 -0.214481 0.307447 -0.204537 -0.023885 -0.110848 0.125104 -0.052327 0.003395 -0.178138 -0.020770 0.093184 -0.039780 0.157330 -0.252381 0.115261 -0.041005 0.158227 0.089037
groups 0.083285 0.091012 0.063096 -0.222207 0.140815 0.217565 -0.119388 -0.071230 -0.196180 0.159105 0.244260 0.250429 -0.192613 0.110156 0.038924 -0.136868 -0.279446 -0.006780 -0.070710 -0.073382 -0.002721 -0.062959 0.019402 -0.169571 0.126495 0.008014 0.291816 0.016483 -0.033555 0.007607 -0.058212 -0.150877 0.246162 0.160635 0.113891 0.367256 -0.109540 0.082595 -0.073556 -0.037850 0.064960 0.069171 -0.039646 -0.064767 0.028761 -0.168962 0.169703 -0.042645 -0.033228 -0.055128
growth 0.014540 0.046670 0.158820 -0.094835 -0.225157 0.029928 0.254726 -0.012376 -0.293503 0.088566 0.104720 0.112473 -0.060861 -0.018708 0.140209 -0.259697 0.000136 -0.097050 -0.087026 0.130561 -0.107539 0.245250 0.105632 -0.046992 0.114220 0.186478 0.184259 -0.101863 -0.000597 -0.081126 0.131545 0.024700 -0.018288 -0.039943 -0.147744 0.060079 -0.187796 0.013544 -0.069184 -0.087458 0.159258 0.109504 0.155295 0.276262 0.123609 0.153172 0.262645 0.173950 -0.226037 -0.011085
guarantee -0.098920 0.101750 0.247198 -0.035628 0.211614 0.060217 -0.202449 -0.056040 0.123516 -0.116373 0.146247 0.236444 0.044419 0.069575 -0.054438 0.117547 0.223996 0.104662 0.200922 0.154185 -0.149234 0.165951 0.011613 0.004004 -0.094305 0.026851 -0.172956 0.014059 -0.192559 0.124006 -0.088988 0.011461 0.018057 -0.235485 -0.044902 0.085208 -0.118500 0.007046 0.194675 -0.121064 -0.291046 0.308049 0.013608 -0.060437 0.131632 0.010057 0.082913 0.095506 -0.144138 -0.224628
guaranteeing -0.088356 -0.214984 -0.042461 0.048280 -0.220746 -0.253598 -0.223845 0.087244 -0.114547 -0.087717 -0.022941 -0.137564 -0.023747 0.149269 0.041024 -0.109423 0.194737 0.058876 -0.138260 -0.119086 0.086691 0.240983 -0.219920 -0.240250 -0.005240 0.139599 -0.021701 0.144090 0.004509 -0.275539 -0.066819 0.013768 -0.007821 -0.013492 -0.095990 0.144260 0.098081 -0.031899 0.141464 -0.175337 -0.017109 0.083125 0.061174 -0.185028 -0.307327 0.029587 0.117086 -0.210017 -0.104374 -0.160424
guarantees 0.113040 -0.127291 0.176989 -0.079872 0.023247 0.055157 0.048374 0.174610 -0.245385 -0.113704 -0.029032 -0.218049 0.103229 -0.023146 0.069432 -0.028953 0.156627 -0.066915 -0.172732 0.236338 0.146041 0.311614 -0.132982 0.391728 0.234155 -0.051628 -0.011489 0.010068 -0.033657 0.153696 0.027997 0.004009 0.027716 -0.174609 -0.131682 0.135540 0.026095 -0.016653 0.103701 0.037190 -0.057555 0.107300 -0.038662 0.136529 -0.195241 -0.262919 0.116761 0.083807 0.125007 0.111434
guidance -0.206980 0.023302 0.302656 -0.317434 -0.192304 -0.099216 -0.009327 0.011077 0.073613 0.037076 0.061238 -0.178256 -0.179193 -0.127578 -0.172169 -0.157474 0.010491 -0.163545 -0.007123 -0.055484 0.088861 -0.001970 -0.004132 0.262802 0.013260 0.097527 -0.063103 -0.020282 0.189572 -0.097156 -0.172216 -0.189472 0.026147 0.011058 0.145766 0.011267 0.005762 0.199504 -0.154515 -0.135310 0.154293 -0.271199 0.181347 -0.004645 0.048242 -0.070431 0.103654 -0.045530 0.283136 -0.073174
guidelines -0.122279 0.048452 0.074229 0.013538 0.042305 -0.012808 0.172635 -0.130234 -0.179491 -0.025993 0.028447 -0.132959 0.187472 -0.010157 0.069299 -0.290295 -0.230103 -0.191968 0.010393 0.078175 -0.003996 -0.037656 0.042996 0.039382 -0.285324 -0.042626 -0.183688 -0.091551 -0.033089 0.101569 0.398270 -0.071366 -0.227353 0.058637 0.005514 -0.044302 0.182695 0.205241 0.068019 -0.151726 -0.171304 0.099554 0.166843 -0.023135 -0.232364 -0.105569 -0.041829 -0.029788 0.141581 -0.188535
gun -0.144880 0.006413 -0.248475 -0.130724 -0.236696 0.085195 -0.259417 -0.160071 -0.153007 0.226463 -0.096369 0.125207 -0.081088 0.060210 0.062384 -0.190256 0.094760 -0.116491 0.091072 0.091005 -0.029443 -0.223635 -0.119207 -0.151993 -0.071038 0.149114 0.124562 -0.134318 -0.033583 -0.114851 0.160314 0.072698 -0.332418 0.021683 0.065755 0.075033 0.043471 -0.136347 -0.096905 0.124889 0.159686 0.077948 0.088649 -0.101937 -0.208305 -0.235986 -0.064212 -0.123236 -0.143354 -0.073256
habitual 0.016426 -0.097704 0.043443 -0.217552 -0.027015 -0.009046 -0.124468 0.057947 -0.019569 0.167404 -0.088680 0.110391 -0.393221 -0.057061 -0.063944 -0.017610 0.025580 -0.255843 -0.072738 0.084053 0.022783 0.026296 -0.000381 -0.022702 0.362817 -0.070271 0.150118 0.133591 -0.205399 0.093427 -0.066797 -0.120934 0.095350 -0.361684 -0.133752 -0.034685 0.017323 -0.121199 0.069475 0.061154 0.110509 -0.082570 0.067854 0.248898 -0.041680 0.172675 0.168713 0.127545 -0.177202 0.087139
had 0.010604 -0.153819 0.041691 0.179580 -0.050114 0.100614 -0.183824 -0.259707 0.126536 -0.125122 -0.255936 0.099738 0.031188 0.261589 -0.066185 0.015286 -0.222968 0.051003 -0.092536 -0.059398 -0.252279 -0.126238 0.014556 0.083033 0.310558 0.069914 -0.027503 -0.006209 -0.066781 0.208286 0.095635 0.002459 0.006853 -0.041713 -0.148065 -0.027467 0.096553 0.095398 -0.004482 0.214570 0.093400 -0.215833 -0.297975 -0.098453 -0.007638 -0.140906 -0.032684 -0.162319 -0.005584 0.216603
handed -0.139514 0.200720 -0.220472 -0.113137 -0.060864 0.080449 -0.222829 -0.022573 -0.117309 -0.055799 0.052473 0.034847 0.156302 -0.159200 0.085102 -0.032615 -0.036361 -0.233257 -0.107101 0.196848 0.129909 -0.138188 0.101643 -0.022512 0.044677 0.007469 0.192033 -0.003830 -0.064875 0.104598 -0.113985 0.313256 0.120561 0.261284 -0.271936 -0.113451 -0.050232 -0.042490 0.184832 -0.162941 0.120949 -0.046413 0.104572 0.259972 -0.079453 0.033252 0.082602 -0.270898 -0.024851 0.058198
hard -0.069563 -0.080207 0.181371 0.018903 -0.170507 -0.173938 -0.047847 0.118297 -0.025352 0.398997 0.012898 -0.239350 -0.103768 -0.059643 -0.056438 -0.044973 -0.124118 -0.231459 0.151976 0.095790 -0.066445 0.167410 0.199224 0.141418 0.121401 -0.077261 -0.049423 -0.163384 -0.276067 0.040965 -0.100844 0.001206 -0.068838 0.076477 -0.103610 -0.212733 -0.256002 0.173725 0.019178 0.106596 0.151647 -0.005246 0.160045 0.001460 0.120317 -0.107934 0.017285 -0.217532 -0.007032 -0.123639
hardware 0.164623 0.090416 -0.151308 0.098781 -0.192612 -0.073297 -0.036162 -0.106355 0.062576 -0.380914 -0.173098 0.037854 -0.069315 -0.126149 -0.277918 -0.096631 0.043293 0.189313 0.036472 0.170757 0.207574 0.053132 0.137089 0.099341 -0.103084 -0.027658 0.069660 -0.103872 0.147917 0.053858 -0.078877 0.079108 -0.096827 -0.018986 0.055496 0.091991 -0.232954 0.088571 -0.307020 0.237527 0.202990 -0.026304 -0.064399 -0.042199 -0.031929 0.021523 0.086116 0.190134 0.136343 0.191516
harsh 0.456046 -0.028280 0.066812 0.062594 0.009839 -0.038640 0.243104 0.192564 -0.096982 0.158285 -0.040557 -0.167326 -0.097609 0.062287 -0.097393 -0.151204 -0.093939 -0.144968 -0.148674 -0.094658 -0.049811 -0.061558 0.090285 -0.232163 -0.047732 -0.077754 0.139184 0.337411 -0.136707 0.055956 0.017253 -0.081272 0.082676 0.014459 0.159188 0.141886 -0.189510 0.267824 -0.134273 0.064389 0.144697 -0.119564 0.070184 -0.023285 -0.084981 0.088355 -0.075534 0.158356 -0.023374 0.079553
has -0.003848 -0.070705 -0.257660 -0.104390 0.155871 0.152700 -0.249231 -0.059183 0.108290 0.098051 0.044909 0.298533 -0.255959 -0.079402 -0.053410 0.008032 -0.113550 0.195721 0.205785 0.168816 0.048281 -0.077866 -0.217220 0.089190 0.004676 0.146262 0.046205 -0.130103 -0.038302 -0.041981 -0.085061 0.193102 0.080224 0.174866 -0.032194 0.105401 -0.167084 0.265083 0.072775 -0.155261 0.013040 0.091674 0.073295 0.027374 0.178603 -0.049804 -0.081425 -0.293175 0.127075 0.094282
have 0.043211 0.004984 0.168360 0.109036 -0.239300 -0.014508 0.216055 0.021988 0.333112 0.144894 0.003787 0.172813 0.064396 -0.106275 -0.144735 -0.022162 0.105387 -0.038796 -0.103794 -0.183359 -0.130859 0.253358 0.025945 0.142551 0.027545 -0.049898 -0.042520 -0.097597 -0.093697 -0.081716 0.047047 0.164167 0.029679 -0.027646 -0.041094 0.235883 0.120520 0.207386 -0.078389 -0.148906 -0.091377 0.047707 0.021148 0.255232 -0.055652 -0.152321 -0.120530 -0.053205 -0.083280 -0.405422
he -0.034933 0.274081 -0.283320 0.132288 -0.015353 0.042580 -0.035051 0.039878 0.189797 0.135537 0.367634 -0.148571 0.047664 0.102383 0.024959 -0.070998 -0.099583 -0.039305 0.217654 0.195475 -0.067659 0.124106 0.085321 -0.008716 -0.052885 -0.164453 0.209500 -0.193590 0.015337 -0.111038 0.124854 0.076380 -0.031446 -0.303098 -0.078991 -0.046718 0.255219 0.068801 0.128825 0.030708 -0.037753 -0.237620 -0.115696 0.117782 0.026580 0.045137 -0.007542 0.013710 -0.144515 -0.153937
health 0.021643 -0.023679 0.045031 0.275484 0.061096 0.260816 0.081763 0.059015 -0.069849 0.014684 0.181103 -0.023415 -0.147133 -0.114555 -0.166034 -0.156010 -0.125025 0.141021 0.066645 0.153557 0.083874 0.105411 0.058367 0.084658 -0.068728 -0.242327 0.026177 -0.188595 -0.071508 0.139717 -0.127366 0.030683 -0.174502 0.347309 0.171610 -0.393842 0.171698 -0.084828 0.190215 -0.073581 -0.012217 -0.112968 -0.036079 -0.075410 -0.010877 -0.074156 -0.087287 0.014077 0.089699 0.157999
healthcare -0.005296 -0.134135 -0.022250 0.008965 0.312152 0.080831 -0.160131 -0.058700 -0.059021 -0.252067 0.130045 -0.168103 -0.028209 -0.139932 -0.006137 -0.034227 0.081637 -0.062100 -0.312996 -0.062264 0.145583 0.043775 0.045562 -0.122956 0.061065 0.076338 0.274739 0.172212 -0.116714 0.069260 -0.176420 -0.143774 -0.023463 -0.062405 -0.117292 0.103298 -0.275177 0.005495 -0.106329 0.106438 -0.133460 -0.173133 -0.078718 -0.015616 -0.067396 -0.284649 0.002281 -0.105431 -0.262647 -0.172714
healthy 0.076956 0.059554 -0.039251 0.027889 0.048568 -0.143666 -0.151646 -0.124013 -0.006644 -0.223831 0.096220 0.108593 -0.029896 0.144000 0.187125 -0.278693 0.228124 0.005145 0.013373 -0.146464 -0.302305 -0.105590 0.025616 -0.177233 0.041293 -0.110758 -0.172965 0.029308 -0.000397 -0.216351 -0.056455 -0.233333 -0.131028 -0.117256 -0.238198 0.119323 -0.119084 0.008760 -0.062112 -0.013790 0.334681 0.027037 0.177543 0.153792 -0.129715 -0.048750 -0.156265 -0.057961 0.002980 -0.169504
heard -0.013812 0.078094 -0.044913 0.035216 -0.028498 0.212403 -0.150785 0.142719 0.071758 -0.131937 0.088211 -0.071958 -0.026258 0.129472 -0.097912 -0.147624 0.054938 0.215958 -0.230998 -0.045604 0.018216 -0.279591 -0.039483 0.158576 -0.081850 0.031260 0.388128 -0.057305 -0.347005 -0.144287 -0.200272 -0.047171 -0.058096 -0.236994 -0.016285 0.030786 -0.030018 -0.187135 0.091397 -0.120424 0.041417 -0.125344 0.095998 0.114334 -0.043934 -0.073661 -0.061399 -0.256467 0.092804 0.129776
hearing 0.035418 0.004587 -0.019423 -0.031997 -0.027630 -0.063062 -0.057815 0.023365 0.040453 -0.066559 0.015840 -0.024991 -0.008252 -0.049845 0.003354 0.066741 0.015113 0.033597 0.043044 0.000247 0.349679 0.170370 0.260726 0.380635 0.294090 0.372466 0.371127 0.308290 0.160082 0.314489 -0.003423 0.037423 -0.004629 -0.024320 -0.056284 0.034634 0.028714 -0.065458 0.010314 -0.052444 -0.027806 0.017421 -0.023010 -0.005042 0.047324 -0.013102 0.071731 -0.033104 -0.003843 -0.013333
heartland 0.096880 -0.237795 0.233071 0.022115 0.155690 -0.033585 -0.012373 0.174869 -0.004767 -0.020186 -0.241089 -0.221183 -0.008011 0.112818 0.249375 0.076049 0.113131 -0.082689 0.151457 0.011958 -0.161247 0.051250 -0.156423 -0.069833 0.061729 0.100155 -0.077317 -0.124844 0.051527 -0.463727 0.126808 -0.101831 0.037189 0.005038 0.075027 -0.076391 -0.285175 -0.085629 -0.047691 -0.157944 0.068694 0.063152 -0.034851 0.068589 -0.183440 -0.172395 0.169232 0.045443 0.129529 0.021105
heat 0.091022 -0.124885 0.104338 0.103568 -0.008294 0.186228 -0.118178 -0.301927 -0.017313 -0.178078 0.032695 -0.084893 0.034691 0.017836 0.018323 -0.013894 0.148124 -0.095624 0.226067 0.115583 -0.114391 -0.022414 -0.246610 0.374106 -0.010628 0.018980 0.088413 -0.152515 0.114195 -0.063153 -0.008980 -0.148841 0.078270 -0.224580 0.190037 0.138009 -0.079966 0.209245 0.013853 -0.009281 -0.049047 0.054722 0.210087 0.168228 -0.122351 -0.334698 0.059488 -0.004923 0.031285 0.141484
heavily 0.167940 -0.120080 -0.104819 0.105369 0.009278 -0.092201 0.066889 -0.014211 -0.108995 -0.326332 0.048049 0.084280 -0.319383 -0.026608 -0.114612 0.151203 0.156875 0.178872 0.102908 -0.068515 -0.058338 -0.123366 -0.062380 -0.023519 0.197515 -0.002421 -0.029636 -0.117508 0.129013 0.020169 0.295152 0.299713 -0.314527 -0.133566 -0.065697 0.048497 -0.140667 -0.099113 -0.033872 -0.062118 0.003957 -0.012911 0.205470 0.214492 0.134494 -0.076589 -0.068631 -0.170207 -0.060100 -0.071876
heavy 0.368217 0.017154 0.117314 -0.180298 -0.088740 -0.041585 0.092178 -0.068269 -0.075900 -0.174089 -0.033039 0.118936 0.141110 -0.011843 0.142325 0.085237 -0.196917 -0.043568 -0.121247 0.156923 -0.243597 0.209477 -0.123329 -0.033098 0.038271 0.160739 -0.143310 0.114991 -0.226829 0.107154 0.241917 0.084676 0.158837 0.000669 -0.233840 0.028430 -0.282298 0.020088 0.109717 0.047430 0.127758 -0.116835 -0.208400 -0.126883 -0.077748 -0.137527 -0.110751 -0.022878 0.062410 0.027346
heights -0.075200 0.087247 0.038135 -0.168350 0.295335 -0.000275 0.009700 0.123082 -0.169450 -0.119385 -0.083036 0.178472 -0.096483 -0.122135 -0.237026 -0.037390 0.092227 -0.087474 -0.200856 -0.110434 -0.027725 0.066845 -0.108551 0.112009 -0.143603 0.136944 -0.124080 -0.227146 -0.194469 -0.092323 -0.115584 -0.178708 -0.121514 0.093428 0.161826 -0.245704 -0.048744 0.180831 -0.217043 -0.111347 -0.049089 0.025654 0.206615 0.059005 -0.200282 -0.065740 -0.161233 -0.179549 0.093910 0.171244
heirs 0.322905 0.084889 0.216765 0.028066 -0.221259 -0.186865 0.113225 0.226198 0.048333 -0.105361 -0.095098 0.019399 -0.152796 0.043086 0.014510 0.102215 0.249214 0.179225 0.140677 0.015721 -0.202208 -0.049037 -0.160585 -0.098551 -0.048650 -0.005504 -0.103441 0.251318 0.020813 -0.079386 0.203079 -0.189101 0.154127 -0.042521 -0.089358 -0.082769 0.152610 -0.016080 -0.273741 -0.175899 -0.034393 0.024401 -0.141239 -0.091925 0.084735 -0.113876 0.126869 -0.008680 0.166557 -0.130624
held -0.120933 -0.011326 -0.108661 0.261026 0.311029 0.166560 0.010743 -0.077315 0.088106 -0.007917 -0.080565 0.007027 0.046110 -0.039783 -0.128528 0.041981 -0.145764 -0.280674 -0.121339 0.147701 -0.056898 0.251878 0.172383 0.029542 0.082787 -0.028182 -0.134663 -0.257430 -0.044625 -0.118465 -0.067698 0.261880 -0.254191 -0.018180 0.205257 0.033038 -0.070788 -0.179772 0.076110 -0.166612 0.082540 -0.053067 0.119159 -0.094244 0.194829 -0.074685 -0.220772 0.006957 0.138324 -0.009305
her 0.226650 -0.099349 0.129246 -0.198011 -0.305141 -0.164953 -0.099886 -0.127622 0.300262 0.137362 0.042900 0.011892 0.188317 -0.019397 0.152587 -0.106657 -0.129426 0.089510 -0.140936 -0.042339 0.049647 -0.084939 0.162328 -0.092369 -0.125988 0.158567 0.000309 0.102070 0.044031 0.084492 0.129120 -0.184101 -0.039360 -0.055030 0.125937 0.243554 0.216228 0.053852 0.107612 -0.075659 0.120952 0.093624 -0.025411 0.023629 -0.126893 0.142821 -0.020257 -0.344712 0.151652 0.051471
high 0.189343 -0.147536 0.195764 -0.023341 -0.195314 0.205156 -0.288314 -0.015861 -0.172637 -0.188725 -0.057040 -0.057668 0.093686 0.002876 -0.230567 0.151485 0.000112 0.029845 -0.350510 -0.115020 0.166669 0.226157 0.067932 -0.023136 -0.009029 0.156010 -0.012981 0.106267 -0.149308 -0.112010 0.085152 0.172953 -0.094381 0.132992 -0.163743 0.084078 -0.093682 -0.052275 -0.121104 -0.141962 0.159084 0.021874 0.168762 -0.113787 -0.163621 -0.017722 0.056633 0.051247 -0.217053 0.004428
higher -0.139910 -0.076644 0.196238 -0.036470 0.155122 -0.174737 0.331596 0.041207 -0.078475 -0.036902 0.054255 -0.096865 -0.267118 0.018459 0.061549 -0.275471 0.105355 0.151785 -0.046960 0.287004 -0.182141 -0.147219 0.029037 -0.082819 0.099620 0.015407 0.186583 -0.081249 -0.178544 -0.034123 -0.005513 -0.011800 -0.121388 -0.100782 -0.075302 -0.054447 -0.099286 -0.114871 -0.174387 0.024216 -0.131952 0.157423 -0.068714 0.265272 0.157991 -0.004875 -0.045876 0.240697 0.090110 0.182181
highlights 0.002029 0.173449 0.008234 0.079217 0.315155 0.165020 0.063904 0.138597 -0.148939 -0.228003 -0.183065 -0.093257 -0.052689 -0.122999 -0.004699 -0.233195 -0.109738 -0.150991 -0.065736 -0.008048 -0.259821 -0.068046 -0.037324 -0.304537 0.048975 -0.106873 -0.041048 -0.020466 -0.138934 0.162545 -0.052098 -0.277223 -0.049466 0.058925 0.138229 -0.224174 0.178255 -0.098949 0.043325 -0.166763 -0.182756 -0.142756 0.202821 0.049182 0.030384 -0.070065 -0.142676 0.016226 0.087524 -0.018506
highs -0.086959 -0.083512 -0.276301 0.095036 0.024466 -0.355727 0.020274 0.137276 0.338201 0.215965 0.199012 0.145474 -0.190924 -0.064888 -0.117532 0.243582 -0.189568 -0.128712 -0.053086 -0.047257 -0.024508 -0.104114 0.103279 -0.294034 0.099579 0.002308 0.106025 0.163073 -0.165512 0.011845 -0.033557 0.000506 -0.085929 -0.218294 -0.160905 0.148658 -0.126575 -0.108239 0.015068 0.035013 -0.003951 0.048857 -0.096273 -0.025329 -0.020560 0.093432 0.107515 -0.012151 0.020405 0.098786
highway -0.110724 0.115798 0.188535 -0.131029 -0.084406 0.069802 0.057346 -0.144670 -0.362646 0.056154 0.151845 0.083632 0.326717 0.077158 -0.079271 -0.017960 -0.020867 -0.032562 -0.026487 0.074202 0.108449 0.112789 -0.127363 0.095171 -0.043343 0.146558 0.184561 -0.219739 -0.165092 -0.014454 -0.045390 -0.055808 0.077675 0.224968 0.051682 0.108471 -0.009819 0.092479 0.325595 0.182002 0.047997 0.030609 -0.188054 0.049890 -0.220198 -0.176411 -0.052974 -0.099361 0.227421 0.040049
highways -0.037810 0.101793 0.027168 -0.087640 -0.060971 -0.077801 0.193890 -0.032163 0.007080 -0.102905 0.105793 -0.057901 0.092459 -0.215976 -0.109415 0.142700 -0.175383 0.106725 -0.018332 0.121640 0.033116 -0.144583 0.052354 -0.050725 -0.185288 0.130349 -0.255143 0.361340 0.148259 0.070226 -0.159721 0.117498 0.206560 0.169233 0.095557 0.003810 -0.409429 -0.068258 -0.084229 0.059962 0.187680 -0.086129 -0.200905 0.158463 0.139279 -0.166686 -0.026308 -0.002922 0.035548 0.013022
him -0.223649 -0.219186 0.084415 -0.056614 0.075556 0.185156 0.138928 -0.208642 0.223517 0.073544 -0.089918 0.230885 -0.076674 0.029920 -0.160125 0.136031 0.149453 0.115269 -0.044296 -0.203092 -0.004535 -0.146623 0.077214 0.247017 0.182229 -0.041710 -0.201892 -0.082674 -0.014177 0.077667 -0.066987 -0.138940 -0.046263 0.077034 -0.042861 0.062242 -0.015681 0.198273 0.125460 0.056169 -0.024442 0.155445 0.150190 0.313685 0.120017 -0.178890 0.130459 -0.175693 -0.127683 -0.112496
hiring 0.159255 -0.129391 0.125001 0.119648 0.033414 0.089031 0.106568 -0.065641 -0.110779 -0.007825 -0.091507 0.302670 -0.043810 -0.050859 0.238172 -0.116532 -0.032323 -0.187661 -0.153402 0.038540 -0.049411 -0.241010 -0.177457 -0.116757 -0.229977 -0.213083 0.116634 -0.051341 0.038396 -0.382980 -0.061736 -0.061588 0.087602 0.112372 0.108860 -0.154071 -0.078643 0.176253 0.002111 0.028432 0.117675 0.011464 0.101322 0.016664 0.208670 -0.086220 0.010560 -0.108219 0.236336 0.204384
his -0.067149 -0.140973 -0.081898 0.102029 -0.104148 -0.038952 0.055541 0.048306 -0.069646 -0.031705 0.048782 0.182595 -0.147502 0.273366 0.228496 -0.123717 0.136359 0.322423 0.008805 -0.361960 0.047865 -0.004862 -0.097936 -0.199828 -0.100446 0.071491 -0.150366 -0.181638 0.019688 0.023182 0.077310 -0.058941 0.053959 -0.024484 0.303199 -0.033000 -0.161111 -0.137279 0.002510 0.006349 0.007112 -0.052079 -0.204731 -0.086109 0.299043 -0.034356 -0.134005 0.128282 0.061320 0.161953
historic 0.244629 0.193657 0.042094 -0.226418 0.076794 -0.015917 -0.005433 -0.138217 0.086013 0.025804 0.048275 0.107092 -0.014507 -0.158959 0.018170 -0.003063 -0.072070 -0.152206 -0.149224 -0.031013 0.044309 0.072773 -0.165132 0.134078 0.088523 0.260786 0.162142 0.192689 0.074637 0.114305 0.027823 0.025467 -0.043568 0.046268 -0.231401 0.234458 -0.252653 0.081280 -0.056939 0.262439 0.219500 -0.178163 -0.040276 0.097069 0.100702 0.016146 -0.202861 0.199772 -0.157866 0.225319
historical -0.197362 -0.094203 0.177216 0.038356 -0.032746 0.088270 0.058706 0.070882 -0.073019 -0.326254 -0.141553 0.136057 0.069467 -0.133181 0.291701 0.220319 0.194179 -0.022130 -0.235665 -0.061880 -0.155050 -0.140670 -0.079302 -0.191428 -0.066044 -0.064543 0.065700 -0.028417 0.206423 -0.022317 -0.072968 0.149131 -0.217891 0.147405 0.065665 -0.027007 0.112683 0.066258 -0.073226 0.341747 -0.203030 0.098905 0.108004 0.022773 -0.003166 -0.084296 0.071311 0.036304 -0.030738 0.188842
historically 0.148844 -0.162742 -0.086129 -0.032944 -0.024970 0.142837 0.004993 0.104548 0.019106 0.035236 0.047382 -0.050123 -0.003969 -0.196140 0.083896 0.040840 -0.007521 0.137277 0.056396 -0.317996 0.083858 0.095922 0.009492 -0.028498 -0.053613 -0.017163 0.142403 0.145147 0.233436 -0.197797 0.217163 0.077305 -0.124913 0.051085 -0.207378 0.016873 0.012731 -0.174111 -0.204395 -0.116857 0.087441 -0.127747 -0.001061 0.225131 0.096477 0.356578 0.117256 0.309672 -0.111222 -0.212551
hold 0.067609 0.119743 0.095589 -0.088286 -0.344136 0.065535 0.066651 -0.188164 0.036750 -0.190153 0.142229 -0.018786 0.049325 0.049009 0.025706 -0.054591 -0.273136 -0.175232 -0.256264 0.103633 0.114424 -0.124439 0.277542 -0.053655 -0.114998 -0.096197 -0.128563 -0.032472 0.159504 -0.051358 0.113438 -0.092647 0.082382 0.044373 -0.281004 -0.123474 0.115214 0.023532 -0.281504 0.072662 0.294168 -0.150819 0.053165 0.021149 -0.038394 -0.067594 0.066813 0.123146 0.103563 0.070366
hollowed 0.100489 0.067341 0.121899 0.117824 0.013840 -0.218517 0.128193 0.197187 0.272425 0.090749 0.012950 -0.266039 0.038524 -0.011794 0.162391 -0.259493 -0.021821 0.185507 0.161797 0.037873 0.113713 0.014479 -0.047398 0.088866 0.259976 -0.093447 0.187898 0.013136 0.030208 0.046673 -0.146101 0.016999 -0.015455 -0.008326 0.015685 0.132961 0.025100 0.158630 0.192595 0.090262 0.158130 0.138266 -0.136731 -0.190082 0.069614 -0.139931 0.007134 0.177417 0.332307 -0.166539
home -0.208491 -0.094671 0.054669 -0.070191 0.072959 0.056740 -0.159776 -0.229095 0.181240 0.100339 0.207630 0.320919 0.061082 -0.178026 0.151452 0.056478 0.018756 0.178358 0.245445 -0.031133 -0.087813 0.212273 0.055866 -0.033432 -0.000188 0.146920 -0.139106 0.231256 0.148851 0.067428 0.062034 0.105095 -0.159901 -0.083570 0.174176 0.129222 -0.149059 -0.040733 -0.061205 -0.096692 0.032541 0.071004 0.223167 0.278638 0.018742 0.006838 -0.177019 -0.093361 -0.132244 -0.089954
homes -0.023604 -0.141243 -0.046582 0.166277 0.104886 0.137365 0.029596 0.167820 0.179815 0.151042 0.030401 -0.057901 -0.067374 0.029898 0.147462 -0.094956 -0.111070 0.103814 0.113064 0.066188 -0.091877 -0.207305 -0.327488 -0.040464 0.042771 0.024494 0.023658 -0.148350 0.242225 -0.136817 0.149594 -0.220706 -0.138579 0.008823 0.249819 -0.097861 0.097843 0.108479 0.094028 -0.224031 -0.142653 0.230071 0.036190 0.168316 -0.088242 0.090919 -0.058446 0.199405 -0.295341 0.008265
homicide 0.058308 0.059975 -0.047261 0.076225 0.064577 0.301867 0.193598 -0.134298 0.191110 -0.030494 0.125441 -0.016259 0.015991 -0.051531 -0.153600 0.213958 -0.098271 -0.043701 -0.084750 -0.020114 0.072304 -0.220865 0.258521 -0.159437 0.102087 -0.155406 -0.001269 0.105591 -0.191106 -0.067234 0.234565 -0.086907 0.060517 0.245294 -0.027377 0.116549 -0.318333 0.034209 0.052458 0.247776 0.044053 -0.046022 0.258314 -0.160063 -0.013287 0.048501 0.040654 0.020728 0.065734 -0.208581
hospital -0.206755 0.021231 0.021985 -0.062186 -0.082643 -0.066503 0.104003 0.031466 -0.215507 0.149873 0.086895 0.085168 0.252618 -0.317790 0.136215 -0.058664 0.137548 -0.120718 -0.060787 -0.037115 0.041366 0.146990 0.207541 -0.215520 0.021048 -0.222805 -0.148217 -0.171587 0.239007 -0.105718 -0.075428 -0.021063 0.057210 -0.023519 -0.122824 0.135961 -0.277611 0.066424 -0.111383 -0.252459 -0.048481 0.002053 0.207044 -0.140753 0.127336 -0.049421 0.110536 0.040603 -0.174694 0.091945
hostile -0.174456 0.044704 -0.137626 0.108794 0.143773 0.007808 -0.050988 0.178846 -0.247027 -0.144344 0.114885 -0.208354 0.161464 0.092369 -0.033118 0.069223 0.044429 -0.198881 -0.158542 -0.117453 -0.050720 0.198006 -0.047422 -0.195074 0.144675 -0.123100 -0.015324 -0.075780 0.042568 0.186495 0.174715 0.000569 -0.132086 -0.120411 0.172476 0.145523 -0.064750 0.347149 0.114051 -0.091812 0.039362 0.280661 0.251680 0.072047 0.207727 -0.073620 0.009927 0.065171 -0.003280 0.000531
household 0.067314 0.052246 -0.031937 0.062962 -0.135404 -0.120029 0.349806 -0.134455 -0.086763 -0.110955 -0.087392 0.035533 -0.007878 0.199554 -0.111163 -0.000007 -0.205241 -0.087397 0.153582 0.048582 -0.036379 -0.040032 -0.198684 0.132798 -0.043531 -0.312093 0.137870 -0.158720 -0.063311 -0.006959 -0.125516 0.006000 -0.072806 0.031378 0.142366 0.141692 -0.101992 0.169186 -0.222101 -0.135317 -0.083857 -0.149767 -0.118776 0.268350 0.085760 0.044135 -0.001318 0.181320 0.311385 0.162730
households 0.031202 0.141427 0.076525 -0.055661 0.061497 -0.070847 -0.045463 -0.199659 0.010764 0.270668 0.141933 -0.080033 -0.029017 -0.143004 0.174476 0.318545 -0.004623 0.022248 -0.127983 -0.042754 -0.026995 0.147753 0.013785 0.188357 -0.080435 0.122472 -0.324932 0.056246 -0.021240 -0.281703 0.182074 -0.061062 -0.059908 -0.001604 0.220525 -0.052785 0.008106 0.025383 -0.111665 0.046281 -0.204289 0.252400 0.195805 0.125441 -0.156801 0.217517 -0.170666 -0.054080 0.019764 0.090369
housing 0.113482 -0.053641 -0.140959 -0.035596 0.152082 -0.075775 -0.066188 -0.095208 -0.345839 -0.179725 0.172910 -0.015497 -0.043717 0.025387 -0.199226 -0.095172 0.143587 -0.001144 -0.088397 -0.102279 -0.269350 -0.201137 -0.121857 -0.041129 0.040693 0.040312 -0.007197 -0.224458 0.049871 0.117344 0.062466 -0.206953 -0.031583 0.025491 -0.139399 0.098948 0.164648 -0.066839 -0.296382 -0.083825 -0.195493 -0.020270 -0.222874 -0.028934 0.133793 0.047354 0.067446 -0.074137 0.014731 -0.354179
how -0.128196 0.228886 -0.095583 -0.355557 0.305903 0.002777 0.269061 0.207475 0.118264 0.201785 0.137833 -0.072843 -0.024471 0.006517 -0.124223 0.003444 0.067899 -0.187882 -0.055176 -0.010892 0.047460 0.033694 -0.047566 -0.059128 -0.028822 0.232900 -0.078300 0.119153 -0.155857 0.184880 -0.112076 -0.126937 0.124174 -0.053931 -0.042178 0.000317 -0.030188 -0.095189 0.031561 -0.089571 0.034139 -0.024222 0.144318 0.044389 -0.157334 -0.008049 0.217148 -0.283173 -0.212562 -0.125486
hubs -0.066142 0.008185 -0.300183 0.029873 0.057722 -0.028167 -0.280558 0.035265 -0.056126 -0.097207 0.299968 0.141534 -0.034267 0.045525 0.209509 -0.133251 0.138041 -0.158946 0.071164 -0.064207 -0.198744 0.043345 -0.057302 -0.007699 0.320518 -0.285837 0.015435 0.009927 0.025733 -0.101028 -0.003741 -0.247019 -0.074179 -0.017831 0.130034 0.064328 0.086078 0.035268 0.237756 -0.297644 0.131440 0.118286 -0.047688 -0.017051 -0.103614 0.020735 -0.031075 0.131909 0.079344 0.166630
human -0.032061 0.032298 0.046747 -0.095138 0.103655 -0.152974 -0.206500 0.101027 0.082802 -0.071807 -0.100876 0.220097 -0.088942 0.022912 -0.130620 -0.211739 0.142382 -0.107552 0.075590 -0.195893 0.039547 0.011933 -0.131557 0.082541 0.125825 0.002141 -0.005282 0.002621 0.088080 -0.353781 -0.175477 0.119893 0.091956 -0.083293 0.164935 0.136693 0.038676 0.016384 0.035154 -0.025466 0.241283 0.105173 0.271698 0.118881 0.181143 0.175509 -0.168017 0.199904 0.294439 -0.149536
humane 0.252048 0.332705 0.331547 0.344667 0.307668 0.264612 0.304606 0.267376 0.163009 0.292271 -0.061960 -0.048654 -0.124335 -0.105093 -0.099250 -0.186172 -0.126344 -0.154250 -0.105166 -0.058585 -0.015342 -0.001324 -0.066154 -0.020996 -0.017045 -0.030461 -0.017132 -0.029775 0.004167 0.036368 -0.013020 -0.018686 0.022762 0.000851 0.015140 -0.012376 -0.004989 0.027363 0.023240 0.059149 0.028799 0.001793 0.002063 -0.063068 0.014781 -0.002960 0.019598 0.050775 0.027851 -0.028959
humanitarian -0.099719 0.220336 -0.159227 -0.006828 0.158254 -0.037754 -0.045635 -0.496940 0.240073 -0.120800 0.092243 0.111785 0.096211 -0.137957 -0.139606 0.139222 -0.052125 -0.033059 -0.143962 0.046537 -0.105901 -0.100478 0.105740 -0.039863 0.171328 0.084721 0.012808 -0.167019 0.014646 -0.148524 -0.094368 -0.391093 0.086465 -0.119908 0.063557 0.071139 -0.104293 -0.116096 -0.106321 0.055226 0.041553 -0.112878 0.097228 -0.126178 0.042982 -0.118956 -0.038559 0.163292 0.114501 -0.062788
hundred 0.019608 0.203401 -0.015493 0.056007 -0.185207 -0.127190 0.181902 0.009858 -0.048691 0.127164 0.061997 -0.139234 -0.100839 0.062483 -0.109741 -0.035109 -0.073189 -0.115143 0.152617 -0.073116 0.015689 0.257535 0.261600 0.100866 -0.142271 -0.136118 -0.159268 -0.165885 0.260984 -0.006886 -0.110747 -0.033741 -0.016160 -0.101275 -0.269847 0.046715 0.001473 0.058090 -0.031352 0.142639 0.263313 -0.068983 -0.011036 -0.010670 0.244618 -0.101634 -0.069953 0.315478 0.277964 0.005747
hundreds -0.117580 0.010760 0.283083 -0.113315 -0.000289 -0.261293 0.254932 -0.044345 -0.237034 0.000572 0.061286 0.082006 -0.130094 0.012866 -0.079671 -0.051704 -0.045363 0.145501 0.043552 0.071477 0.012353 0.212868 0.259439 -0.095750 0.166240 0.056716 0.097509 0.368101 -0.046891 0.083397 0.034316 -0.161543 0.105111 -0.182926 0.152617 0.231588 -0.103047 0.219203 -0.033457 -0.002458 0.015897 0.007653 -0.168854 -0.082098 -0.029951 -0.055975 -0.153213 -0.072350 -0.222103 0.041854
hydraulic 0.011734 0.320524 -0.229435 0.142985 -0.176209 0.351116 -0.217892 -0.114684 -0.193451 -0.050269 -0.023365 0.295919 -0.016226 -0.128758 -0.017256 0.026922 -0.233097 -0.137650 0.128875 -0.068832 0.293960 0.181950 0.057387 0.021866 0.000144 -0.064371 -0.220062 0.049501 -0.121087 -0.220914 -0.095030 0.107300 -0.065473 -0.007858 -0.029120 -0.054836 -0.047530 -0.062083 0.035718 -0.022575 0.006794 -0.002456 0.069376 0.034887 -0.050120 0.200983 -0.046521 -0.158065 -0.118122 0.003395
i 0.032869 -0.189284 0.101299 -0.007130 0.259864 -0.067482 -0.151457 -0.113735 0.023590 -0.062866 0.096356 -0.170746 0.035900 0.005036 0.239472 0.162841 0.131452 -0.243802 -0.273059 0.143462 -0.038550 0.143652 0.012085 -0.102094 0.141038 -0.107210 0.132128 -0.050687 0.031244 -0.078098 -0.037610 -0.069318 -0.067187 0.012300 -0.012056 0.038528 -0.072553 0.007873 -0.121195 -0.458535 0.004932 -0.092927 0.048864 0.062047 -0.133319 -0.111712 -0.310893 0.196557 -0.100878 -0.142318
identification -0.074053 -0.027893 0.086674 -0.022741 0.110534 -0.383806 -0.319343 -0.095578 0.050786 -0.001408 -0.030062 0.032136 0.018577 0.038131 -0.002294 0.090290 0.265663 0.040510 -0.248776 0.124463 0.056215 0.081641 0.032323 -0.082248 -0.125220 -0.004430 -0.270455 -0.101619 -0.144618 0.134402 -0.256381 -0.188353 0.216837 -0.092213 0.087417 -0.000849 0.009100 -0.029526 0.164747 0.264483 0.000304 -0.058965 0.011486 -0.145588 0.120518 0.052394 0.082376 -0.250144 0.015690 0.145300
ideological 0.284362 -0.190573 -0.219808 0.073459 0.060632 -0.211633 0.216824 0.062046 0.178365 -0.094150 0.053099 0.173793 -0.196689 -0.049325 -0.174833 0.104674 -0.038566 -0.156846 -0.194675 -0.070738 0.282579 0.107970 -0.018289 0.005530 -0.041037 -0.035646 0.025706 0.178447 0.160402 -0.017288 -0.022509 -0.050193 -0.011580 -0.043221 0.232643 -0.225739 -0.276411 -0.122660 -0.167553 -0.068034 0.091995 0.042312 0.124579 0.097335 0.063001 -0.104340 0.207514 0.147151 0.001617 0.044773
if -0.099959 -0.047982 -0.084430 0.205050 -0.003161 0.223695 0.045723 0.168595 -0.295938 0.009137 0.215172 0.473869 -0.079929 -0.023625 0.031542 0.100284 -0.095559 0.059559 0.189270 0.090724 0.096198 -0.114313 0.170510 0.063774 0.189856 0.009773 -0.002645 0.093439 0.052247 0.042718 -0.195804 -0.229987 -0.114587 0.050287 0.066339 0.040782 -0.137325 0.018628 -0.032621 0.028020 0.165206 -0.146977 -0.001590 -0.066271 -0.020327 -0.092411 0.038893 0.292188 -0.182168 0.059175
illegal 0.005578 -0.000124 0.052917 0.047147 -0.050775 0.009520 0.101995 0.046515 -0.086119 0.271921 0.533445 0.026798 0.016303 0.004907 -0.010911 -0.183331 0.074095 0.074518 -0.096532 -0.188238 0.077095 0.236039 0.051140 -0.045297 0.156414 0.082724 0.115091 -0.167672 0.126773 -0.068870 -0.275337 0.153116 0.195328 0.022533 -0.126830 0.058647 -0.027823 -0.241476 -0.056726 0.078514 0.154401 -0.199169 -0.027263 0.070203 -0.043377 0.217942 0.017413 -0.132626 0.022812 -0.023833
illicit -0.133179 -0.094831 -0.286413 0.013420 0.034529 0.068839 -0.187838 -0.058910 0.014622 -0.021127 0.243572 0.035462 -0.293704 -0.097145 0.216852 0.056219 -0.091384 -0.036417 -0.024866 0.095603 0.204461 0.013200 0.091828 0.155059 0.052328 -0.050709 0.273580 0.061491 0.164578 -0.107155 0.261819 0.010833 0.001439 0.211314 -0.001465 0.003252 -0.034467 -0.004614 0.171039 0.211207 0.090626 0.166136 -0.276489 -0.056777 -0.125711 -0.034504 -0.123270 0.242615 0.051410 -0.158946
immediate 0.037754 0.244229 0.025095 0.015266 -0.195002 -0.110090 0.083281 0.221985 0.035841 0.050754 0.071766 0.164203 0.022587 -0.022587 -0.035359 0.205203 -0.004097 0.050047 0.396724 0.055729 -0.010050 -0.450854 -0.018946 -0.184507 0.042585 -0.074686 -0.080760 -0.226646 0.023119 -0.166855 0.117254 -0.132816 0.053180 -0.014748 -0.101237 0.025871 -0.083577 0.014134 -0.045870 0.024536 0.026721 -0.221978 -0.118948 0.079251 0.174796 0.024342 -0.060859 0.080578 -0.193977 0.228638
immediately -0.238923 -0.262389 0.244234 0.122098 -0.218249 -0.039891 0.270185 -0.212244 0.136655 0.029538 0.107147 -0.164764 -0.032191 -0.161583 0.060044 -0.160725 0.080833 -0.046783 -0.091812 0.003730 -0.014471 0.002041 0.013209 -0.155714 0.228535 -0.092050 -0.170637 -0.122870 -0.032896 0.151172 0.107382 0.204711 0.020345 0.001976 0.013957 -0.116951 -0.055184 -0.095453 -0.027826 -0.112603 0.023218 0.296329 -0.165965 -0.058784 -0.055448 -0.050411 -0.054595 -0.107278 0.142266 0.306262
immigrant -0.037328 -0.187055 -0.044497 -0.146823 0.153951 -0.158990 -0.106661 0.030587 0.017692 -0.208253 -0.031216 0.017916 -0.115423 -0.343760 -0.215008 -0.086311 0.183265 0.312095 0.033270 0.010727 0.096757 -0.043440 0.231841 0.077310 -0.127075 -0.120885 -0.003866 0.041758 0.174955 0.055726 0.004357 0.129941 -0.017598 -0.084474 -0.201632 -0.113011 -0.006704 -0.131827 -0.002949 -0.318581 -0.136421 -0.026937 -0.151512 -0.136821 -0.170763 -0.123628 0.007537 0.045841 -0.243796 0.124361
immigrants -0.234782 -0.062680 0.043951 -0.108782 -0.261951 -0.218828 -0.171034 -0.151618 -0.013429 0.260066 0.068202 -0.228960 -0.171244 0.154879 -0.046768 -0.082194 0.093975 -0.123414 0.063824 -0.033272 -0.094971 -0.108291 -0.071169 -0.084046 -0.027959 0.023660 0.089876 -0.006748 0.274194 0.233584 0.015594 0.209400 0.115561 0.092644 0.098938 -0.295309 -0.009988 -0.172712 -0.105785 0.215571 -0.184648 -0.048211 -0.089933 -0.137058 0.001349 -0.043314 -0.054812 0.196954 -0.085098 -0.071736
immigration 0.081375 -0.153424 -0.073525 -0.145129 -0.102180 0.090206 -0.092163 0.029335 0.368100 0.078207 0.049375 -0.011247 -0.093431 0.057620 0.228354 0.125497 -0.363818 -0.142785 -0.225630 0.053548 -0.162264 0.084161 0.043366 0.078261 -0.007415 -0.007488 0.066018 -0.084076 -0.167964 0.188885 -0.132985 -0.229607 0.113937 -0.162021 -0.075894 0.090076 -0.089034 0.164197 0.128804 -0.021486 0.110338 -0.220105 0.030477 0.041235 -0.084986 0.205173 0.170901 -0.108476 0.118401 -0.157898
impact 0.083952 -0.083511 -0.085889 -0.149409 -0.165496 0.024318 -0.198661 -0.088125 -0.157069 0.023635 0.040229 -0.172936 0.261198 0.031735 -0.099304 0.062820 -0.064832 -0.111504 -0.075758 -0.014994 -0.155715 0.084635 -0.055281 -0.166469 -0.360974 0.127359 0.383098 0.003171 -0.062039 0.000765 -0.032778 0.079907 -0.148850 -0.255330 0.073263 0.154406 -0.150844 -0.188409 0.017008 0.092774 0.007674 -0.124195 -0.134366 -0.115616 -0.168861 -0.079506 -0.043417 -0.213602 -0.116630 0.159146
imperatives -0.088630 0.004882 0.130524 -0.025540 -0.047438 0.144892 -0.144221 0.164032 -0.188182 -0.232192 -0.090535 -0.031124 -0.076203 -0.059117 -0.116653 -0.229495 0.228501 0.190555 0.032750 -0.018459 0.150311 0.204814 0.074168 -0.254632 0.042117 0.271454 0.178038 0.039224 -0.165249 0.169679 -0.113711 0.062991 0.019610 -0.069921 0.084385 -0.052693 0.080335 -0.009251 0.159249 0.089086 0.016707 0.005181 0.038817 -0.216364 -0.133156 0.043437 0.104241 -0.300649 0.048087 -0.309974
imperial -0.066241 0.038243 0.187458 0.260866 -0.121003 -0.158581 -0.067037 0.080198 0.163623 0.116287 -0.077162 0.236559 0.073457 0.009601 0.041652 0.000001 0.107044 -0.062545 0.031647 0.119506 -0.086724 0.005953 -0.179616 -0.094436 -0.113484 -0.047783 0.021775 0.044350 -0.022848 -0.206628 -0.081686 -0.236702 -0.212538 0.186783 -0.119655 0.233354 -0.122618 0.202808 -0.187969 -0.188344 0.118315 0.285061 0.084450 0.176464 -0.037542 -0.057971 0.138373 0.013310 0.154956 0.265445
implementing -0.077668 -0.142938 0.160070 0.149091 0.032989 -0.208591 0.121978 -0.115221 -0.105552 0.002605 0.112488 -0.041936 0.010988 -0.317115 -0.024553 -0.088111 -0.116460 0.095703 -0.160059 0.067728 -0.113036 0.033306 -0.032702 -0.038332 0.065370 0.038017 -0.036737 0.120264 0.083698 0.198536 -0.517006 0.084682 -0.010310 -0.077681 0.281123 -0.102758 -0.184586 -0.134789 0.099010 0.107651 0.159108 0.246518 0.006144 -0.090149 0.003667 0.063956 0.041799 0.047678 0.124936 0.138583
imports 0.137294 -0.057133 0.180346 -0.219587 0.280694 0.286418 -0.099365 0.217064 -0.008074 -0.003668 -0.037273 0.102856 -0.137794 -0.293092 -0.054532 0.028843 0.047327 0.133079 -0.043207 0.303735 0.004326 -0.092993 0.033799 0.129327 -0.024178 -0.149622 0.021076 0.025365 0.121729 0.117745 0.053941 -0.167017 -0.038899 0.136471 0.043467 0.051476 0.189930 0.070647 0.246628 -0.021342 -0.222631 0.075425 0.221966 -0.122576 -0.104055 0.073320 -0.045440 -0.245801 -0.035077 -0.089154
imposing -0.031026 -0.034652 0.012765 -0.137844 -0.224618 -0.078276 -0.082379 0.018090 -0.132066 0.112174 0.157176 0.086569 0.312317 -0.148492 0.190970 0.021737 0.325857 -0.003448 -0.098663 -0.230758 0.057937 0.017025 -0.238789 0.093589 0.061183 0.159537 0.337206 0.094982 -0.001411 -0.220068 -0.035666 -0.035634 0.113645 0.145967 -0.063545 -0.099457 0.000090 -0.023600 -0.075381 -0.120843 -0.093549 0.017775 0.055327 -0.059260 -0.134166 0.292286 0.172978 0.166520 0.073103 0.060507
improving 0.067458 0.035712 -0.026136 0.014064 0.216798 0.129499 0.078895 0.052938 -0.158646 -0.024226 -0.020388 0.245876 -0.095041 -0.034800 0.054907 0.109378 0.028931 0.143587 0.186910 -0.026274 0.021121 -0.145511 -0.256878 0.139151 -0.030535 -0.074286 -0.071012 -0.045249 -0.152854 -0.130298 -0.173282 -0.088822 0.094467 0.224577 0.267043 0.049626 -0.058193 -0.235599 0.003725 0.132126 0.009071 -0.228186 -0.119793 0.123142 -0.192976 0.233030 -0.190490 -0.301925 -0.087781 -0.186931
in -0.015467 -0.004242 0.112191 0.230486 -0.055043 -0.047701 -0.247441 0.113798 0.012818 -0.146858 -0.201225 -0.173270 -0.152622 0.227294 0.026236 -0.168921 0.098480 -0.086699 0.193130 0.190080 -0.092912 0.080825 0.052517 -0.114736 -0.059157 -0.299741 -0.033110 -0.065728 0.015448 0.165184 0.009923 0.267399 -0.122072 0.160309 -0.098055 -0.096151 0.120402 -0.093130 -0.088825 0.308946 -0.176167 -0.044166 -0.156590 0.005071 0.085771 0.168701 -0.025210 0.152432 0.002469 0.187920
inalienable -0.161200 -0.081876 0.070876 -0.012365 -0.165309 -0.034233 -0.073438 0.179140 0.261996 -0.096605 0.087731 0.053710 0.203127 -0.227521 -0.135239 0.187179 0.259127 -0.072681 -0.039991 -0.172720 0.001202 0.015026 0.244108 0.082700 -0.249843 -0.345729 0.349468 0.037671 0.178804 0.145514 0.075651 0.092333 0.118088 0.086650 0.068660 0.050635 0.075117 -0.013786 -0.004523 0.186654 -0.033842 0.010989 -0.010434 -0.066192 -0.072992 0.094348 0.133469 -0.006092 0.035643 -0.096468
incarceration 0.344407 0.171574 -0.077218 -0.066934 -0.088943 -0.292883 -0.047480 -0.136529 -0.306036 0.056621 0.089990 0.060121 -0.033937 -0.036810 -0.092484 0.069649 0.250182 -0.060133 0.103459 0.187958 -0.187710 -0.050335 -0.116180 -0.110386 0.047979 0.155450 -0.220638 0.047435 -0.075532 -0.078138 -0.026007 0.145706 -0.113490 -0.164035 0.108565 -0.042128 -0.135715 -0.120312 -0.027820 -0.220068 -0.029701 -0.067718 -0.317640 -0.029010 0.120860 -0.194412 0.104765 0.037108 0.008452 -0.090255
incentives 0.115769 0.074136 -0.094896 0.200403 0.049807 0.005383 0.161107 -0.023491 0.188754 -0.214060 -0.000674 -0.126540 -0.048105 -0.043611 -0.029546 0.074841 0.183943 -0.356617 -0.234220 -0.155824 -0.158576 0.040978 -0.052252 0.484557 -0.084680 -0.068370 -0.190380 0.076187 -0.117660 -0.038521 -0.074163 -0.001368 0.096367 0.109257 0.091493 -0.079935 0.000435 0.247645 0.139654 -0.014700 -0.140045 -0.002296 0.021585 0.019175 -0.148065 -0.002942 0.208811 -0.011036 0.110473 0.014005
incentivized -0.001308 0.203135 0.080841 -0.297985 -0.058871 -0.035217 -0.108948 0.223044 0.012135 0.113588 0.299337 0.007803 -0.277928 -0.182169 -0.049529 0.278746 -0.179762 0.039075 0.032751 0.256994 0.020601 0.049173 -0.014787 -0.128455 -0.096315 0.124713 0.161331 -0.092530 0.061817 -0.010488 0.017888 0.071077 -0.029854 0.128749 -0.058854 0.072151 0.110069 0.035994 -0.029934 -0.068541 0.147160 0.118371 0.242054 0.213428 0.297527 0.061987 0.117849 0.062795 0.127195 0.056696
incentivizing 0.018654 0.113876 0.121684 0.095101 -0.057262 -0.026165 0.054490 -0.145408 0.132062 -0.044378 -0.024843 0.130839 -0.199345 -0.063043 -0.070398 -0.074124 -0.005568 -0.149593 0.078972 -0.311234 -0.170521 0.051507 0.006081 0.225703 -0.096133 0.211659 0.239382 -0.101853 -0.081500 -0.001794 0.024009 -0.088200 0.060612 0.189397 0.012154 0.092960 -0.150480 -0.018575 0.108011 0.097108 0.089471 -0.220620 0.198096 0.101660 -0.259092 0.365084 0.191002 -0.097978 -0.124305 -0.194637
include -0.036124 0.064167 0.199708 0.137895 0.012438 0.215673 -0.137931 0.051567 0.069279 -0.073967 0.069438 -0.101198 -0.191109 0.086444 -0.092653 0.016855 0.038799 -0.164732 0.253938 -0.082200 -0.039971 -0.023388 0.046982 -0.070072 0.178423 0.056354 0.117713 0.267783 0.273182 -0.081845 0.349496 0.056264 0.190507 0.228727 -0.225604 0.027852 0.138521 -0.071728 -0.226584 -0.049142 0.168615 0.067072 0.134666 0.148861 0.034516 -0.095366 -0.122355 0.030308 0.184501 -0.030964
including 0.146517 -0.180682 -0.080554 0.066143 -0.158568 0.068198 0.126786 -0.035901 -0.203340 -0.007605 0.123980 -0.030773 -0.075113 -0.076045 0.188168 0.041741 0.091650 0.033783 0.003801 0.006377 -0.121882 0.180126 -0.352065 0.030653 -0.224017 0.217664 0.040403 -0.053778 -0.271973 -0.009160 -0.256035 -0.150400 -0.141735 -0.152612 0.169543 -0.074344 0.046868 0.150819 0.138000 0.015512 0.315068 0.163333 -0.061771 -0.028943 -0.067473 0.149992 0.156733 -0.109443 -0.048758 -0.130459
income -0.104134 -0.113001 0.142143 0.067989 0.031467 0.040159 0.145425 0.004881 0.037514 -0.086623 0.186786 0.040140 0.248360 0.123921 0.286265 -0.152543 -0.203492 -0.110421 -0.012261 0.111323 -0.113993 -0.006087 -0.131762 -0.045740 -0.130103 0.072208 -0.269984 0.079405 -0.323655 0.017685 0.128943 -0.136501 0.203724 0.020550 -0.249016 0.374221 0.039020 0.042099 -0.134942 -0.064642 -0.005601 0.144881 0.020175 -0.037391 0.050575 0.078179 0.003768 0.181567 -0.066478 0.145844
incoming 0.003628 -0.146840 0.066711 0.072528 0.264237 -0.336552 -0.048449 0.082652 -0.011954 0.000816 -0.068448 0.109977 -0.065764 -0.025960 0.047777 0.154658 -0.191060 -0.038800 0.154504 -0.020192 0.262004 -0.084258 -0.359039 0.070047 0.111791 -0.021493 0.094200 -0.158324 0.033587 0.034319 0.005843 -0.174576 0.187676 -0.107160 -0.126454 0.004848 -0.175649 0.122554 0.001897 0.166672 0.133677 0.103731 -0.255558 0.104426 -0.107172 -0.196102 0.154044 0.037641 0.244324 0.027479
increase -0.173422 0.043471 0.009725 -0.082723 0.024225 0.229260 0.038939 0.114180 0.176196 0.088206 0.051886 -0.159903 -0.139399 0.147279 0.292923 -0.271678 -0.104730 0.090366 -0.037043 0.179968 -0.206100 -0.202141 0.018570 0.018445 0.112064 -0.035279 -0.058482 -0.008738 0.177330 0.222865 -0.255290 0.099771 -0.262677 0.134752 0.117941 0.169592 0.067303 -0.051329 0.079699 0.095849 -0.182765 0.126550 0.057882 -0.068166 -0.291850 0.061122 0.018856 -0.017891 0.064752 -0.106705
increased 0.151258 -0.083712 0.099603 0.061399 0.013270 0.028861 0.110482 0.153932 0.206085 0.005151 0.017977 -0.118008 0.057831 0.036069 0.007646 -0.164369 -0.135017 -0.006332 0.085570 -0.036906 -0.150747 -0.058629 -0.076328 0.187870 -0.047146 0.021509 -0.047484 0.062252 0.073724 0.045018 0.031575 0.000003 -0.027465 -0.054026 -0.045150 -0.176821 -0.106293 0.061955 -0.257940 0.171309 -0.180470 -0.066799 0.023068 -0.139244 -0.034437 -0.313108 0.078208 0.290706 0.491029 -0.289185
independence 0.028748 0.025401 0.059399 0.006992 0.218963 -0.171445 0.111839 0.009078 0.007234 -0.056503 -0.004895 -0.065860 0.022207 -0.158702 0.278691 -0.124770 0.056346 -0.084558 0.209540 0.044125 0.079610 0.076051 0.296127 0.095003 -0.173125 -0.287583 -0.091668 0.054991 0.013097 -0.195257 -0.100854 0.061668 0.045548 0.190784 -0.135986 0.036793 0.172895 -0.218432 0.419826 0.051136 -0.135042 0.019028 -0.039076 -0.003974 -0.000702 0.019443 0.118117 -0.046969 -0.131768 0.261297
independent 0.102716 -0.010232 -0.023553 0.077000 -0.083238 0.138175 0.201414 -0.053195 -0.017941 -0.373320 0.189680 -0.244266 0.052293 0.274937 -0.035187 0.022390 -0.033154 -0.135782 0.052977 0.197879 0.109063 -0.067986 0.217872 -0.010838 0.199337 -0.108449 -0.129139 0.007582 0.055438 -0.053477 -0.212811 0.071765 -0.041898 0.044857 -0.004378 0.221330 -0.138436 0.221645 -0.081543 0.175503 -0.024658 -0.166021 -0.020405 0.206444 -0.083300 0.141533 -0.291480 -0.067586 -0.005243 0.039903
index -0.233938 0.087604 0.348614 -0.070679 -0.097577 0.083135 0.223138 -0.172454 0.066733 0.176264 0.028050 -0.004188 0.193033 0.175523 -0.014899 -0.250002 -0.382191 0.019566 0.138362 -0.110695 0.305432 -0.039166 0.021520 0.004192 -0.054585 -0.117507 -0.110126 -0.213244 0.204969 -0.108989 -0.004238 -0.101643 0.055749 -0.005953 -0.113148 -0.059296 0.007339 0.004647 -0.114250 -0.027800 -0.060811 -0.085430 0.099693 -0.179451 -0.076417 -0.104951 0.098136 -0.038321 0.020230 0.146092
indicated -0.103801 0.012478 -0.123970 0.167185 0.015832 -0.077102 -0.068856 -0.044825 0.065955 0.113693 -0.014714 -0.160732 0.103002 0.065170 -0.159387 0.048374 -0.055320 0.161477 0.040196 0.050039 -0.388775 -0.059761 0.167854 0.008158 0.035309 0.123382 -0.007624 0.054577 0.274911 -0.032354 0.039084 -0.096640 -0.391078 0.004093 0.003512 -0.012617 -0.244746 -0.052908 0.052117 0.190001 0.337745 0.103513 0.076858 -0.049702 -0.292084 0.033953 -0.170706 0.115110 0.058925 0.059379
indicators -0.000384 0.051925 -0.030870 -0.066411 -0.022188 -0.061824 0.021697 -0.040009 0.021498 -0.040519 -0.010053 0.092914 -0.053893 0.010117 -0.013746 0.050143 -0.045674 -0.059074 0.039682 0.049180 0.283614 0.298490 0.285672 0.247129 0.326535 0.302631 0.307455 0.286134 0.387672 0.290558 -0.020305 -0.034874 -0.021117 -0.003269 0.047926 -0.049314 0.024877 -0.094064 -0.034508 -0.057312 -0.023957 0.030189 0.034340 0.029872 0.017415 0.057121 -0.036039 0.027431 -0.066946 -0.059042
individual -0.076743 -0.079074 -0.145901 -0.127496 -0.162943 -0.077883 -0.138613 -0.146825 -0.136668 -0.088563 0.327040 0.272440 0.181129 0.247695 0.192332 0.288500 0.335243 0.283114 0.362839 0.328190 0.056151 -0.039436 0.012697 0.008309 0.054831 0.005443 0.022186 -0.022326 -0.003340 0.048903 0.042111 -0.008467 0.019545 -0.014108 0.047322 0.037032 -0.032189 0.040290 -0.003060 0.003481 0.007738 0.008705 0.008794 -0.021779 -0.041150 -0.005777 -0.011362 -0.003843 0.016222 0.005971
individuals -0.089558 -0.114492 0.072779 0.130087 0.047322 0.252657 0.196302 0.033400 -0.026895 -0.098241 -0.257201 -0.156037 -0.162050 0.194139 -0.126644 0.236700 -0.078558 -0.150199 -0.061306 -0.091281 0.035160 0.074325 -0.024929 0.025118 0.079110 0.103738 -0.102529 0.121926 0.220618 0.045529 0.106118 0.147515 0.023694 0.123242 0.009617 0.062400 0.095830 0.035138 -0.030950 -0.153410 0.017530 0.274582 -0.199675 -0.141586 -0.238539 -0.092737 0.012356 0.028608 0.152877 -0.398656
indo 0.194275 -0.126785 0.152816 0.131685 0.138495 -0.088891 -0.038511 -0.023143 -0.181315 -0.085291 0.110177 0.015036 -0.044663 0.200500 -0.069703 -0.091587 -0.123642 -0.004376 -0.076753 -0.020726 0.007941 -0.020029 0.137947 0.032681 -0.105008 0.261765 0.096046 0.104911 0.051183 -0.146920 -0.051503 0.282315 0.039533 -0.004328 0.240102 0.019340 -0.155724 0.248020 -0.166203 0.173236 -0.012649 0.049721 0.322594 0.355231 -0.043981 0.241648 0.115759 0.056716 0.068449 -0.048821
industrial 0.099361 0.291983 -0.130172 0.226967 -0.074440 0.137910 0.116645 -0.015593 0.225359 -0.171806 -0.050296 -0.191489 -0.077140 0.030372 -0.046344 -0.190667 0.266150 0.290360 0.022018 0.129632 0.139610 -0.057660 0.092735 0.014775 0.149395 0.182107 -0.233057 0.112704 0.036915 0.069807 -0.028118 0.068525 -0.129504 0.169022 0.003273 -0.012146 -0.116516 -0.178946 -0.006212 -0.187327 0.144019 -0.155616 0.219234 0.018236 0.163432 0.183329 -0.092846 -0.011221 -0.063734 -0.046165
industries 0.007023 -0.110780 -0.057609 -0.003586 -0.184277 0.336633 0.202944 0.061709 0.052325 -0.291553 0.019145 0.046812 -0.008342 0.052118 0.186556 0.068456 -0.224930 -0.225698 -0.128514 -0.067144 0.265921 -0.111772 0.129590 -0.037139 0.109745 -0.051904 -0.167632 0.054890 0.068409 0.084718 0.065388 -0.243981 0.047557 -0.039563 -0.056702 0.012044 -0.229845 0.022968 -0.101834 0.066643 -0.059647 -0.051697 0.141250 0.234761 -0.086952 0.104800 0.260912 0.245634 0.076586 -0.067681
industry -0.034193 -0.021756 0.174000 -0.083755 0.135964 -0.003137 -0.100519 -0.031782 -0.080257 -0.081978 -0.052824 0.157160 -0.115909 0.181730 0.304537 0.030211 -0.013201 -0.006536 0.256436 0.017315 0.209915 -0.102803 0.199926 0.005648 -0.076023 -0.150136 -0.062678 -0.211083 0.117784 -0.194914 -0.091670 0.036068 0.037476 0.135708 0.329459 -0.221884 0.001874 -0.152854 -0.066270 0.190851 0.084177 -0.046937 -0.022671 -0.045504 0.019837 -0.254047 0.066819 -0.050352 0.337811 -0.108166
inefficient -0.210356 0.198861 0.133738 0.155548 -0.186270 0.135554 -0.059356 0.053715 0.103373 -0.080076 -0.281836 0.040956 -0.216112 0.031301 -0.033139 0.238627 0.042773 0.220692 -0.077540 0.113132 -0.226499 -0.122209 0.024536 0.111545 0.014406 -0.060079 -0.135517 -0.074831 -0.026718 -0.097155 -0.013117 -0.013627 0.021915 -0.065025 -0.168659 0.106371 0.049295 -0.103881 -0.100585 0.081012 -0.121819 0.298820 0.042875 -0.068178 -0.307607 -0.122478 -0.158429 -0.256918 -0.114662 0.157875
inequality 0.243688 0.269943 0.289469 0.239377 0.266351 0.328054 0.257154 0.204739 0.331291 0.326863 -0.038422 -0.159017 -0.189885 -0.113022 -0.078280 -0.090296 -0.114055 -0.114823 -0.141904 -0.086519 0.089118 -0.013443 -0.024365 0.000959 0.067760 0.062771 0.043095 0.078285 0.051841 0.063368 0.077142 -0.018634 0.082847 0.011831 0.057813 0.015749 -0.009287 -0.024485 -0.030646 0.019878 0.033839 -0.078087 -0.091920 -0.010315 -0.002797 -0.011305 -0.007526 -0.090108 -0.064546 0.025221
inevitably 0.111809 0.134961 0.261954 -0.060604 -0.058136 -0.168834 0.002836 -0.182578 -0.089424 0.169072 0.081588 0.147775 0.008474 0.019616 0.030326 -0.066839 0.031594 0.282754 0.009419 -0.160692 -0.010387 -0.206783 0.095665 -0.079096 0.047872 0.078113 -0.145967 0.113096 0.033882 -0.166608 -0.126738 0.020976 -0.186749 -0.211454 0.012770 -0.056390 0.012467 0.026324 -0.188793 0.158005 0.146157 -0.272915 -0.101345 0.007365 0.398109 0.037065 0.041439 -0.231744 -0.204795 0.005136
inflate -0.053315 -0.063366 -0.190872 -0.137155 0.192215 -0.103839 0.083863 -0.118668 -0.000574 -0.053582 -0.150792 0.031919 -0.031067 0.052444 -0.050438 -0.077710 -0.045799 0.268271 0.139245 0.047585 -0.078290 -0.154778 -0.072807 0.045131 0.102242 -0.076041 0.142298 0.043413 0.055393 -0.182934 0.272267 0.113191 -0.035794 -0.206016 0.062469 -0.106131 -0.046811 0.082108 0.219238 -0.048023 0.119920 0.213901 0.023875 0.198557 -0.461040 0.081217 -0.180787 -0.203770 -0.143447 0.053662
inflation 0.078946 0.164979 -0.145308 0.156303 -0.008561 0.048103 -0.090990 0.032657 -0.267129 0.314186 0.348153 0.236465 -0.165886 0.082261 -0.177558 -0.072011 -0.041518 0.052728 0.039670 0.105197 0.041767 0.001731 -0.041735 -0.060148 0.027900 0.194879 -0.116944 -0.171052 -0.062997 -0.208982 -0.073589 -0.089562 -0.014329 0.176030 0.025559 0.077508 -0.203681 -0.135390 0.110689 -0.006119 0.103140 -0.171350 0.029518 0.319810 0.145659 -0.062523 0.126322 0.110909 0.132354 -0.006957
inflict 0.242464 0.068407 -0.129131 -0.032994 -0.018176 -0.034084 -0.329931 -0.165616 -0.102452 0.031756 -0.112810 -0.065467 -0.135066 0.133768 -0.056121 -0.137980 -0.146938 -0.001693 0.181227 -0.110539 -0.200317 0.185806 0.231240 0.034348 0.058254 -0.082308 0.055853 -0.070666 -0.026437 -0.048840 -0.027189 0.023775 0.168712 -0.171637 0.043423 0.108515 -0.051295 0.056940 -0.062792 -0.326854 0.276941 0.196873 -0.324184 -0.091345 -0.050190 0.117086 0.035367 -0.051966 0.079344 0.178661
influenced 0.078891 -0.281183 -0.042263 0.020441 0.107618 -0.033058 0.131976 -0.191930 0.168917 0.053491 0.156431 -0.088558 0.230062 0.119758 0.059638 -0.204491 0.012164 -0.044255 -0.219614 0.034590 -0.080116 -0.141375 -0.137297 0.219302 0.121988 0.152933 -0.121356 0.169769 -0.034832 -0.010219 -0.035427 -0.010674 0.025323 -0.098360 0.027336 -0.281406 -0.020980 0.147416 -0.057486 0.290630 0.090758 -0.078146 -0.007843 0.029788 0.002098 0.185844 0.186904 0.277352 0.160092 0.228742
infrastructure 0.305692 -0.129187 -0.011179 -0.022845 0.227179 0.244064 0.133785 0.058483 0.044153 -0.256108 0.028365 -0.062824 0.033758 0.028231 0.064926 0.012714 0.129362 0.110935 -0.119170 -0.017284 -0.003733 -0.045154 -0.167604 -0.086477 0.319265 0.305574 0.118146 -0.071730 0.096881 -0.063604 -0.017684 -0.088926 -0.024301 0.269734 0.020886 0.106443 -0.186439 0.090919 -0.288509 -0.144123 0.150747 0.195736 0.028596 0.030923 0.011528 -0.074756 -0.071848 -0.135005 -0.133786 -0.137555
infringe 0.047454 -0.135904 -0.175718 -0.094528 0.188888 0.050913 0.129124 0.085670 -0.066190 0.094466 -0.057692 -0.174479 -0.191568 -0.042544 0.050927 -0.322093 -0.063283 0.218162 -0.054270 -0.051590 -0.208868 -0.236234 0.290289 -0.204317 -0.181430 -0.125421 0.105999 0.024711 0.068261 -0.081580 0.052478 -0.046225 -0.061639 -0.031009 0.196525 0.099178 0.028382 0.105782 0.188035 -0.043257 0.089951 -0.082576 -0.305656 0.018562 -0.181452 0.119580 -0.142812 -0.204735 -0.057557 0.044022
ingenuity -0.215575 0.043612 -0.107134 0.096353 -0.147287 -0.169915 -0.082598 -0.105620 -0.181212 -0.226855 0.140744 -0.271449 -0.282525 0.156737 0.095969 0.041026 -0.077645 -0.161475 0.027541 -0.089251 -0.020860 0.153543 -0.041345 -0.135731 0.055544 -0.072272 0.087518 -0.059916 0.116677 -0.112034 -0.142708 0.087044 -0.316991 -0.032511 0.182057 -0.125832 0.125237 -0.121173 0.245943 -0.123861 -0.006654 -0.209163 -0.141017 0.156870 0.069715 0.090443 -0.090510 0.205112 -0.037030 0.030569
innocent -0.053268 0.179318 -0.043165 -0.042637 0.162106 -0.029281 0.013646 0.110521 0.244102 0.105877 0.030293 -0.058633 -0.079454 0.003781 0.138232 -0.042426 0.020795 -0.023143 0.018423 -0.102992 0.112532 0.127216 0.006546 -0.219623 -0.161668 -0.137284 0.035112 -0.228172 0.016818 -0.221443 -0.045291 0.086611 0.241249 -0.299156 -0.336576 -0.057440 -0.085129 -0.089887 -0.007445 0.029243 0.132878 -0.197703 -0.013237 -0.071482 -0.051927 -0.127713 -0.137357 -0.377330 -0.219847 0.045662
innovation -0.137147 -0.072201 -0.036525 -0.165996 0.110347 0.107891 -0.132024 -0.044912 0.050713 0.081759 0.038602 -0.152276 -0.122018 -0.195247 -0.018477 -0.004547 0.110248 -0.158929 0.093442 0.046534 0.340493 -0.038744 -0.287381 0.021367 -0.061921 -0.318906 -0.051753 0.238845 -0.228645 -0.164114 0.276490 0.284904 -0.148806 -0.157258 -0.185017 -0.107462 0.080085 -0.120798 -0.043861 0.100928 -0.072991 0.003885 0.139470 0.051895 0.027959 -0.063343 0.051834 -0.002912 0.004856 -0.069776
input -0.152951 -0.164338 -0.073585 0.101486 -0.066196 0.091271 -0.050730 -0.142031 0.028010 -0.259336 -0.053491 -0.034799 -0.007028 -0.037012 0.274804 -0.010519 0.111400 0.138028 0.034659 -0.107509 -0.149027 -0.113906 -0.274883 0.086386 -0.160886 -0.160744 0.106185 -0.105604 0.034145 0.067540 0.142571 0.021888 -0.233089 0.268078 0.146459 0.221760 0.150410 -0.073176 -0.062329 0.115308 0.161342 0.053217 -0.351111 -0.041424 -0.224653 -0.062787 -0.062242 -0.067378 0.099150 0.132887
insanity 0.039115 0.086353 -0.258767 0.191772 -0.006784 -0.140318 -0.185140 -0.082251 -0.275740 0.179714 0.129464 0.033641 0.331543 0.258544 -0.282185 -0.042492 0.125941 0.251490 0.159522 0.053139 0.113893 0.013856 -0.071172 -0.057652 0.132064 -0.099435 0.031084 -0.041214 -0.089868 0.103842 0.025182 0.228715 0.115089 0.034708 -0.286922 -0.028327 0.021993 0.074252 -0.022361 0.177139 0.161703 0.002834 -0.125380 0.122781 -0.044290 -0.100194 0.038035 -0.063188 -0.038266 0.006311
inside -0.100853 -0.151930 -0.000496 -0.010352 0.090489 0.007204 0.125207 0.247965 -0.156786 -0.225714 -0.282997 0.067266 -0.001231 -0.204636 -0.195862 0.180973 0.005945 0.177482 0.053467 -0.022046 0.009937 -0.165394 0.252821 -0.264390 0.099458 0.008249 -0.145486 0.128264 0.067639 0.073176 0.197605 -0.069536 -0.188238 -0.068156 0.166967 -0.039898 -0.082721 -0.293574 -0.197403 0.029283 -0.058723 -0.158655 0.168434 -0.093722 0.099605 0.075958 0.076932 0.138162 -0.021665 0.034849
institute -0.059318 -0.091943 -0.008127 0.077098 0.033625 0.394553 -0.078540 0.009478 0.136587 0.294333 -0.010717 -0.026774 0.140206 -0.078594 -0.058901 0.102790 0.040368 0.034130 -0.221555 -0.058851 0.027253 -0.220852 -0.162732 0.159831 -0.114273 -0.288465 0.186080 0.022041 0.131198 0.222016 -0.038904 -0.066515 -0.027549 -0.224937 0.080809 0.043234 0.033121 0.003595 -0.250612 0.139604 -0.084384 0.012791 0.203643 0.044681 0.109668 0.023397 0.006774 0.225502 -0.233104 0.023076
institutionalist -0.123901 0.056041 -0.106379 -0.106840 -0.239377 0.058444 0.074395 0.013000 -0.040022 -0.017877 -0.141203 -0.148049 -0.048420 0.062586 -0.223256 -0.060051 0.037179 0.060462 -0.357823 -0.222262 0.060772 0.019629 0.033007 0.042777 0.343447 0.169245 -0.165296 0.050276 0.047152 -0.143577 -0.150832 0.096472 0.132242 -0.131095 -0.027559 0.030052 -0.192565 0.023021 0.063167 0.164056 0.032806 0.010695 0.149273 -0.139049 -0.084001 0.277061 -0.264756 -0.214384 0.117354 0.082105
institutions -0.014751 0.044867 0.166587 -0.023323 -0.043707 -0.064388 -0.371922 0.125546 0.142740 0.014078 0.230056 -0.099861 0.123259 0.080171 0.154088 -0.145622 -0.171289 0.044105 -0.071772 -0.062484 0.182086 0.003802 -0.380289 0.017265 0.171263 -0.203016 0.206629 -0.160195 -0.004907 0.025253 0.305272 -0.156060 0.059981 0.016084 0.035830 -0.108404 0.014430 -0.101175 -0.150751 -0.110271 0.020494 -0.077763 -0.115653 0.191227 0.011348 0.087591 0.098512 -0.006781 -0.073851 -0.205215
instructional 0.207759 -0.079068 -0.090683 -0.049851 -0.214002 0.019816 0.107007 -0.014752 -0.029386 -0.224330 -0.260855 0.114685 -0.068884 -0.035676 0.165879 0.029353 -0.095907 0.362924 -0.106059 -0.001301 -0.003971 0.039525 -0.233533 0.204361 -0.114102 -0.238879 -0.038073 -0.047111 -0.109703 0.238112 -0.276242 -0.001146 -0.263950 0.185682 -0.025439 -0.106356 -0.035206 -0.039022 0.085215 -0.132182 0.178891 -0.015192 0.094129 0.073294 -0.066050 -0.058575 -0.198005 0.035130 -0.019125 -0.087954
insulin 0.055673 0.112950 0.076833 0.221421 0.049616 -0.175404 -0.110668 -0.091057 0.111568 -0.182255 -0.112565 0.086655 -0.025490 -0.139856 -0.294734 0.051717 0.118045 -0.181400 -0.180280 0.112289 -0.002393 -0.051743 -0.029557 -0.240455 0.018800 0.027966 0.040712 -0.199442 0.122426 0.118076 -0.091717 0.360180 0.079825 0.054785 0.049729 -0.004486 0.050827 0.180734 0.179425 0.028542 0.036968 0.087162 0.095073 0.018631 -0.330001 -0.073567 0.050852 -0.215905 -0.071540 -0.264154
insurance 0.174977 0.006273 -0.071316 -0.188346 0.064638 0.049857 -0.013264 -0.203523 -0.026776 0.232658 0.303976 -0.423778 0.118308 0.083194 0.005110 -0.141290 -0.011764 -0.066224 0.083975 -0.054829 -0.138768 -0.061632 -0.107640 0.130711 -0.030110 -0.130103 0.170759 -0.045307 -0.062155 -0.276023 0.030017 -0.096380 -0.116831 -0.012092 -0.162088 0.012510 -0.085001 0.222175 -0.093359 -0.031906 -0.209037 0.105021 0.077330 -0.062441 -0.083303 0.243007 0.058599 -0.242320 -0.070956 -0.053421
integrity 0.194367 -0.043348 0.268987 0.131810 -0.010079 -0.067024 -0.264206 0.065022 -0.037442 0.162976 -0.209692 -0.115275 0.031200 0.036363 -0.139307 -0.026368 -0.015470 0.114580 -0.155531 0.038544 0.087143 -0.188934 0.086307 -0.028463 -0.046677 -0.256366 -0.151046 -0.049481 0.067819 0.039939 0.290237 -0.028283 0.033508 0.129763 -0.182653 -0.153014 -0.005663 0.091418 -0.228168 0.102319 -0.118079 0.061469 -0.061610 0.113978 0.423919 -0.129146 0.024183 0.077156 0.043932 0.156077
intellectual -0.040710 0.004780 -0.216488 0.034680 -0.100714 -0.259304 -0.070631 -0.027533 -0.027158 -0.111030 -0.261189 -0.049598 0.004926 -0.145193 0.173158 -0.073888 0.224661 0.035490 0.141214 0.194648 -0.121216 0.096532 0.182675 -0.040067 -0.184203 0.203306 -0.136987 -0.092351 0.067359 -0.251609 0.077790 0.373821 0.030296 -0.067832 -0.099476 0.146345 0.150642 0.095749 -0.073518 0.167558 -0.117954 0.060993 -0.102898 -0.001280 0.023171 -0.175621 -0.224922 -0.042796 0.064212 0.154154
intelligence 0.132969 -0.294426 -0.030670 0.100194 0.140108 0.287268 -0.120681 0.205486 -0.012580 -0.021047 0.176217 -0.056621 0.103358 -0.004874 0.037794 0.096126 0.008944 -0.159563 0.046384 -0.153517 -0.068293 0.055736 -0.278102 -0.298312 -0.002753 0.092223 -0.023002 -0.010374 0.091399 0.056296 0.202534 -0.009635 0.000602 -0.170376 -0.179740 -0.128353 0.149501 -0.085766 -0.145728 0.105649 0.092762 -0.055209 -0.174434 0.128493 0.057931 -0.182586 -0.166131 -0.151015 0.177708 0.255241
interconnection -0.081975 -0.154186 0.107734 -0.193782 0.059002 -0.080894 0.123940 0.103113 0.129730 0.093159 -0.074639 0.164173 -0.094759 -0.166165 0.099625 -0.101657 -0.157375 0.161961 -0.115698 -0.014316 0.044054 -0.005481 -0.275242 -0.009110 -0.161181 -0.048840 0.099307 -0.237347 -0.094386 -0.024942 0.028050 -0.038533 -0.061023 -0.070843 0.177534 0.076049 -0.313616 0.245348 -0.048097 0.023336 0.014242 -0.030029 -0.069629 -0.057882 0.181994 0.134157 0.153967 0.327411 -0.112122 -0.330658
interest 0.025489 0.103435 -0.081217 0.131166 0.006401 0.114305 -0.028170 0.005587 -0.180357 0.222000 0.073577 -0.239665 -0.068521 -0.045601 0.054715 -0.041406 -0.072225 -0.131995 -0.067972 0.087375 0.091323 -0.172516 0.121058 0.221600 -0.008299 -0.054548 0.293373 0.148410 -0.035009 0.002898 0.011680 -0.389889 -0.100778 -0.242651 -0.270018 0.045718 0.143300 -0.003420 -0.013130 -0.006061 0.141988 0.055925 0.111606 0.277353 -0.028876 0.060620 -0.016996 0.296453 0.145507 -0.046663
interests -0.016518 -0.159595 0.131260 0.038271 -0.069134 0.057427 0.180992 -0.092506 -0.016471 -0.091442 0.134501 -0.122476 -0.161818 0.110314 0.133810 0.140757 0.123947 0.078037 0.012877 0.070337 0.164982 -0.028039 -0.119227 0.009497 -0.122969 0.131712 0.043567 0.252197 0.052207 -0.142173 -0.094354 -0.010169 0.362965 0.037581 -0.025368 -0.234498 -0.045106 -0.198092 -0.274869 0.155944 0.123696 0.343725 -0.095809 -0.063294 -0.192643 -0.159235 -0.012876 -0.049367 0.055703 0.211759
intermediaries 0.033817 0.390922 0.069898 -0.147742 0.014016 0.095291 0.007122 0.009255 -0.045664 -0.139849 -0.021960 -0.025852 -0.160326 -0.194301 -0.060356 0.092346 0.264920 -0.028208 0.033625 0.076327 0.058522 0.038461 -0.066327 -0.203092 0.134011 0.087514 -0.181514 -0.191228 -0.123696 0.049736 -0.073602 0.107368 -0.264199 -0.022397 0.075473 -0.006494 -0.197620 -0.002857 0.097116 -0.196636 -0.263989 0.101599 -0.096336 -0.203168 -0.219091 0.104460 -0.022380 0.026438 -0.190618 -0.250863
international -0.123254 -0.211777 -0.051496 -0.003817 -0.064773 -0.107998 0.060510 0.041258 0.102412 0.013072 0.350320 -0.110138 0.120061 -0.105905 0.036712 0.032542 0.153768 -0.053743 -0.025733 0.129866 -0.005960 -0.107541 0.286397 -0.120941 -0.274645 0.007026 0.060555 0.119636 0.107985 0.177318 -0.221849 0.261543 -0.135989 0.098429 -0.077425 0.097865 -0.196242 0.156254 -0.054377 0.127334 0.166386 0.104065 -0.056856 0.053391 0.224514 -0.033267 -0.015482 -0.135691 0.213304 -0.223415
interpreted -0.219674 0.157136 0.047882 0.183030 -0.064758 0.043528 -0.191083 0.213972 0.002901 0.117738 0.052251 0.042282 -0.016284 -0.020167 0.229510 -0.032646 0.076613 -0.126963 -0.138565 -0.038677 -0.454337 0.048143 -0.185809 0.079741 0.010743 0.108012 0.030065 0.030298 -0.085682 -0.051643 0.161221 0.311494 -0.194919 -0.001221 0.124905 -0.036286 -0.047178 0.148913 0.145744 0.019417 -0.102828 -0.009001 0.004828 0.117010 0.161839 0.029988 -0.079613 -0.289092 -0.146139 0.165739
interstate -0.045793 -0.052052 -0.170037 -0.151382 -0.133823 -0.049193 -0.059166 -0.162569 0.003187 -0.185902 0.000700 0.038960 -0.104290 0.035252 -0.205967 0.137117 -0.006641 0.153607 0.403090 0.323311 0.050491 0.031721 -0.016723 0.258963 -0.105656 -0.129589 -0.088228 -0.001638 -0.028753 -0.107932 0.041878 -0.188886 0.058538 0.046922 -0.002577 0.026526 0.024779 -0.083501 0.238961 0.186843 -0.047874 0.086744 0.138467 0.167740 -0.309829 0.166319 0.083357 -0.072397 -0.054629 -0.185965
intervention 0.187981 -0.043633 0.053667 0.316103 0.084124 -0.064756 0.186021 -0.178885 0.199932 0.081796 -0.073979 -0.332187 -0.110248 0.064101 -0.000645 -0.091721 -0.191864 0.020628 -0.015463 0.051914 0.021719 -0.009844 -0.079579 0.312099 0.055682 -0.203857 -0.003445 -0.090967 0.071738 0.106051 -0.026510 -0.140209 -0.009040 -0.128839 0.214021 -0.172533 0.193010 0.035578 -0.014310 0.024497 -0.219474 -0.030180 0.300932 0.173496 0.034871 -0.028685 0.024277 0.019205 0.237545 0.001551
interventions 0.134557 0.336070 0.041240 0.167260 0.098428 0.014685 -0.066057 0.008518 -0.231516 -0.065034 -0.002418 -0.048237 0.287335 0.244865 -0.045121 -0.209597 0.146409 0.056011 -0.141577 -0.089881 -0.048310 -0.013749 -0.012477 0.267446 -0.026215 0.002573 0.034914 0.006450 -0.148918 -0.035286 0.001197 -0.039714 0.064167 -0.083765 0.111086 -0.114809 -0.158989 0.411921 0.128036 0.000042 -0.021695 -0.158055 0.085465 0.048462 -0.025697 -0.003515 0.240625 0.228130 0.100849 -0.136136
into 0.131139 -0.006440 -0.245820 -0.050686 -0.084282 0.311817 -0.005685 0.048565 -0.074810 0.072079 -0.146375 0.072436 -0.244271 0.016497 0.224862 -0.021761 -0.286130 -0.042303 -0.111581 -0.223860 0.273355 -0.089047 0.070519 0.064146 0.022550 0.178642 0.058129 0.021298 -0.054657 0.045001 -0.000260 -0.195801 -0.387119 -0.029296 -0.120681 -0.048246 -0.062719 -0.032661 0.106976 -0.020602 -0.180875 0.016290 0.083358 0.056634 0.173839 -0.120011 0.137651 -0.084475 0.196699 -0.100084
investing -0.073055 -0.040204 -0.375687 0.330491 -0.025569 -0.007101 -0.080400 -0.032616 0.022851 0.222437 -0.015924 -0.138235 0.113642 0.108325 0.095232 0.276351 -0.169839 0.020325 0.097948 0.210052 -0.067266 0.072703 -0.109371 -0.230393 -0.011818 0.026290 0.002365 0.001465 0.110447 0.116191 0.051912 -0.186308 -0.256938 -0.017881 0.216264 0.166139 0.020336 0.130833 -0.053975 -0.085994 -0.044652 0.273300 -0.044688 0.050520 0.008077 0.064167 -0.170141 0.033587 -0.195541 -0.104641
investment 0.070861 0.197374 0.233805 0.083474 -0.009140 0.105873 0.280650 0.224109 -0.117056 0.126421 -0.086102 -0.252452 -0.156509 0.196708 0.454826 -0.162421 -0.071639 -0.028551 -0.124987 0.154078 -0.147749 -0.103904 -0.192016 -0.097996 -0.156960 0.130340 0.062722 0.181176 -0.049333 0.021261 0.066765 -0.053273 -0.054598 0.014778 0.044419 0.116656 0.063185 -0.064403 0.041811 -0.135252 0.110909 -0.014688 -0.057527 -0.179552 0.092209 -0.142815 -0.026812 -0.100006 -0.095950 0.003808
investments -0.191014 -0.212541 0.044162 -0.078214 -0.235284 0.195782 -0.119879 -0.082215 -0.052933 0.032340 -0.113129 0.081130 -0.115850 0.176194 -0.270498 0.168527 0.097656 -0.041642 -0.041452 0.260084 -0.068551 -0.187740 -0.136923 0.109431 0.075259 0.190352 -0.290021 -0.099855 -0.057820 0.225560 0.046756 -0.170636 -0.059962 -0.052981 -0.050388 -0.029267 -0.064073 -0.060631 0.064789 0.044891 0.013541 -0.082404 -0.194902 0.250918 -0.019582 0.232582 -0.207566 -0.094924 -0.095020 0.077906
investors 0.032474 -0.002802 -0.089553 -0.204482 0.067683 -0.076988 0.030829 0.096422 -0.074904 -0.187895 -0.074994 0.008748 0.239875 0.246305 -0.042621 -0.063509 -0.052210 0.065652 0.370943 -0.129978 0.334931 -0.014239 -0.073766 0.044234 -0.137655 0.218942 -0.041421 0.023237 0.074431 -0.103028 -0.127855 -0.094017 0.102023 0.027386 0.050139 0.020058 -0.331995 0.292022 0.150484 -0.029803 -0.023672 0.100833 -0.247857 -0.100329 -0.004132 -0.070840 -0.133698 0.060998 -0.100014 -0.117990
invites -0.086524 0.266222 0.214930 0.091906 -0.098123 -0.081975 0.102415 0.019921 -0.215739 0.173133 -0.011959 -0.058922 0.009767 0.109276 -0.137821 0.138684 -0.060954 -0.078233 -0.001558 -0.125799 0.003550 -0.013150 -0.194327 0.123593 0.102376 -0.096038 0.013168 -0.153194 -0.175357 -0.185397 -0.065492 -0.114935 -0.145721 0.085965 0.095635 0.415588 0.049246 0.023272 0.048008 -0.135197 -0.259634 0.098750 0.257656 -0.138085 -0.061381 -0.201157 -0.180583 0.162453 0.033193 0.059392
irresponsible 0.059031 0.145910 -0.039024 -0.231134 -0.143101 -0.002318 0.146178 -0.026908 0.037854 -0.113533 0.104689 0.147286 -0.044128 0.118459 0.085346 -0.219428 -0.023140 0.003692 0.198908 -0.196412 -0.190170 0.247343 0.044804 -0.119909 -0.020228 -0.122089 0.032746 -0.109312 -0.178084 -0.124216 -0.066742 -0.019977 -0.225566 0.087251 -0.012938 0.100636 0.097872 0.081635 -0.192698 -0.010058 0.043159 -0.288593 -0.007249 -0.148539 0.107819 -0.153251 0.187058 -0.182934 0.140053 0.365857
is -0.043494 -0.175810 -0.144680 -0.091736 0.133497 -0.045136 -0.385039 -0.016219 0.107973 -0.100065 -0.248186 -0.079869 0.032595 -0.140548 -0.108981 -0.428642 -0.096600 -0.031733 0.204467 0.076522 0.186320 -0.095331 0.007088 0.110823 -0.039800 -0.056285 -0.111427 -0.130712 0.082402 -0.177128 0.074760 -0.144799 0.085596 0.050633 -0.101373 -0.051152 -0.033118 0.004118 -0.215006 -0.252164 -0.019202 -0.134551 0.118007 -0.049481 -0.027199 -0.082489 0.166426 -0.208457 0.042748 0.034758
issued 0.139570 -0.155126 -0.125633 -0.099519 -0.057222 0.180695 -0.045015 0.194358 -0.041791 -0.071482 0.076792 0.009603 -0.058433 0.020803 0.154060 0.093749 -0.132029 -0.181706 0.153623 -0.079363 0.066779 -0.210398 0.090527 -0.005323 -0.359462 0.071534 -0.200387 -0.018686 0.131303 -0.258934 0.019110 0.171227 -0.178197 -0.141925 0.092418 -0.052108 -0.020850 0.233962 -0.072488 -0.116310 0.175650 0.255710 -0.095874 -0.004124 0.077614 0.187232 0.136304 -0.001321 -0.063145 -0.271141
issues 0.023010 -0.113448 0.054629 0.272888 0.183456 0.173505 -0.111459 0.031881 0.040209 0.156897 -0.154235 -0.188482 -0.136101 0.026780 -0.073322 0.098774 -0.222691 0.072520 0.056720 0.255580 0.028769 -0.127646 0.163438 0.085038 -0.058315 -0.113753 -0.235064 -0.152116 0.160120 0.091667 -0.012150 -0.151016 -0.295818 0.130758 -0.147316 0.168732 -0.045664 -0.231948 -0.112087 0.165907 -0.065040 0.007862 0.201951 0.063996 -0.025157 -0.113583 -0.024074 0.108985 -0.243195 0.028040
it -0.108911 0.100089 0.067145 -0.015865 0.053568 0.123876 -0.187442 0.152183 -0.083466 -0.157443 0.170831 0.145288 0.244792 -0.134505 -0.042947 -0.058993 -0.129714 -0.093309 -0.179762 -0.029825 -0.156094 0.072902 -0.033038 0.295009 -0.296439 -0.207091 0.199700 -0.127875 0.003465 -0.024025 0.021403 0.158875 0.023723 0.159602 0.141999 0.018305 0.071158 0.041337 -0.129832 0.014997 -0.074862 0.251200 -0.261746 -0.135658 0.072482 -0.009485 -0.078084 -0.150900 0.057514 -0.279494
its -0.014585 -0.125944 -0.348698 0.264211 0.103469 0.022766 0.259484 -0.142298 -0.126135 -0.002468 -0.116121 -0.116358 0.104514 0.102973 0.173554 0.105826 0.107747 -0.047269 -0.140787 0.101394 0.284123 0.072663 0.037219 -0.066899 0.209931 0.186211 0.139010 -0.098070 -0.192056 0.017867 0.026357 -0.233770 -0.136890 0.231215 -0.150314 -0.061019 0.012313 -0.113996 -0.148862 0.112627 0.082111 0.056340 0.057823 0.178122 -0.062007 0.079681 0.124750 0.145795 -0.110051 -0.035629
job -0.051441 0.163194 0.065593 0.329811 -0.271646 0.334397 0.059530 0.222276 0.009900 0.043323 0.148842 0.167397 0.032845 0.126224 0.024199 -0.019380 0.159105 -0.072639 -0.079581 -0.079546 -0.041569 -0.006153 -0.031173 -0.005892 0.002638 0.227723 0.105190 -0.089038 0.176424 0.132587 -0.224096 -0.134130 0.067118 0.085718 -0.029621 0.176883 -0.270479 0.083567 -0.014693 -0.032857 0.160317 -0.045637 0.053962 -0.161663 -0.081451 -0.012212 0.290329 0.030426 0.145288 0.140594
jobs 0.082375 0.141370 -0.018259 0.109023 0.068354 0.034809 0.057066 0.070901 -0.076161 -0.205223 -0.032788 -0.030811 -0.080580 -0.052989 -0.164372 0.119180 -0.110094 0.015311 0.138244 -0.122693 -0.167202 0.253627 -0.099288 0.278340 -0.096994 0.226264 -0.176678 0.307080 0.110677 -0.099744 0.034353 -0.233249 -0.188002 -0.035489 -0.157548 -0.110996 -0.056997 -0.075488 0.249426 -0.173954 -0.194362 0.312821 -0.097546 -0.010575 0.050829 -0.109627 -0.055335 -0.021023 0.133415 -0.003470
joint -0.025171 0.121020 -0.286088 0.153508 0.055803 -0.056577 0.097307 -0.286908 -0.005919 0.100760 0.093673 0.174257 0.186707 0.152113 0.052433 -0.007877 0.027155 0.328381 -0.283044 0.060828 -0.217671 0.038788 0.061918 0.194936 0.159199 0.230760 -0.135496 0.086401 0.087683 0.162596 -0.036371 0.016202 -0.056611 -0.143345 -0.052923 -0.029037 0.083394 -0.012428 0.034924 0.081793 -0.103241 0.026139 0.104944 -0.182005 0.009204 0.090661 0.289877 0.163971 0.037142 0.171297
judges 0.015780 -0.050880 0.175210 0.063379 -0.064692 -0.121298 -0.112004 -0.153381 0.225695 0.092160 -0.411441 0.156198 0.125418 -0.189357 -0.185857 0.161753 0.015894 -0.123157 0.034570 -0.105689 -0.133878 0.078945 0.144693 -0.050887 0.069443 -0.104832 -0.055315 -0.307165 0.014839 0.162863 0.078274 0.105424 -0.146259 -0.154453 0.203548 0.069483 -0.102188 -0.149319 -0.077810 0.123123 -0.134317 0.105147 -0.043571 -0.037910 -0.077544 0.204439 0.086338 -0.120252 -0.051339 0.243201
judicial 0.108863 0.174002 0.179510 -0.128956 0.117090 -0.003945 -0.106684 0.066006 -0.075770 -0.131328 0.114687 0.012232 0.098904 0.172613 -0.085405 -0.328897 0.051881 -0.181471 -0.019481 -0.181031 0.314508 0.272131 0.039128 0.202949 -0.208512 0.013526 -0.142743 0.074972 0.001898 0.031447 0.132008 0.016789 0.151976 0.046370 0.118063 0.000118 -0.053383 -0.070130 0.061071 0.039331 0.066265 -0.057578 0.172819 -0.046090 0.143093 0.369825 0.011771 -0.124069 -0.185669 0.127354
jurisdiction 0.187718 0.092020 0.113530 -0.250526 0.099547 0.309303 0.065203 0.250155 0.014537 -0.122349 -0.029185 -0.162717 -0.112127 -0.041657 0.040259 -0.014662 0.206778 0.020230 0.058787 0.090861 0.175566 -0.090594 -0.089828 0.289983 -0.068009 0.107234 -0.221235 -0.136221 -0.099228 -0.157022 0.133125 -0.079516 0.026024 0.038573 0.157327 -0.119093 0.252538 -0.059568 -0.080867 -0.153409 -0.024745 -0.008708 -0.284779 -0.021931 -0.071578 0.071332 0.252899 0.041416 -0.157087 -0.003789
jurisdictions -0.070683 -0.151732 -0.232172 -0.157254 0.040165 -0.029201 -0.047463 -0.304560 0.156185 -0.069707 0.033382 -0.065847 0.045936 0.113362 -0.039758 0.020702 0.233243 -0.120643 -0.359931 0.056461 0.152142 -0.052273 0.005522 -0.133781 0.342510 -0.093337 0.034414 -0.247679 -0.214309 -0.052708 0.143665 -0.080748 0.135081 0.082004 0.036117 0.092821 0.089727 -0.035860 -0.284185 0.017543 -0.041666 0.144397 0.064966 -0.166184 0.112203 -0.118497 -0.057539 0.054910 0.011384 0.146518
jurisprudence -0.011141 0.025257 0.074601 -0.129800 0.015239 0.138370 0.082177 0.103384 0.079134 -0.060240 -0.029899 0.046529 0.127971 -0.056155 0.078618 0.149598 0.066883 -0.181567 -0.029709 -0.115110 0.048384 -0.275901 0.175361 0.000219 0.127160 -0.231347 0.066156 0.237934 0.046393 -0.319762 0.038060 0.324562 -0.193225 0.025650 0.053255 0.271604 -0.017766 -0.023257 -0.068372 0.156479 0.281521 -0.258141 -0.059019 -0.040695 -0.186851 -0.078042 -0.115321 0.116588 0.107443 0.034976
just -0.204657 -0.144784 0.106561 -0.074454 0.103061 0.126719 -0.089078 -0.138231 0.014723 -0.073753 0.069835 0.100159 0.079237 0.079550 0.202138 -0.109187 0.201856 -0.029948 -0.051204 -0.224838 0.058785 -0.193126 0.154415 0.072840 0.008942 0.193808 0.458333 0.105020 0.039713 0.096794 -0.251408 -0.086823 0.136446 0.034819 -0.100206 -0.223919 -0.008640 -0.000959 0.020179 -0.006172 -0.048234 0.027284 -0.061137 -0.156791 -0.281797 0.107508 -0.012194 -0.189184 0.092268 0.167587
justice 0.347866 0.273616 0.317959 0.180653 0.199409 0.266066 0.257644 0.305825 0.377654 0.238354 -0.142807 -0.101337 -0.133023 -0.167109 -0.113915 -0.194433 -0.089245 -0.050380 -0.143080 -0.070954 0.008131 0.034466 -0.009330 -0.030886 0.005689 -0.019467 0.019925 -0.051804 -0.026077 0.026943 -0.001640 0.010027 0.047832 0.005335 0.026596 0.016531 0.111398 -0.024039 0.000511 -0.040776 0.016646 0.049450 0.020411 0.034105 -0.036279 -0.035259 -0.053072 -0.049703 0.000666 -0.004986
keep -0.105393 -0.254521 0.093935 -0.065445 0.050956 0.139574 0.052186 0.020582 0.073045 0.014591 -0.130675 -0.058254 -0.090287 0.048815 0.056093 -0.000569 -0.225098 -0.034909 0.015301 0.034567 -0.024132 0.149131 0.166177 -0.011663 0.104595 0.093615 0.097671 -0.387522 0.331363 0.288908 -0.286731 -0.109934 -0.084930 -0.171329 -0.162605 0.134940 0.062383 0.079245 0.101121 -0.016426 -0.180896 0.147441 0.245939 -0.151191 0.087238 -0.078202 0.015158 -0.144946 0.009214 -0.021565
knowingly -0.091316 0.052786 0.128671 -0.106000 -0.142177 -0.132522 0.214080 -0.124668 0.122545 0.089705 -0.108806 -0.048048 0.166851 -0.190712 -0.014279 -0.096582 -0.064556 -0.126469 0.485520 0.243366 -0.146464 -0.108260 0.016949 0.094762 -0.024721 -0.062538 0.074276 0.027310 -0.098429 -0.176419 -0.083762 -0.105680 -0.167115 0.098312 0.019175 0.147592 -0.029739 0.098447 0.444573 0.020387 -0.023162 -0.002077 -0.138179 -0.082406 -0.043078 -0.105325 -0.082172 -0.080918 -0.049884 0.009926
labor -0.122285 0.180905 0.182146 -0.276741 -0.091606 0.233967 0.139984 0.106000 0.093189 -0.130222 0.029344 -0.172881 -0.126094 -0.230952 -0.159214 -0.006144 0.261284 0.220996 0.078947 0.214412 0.238801 -0.069847 0.090668 -0.007166 -0.076009 -0.041289 -0.164279 0.198198 0.179469 0.095321 -0.011968 -0.082515 0.034278 -0.056799 0.126921 0.099190 -0.045871 -0.351778 0.003223 -0.043408 0.011400 0.063349 0.134657 -0.001790 -0.085943 0.077721 0.144620 0.039833 -0.120242 0.072986
laborers 0.122399 -0.137602 -0.042402 0.024034 0.209604 -0.094125 0.045112 0.006725 0.157584 -0.154200 0.136402 0.297457 0.145144 0.184798 -0.086543 0.070362 -0.184053 -0.210686 0.352148 0.049259 0.025381 0.194467 0.040217 0.010821 0.047112 -0.106776 0.011028 -0.014243 -0.063922 0.090583 -0.022325 -0.111306 -0.145615 -0.211240 0.043446 0.072401 -0.053962 0.080125 0.036503 -0.187911 -0.075676 0.173834 -0.262358 -0.198248 -0.241326 -0.150718 0.017631 0.191899 -0.139289 0.030986
language 0.032275 0.240728 0.094104 -0.156487 -0.290685 -0.013556 0.056708 0.084726 -0.291424 -0.112570 -0.089184 0.061477 0.079609 -0.032442 0.015027 0.183034 0.039838 0.080247 -0.189275 0.092562 -0.059802 0.189258 0.074630 0.056542 -0.401752 -0.003618 -0.030085 -0.142777 -0.015227 0.152101 -0.085801 -0.292012 0.103630 0.010018 -0.120914 0.128805 -0.048549 -0.051434 -0.029845 -0.148956 -0.078188 -0.116420 0.259135 -0.220419 -0.045575 -0.053257 -0.064455 -0.053770 -0.212781 0.009019
latency -0.125513 0.152716 0.335008 -0.168814 -0.030059 -0.189982 0.077494 0.123983 0.136377 0.025057 -0.050682 -0.099101 -0.348807 -0.116974 -0.234397 -0.038340 -0.141044 0.050689 0.091150 0.183466 -0.020928 0.014543 -0.018449 0.066702 -0.115617 0.134699 -0.177754 0.055625 -0.000897 0.393102 -0.001859 0.003625 -0.115054 -0.047312 0.207001 0.123870 0.057900 0.024663 0.055521 0.128803 -0.049454 0.032254 -0.086466 0.214563 -0.083351 -0.001891 0.090235 -0.262512 -0.097173 0.008775
latest -0.192837 0.031665 -0.115134 0.043224 -0.244617 0.057052 0.030182 -0.011746 -0.149229 -0.067946 -0.035620 0.060286 0.006817 0.371262 -0.058699 0.047599 0.047706 0.145926 0.306935 0.218818 -0.148662 -0.094898 0.032760 0.062570 -0.136624 -0.020708 0.079459 0.225924 -0.193146 -0.004568 -0.097325 0.039983 -0.061538 0.027022 -0.293877 -0.301530 0.156294 0.046339 0.017701 0.062044 0.095644 -0.039430 -0.055914 -0.103471 -0.073809 -0.222208 -0.268760 -0.119322 0.046502 -0.005490
lavish 0.216473 0.025781 -0.240215 0.180461 0.210901 -0.282124 -0.279354 0.003459 0.000275 -0.183301 0.068550 0.125851 0.000538 0.046705 0.030386 -0.095564 -0.116766 -0.039910 0.285696 -0.097774 0.158970 0.036349 0.160986 -0.086665 -0.052630 -0.142121 -0.140542 0.016720 -0.129877 -0.075252 0.002879 0.095066 -0.151228 -0.184091 -0.018665 0.042464 -0.276018 -0.016733 -0.123023 -0.141970 -0.050341 -0.143652 0.158244 0.059341 0.063002 0.103273 -0.219299 -0.074832 0.248005 0.021653
law -0.023060 0.110953 -0.117181 0.053499 -0.277973 0.003816 0.122930 -0.099935 0.121049 0.102752 -0.017249 0.151925 0.145004 -0.036596 0.096672 -0.112284 -0.071381 0.204366 0.198176 -0.104582 0.049608 -0.142708 0.020157 0.028757 -0.052540 0.090493 0.100501 -0.154376 -0.043025 0.134600 0.124857 0.141820 0.168888 0.030000 -0.030820 -0.216274 0.224399 0.322189 -0.354014 0.187821 -0.273461 0.113521 -0.085607 -0.052765 0.126916 0.173641 -0.017926 0.014468 0.065642 0.113132
lawmakers 0.285839 0.022331 -0.084395 -0.073398 -0.098775 0.141064 -0.267744 -0.013003 -0.048818 0.072329 0.238463 0.106472 0.004853 0.248072 -0.086079 0.031584 0.160434 0.214157 -0.116405 0.174064 -0.076175 -0.026525 -0.144927 -0.073151 -0.080976 0.124978 0.007162 0.090615 -0.202768 -0.209017 -0.177586 0.012603 -0.221116 -0.243976 -0.214322 0.048275 0.104653 -0.203470 -0.167325 -0.025601 -0.058432 -0.088486 -0.153669 0.197690 0.019667 -0.108675 -0.142688 0.067515 0.091960 0.074451
laws -0.203674 -0.129980 0.128471 0.003301 -0.046779 0.079582 -0.056104 0.039802 0.214061 0.009385 -0.059428 -0.110847 -0.105036 0.234682 -0.027495 -0.067415 0.137008 -0.284696 0.035056 -0.115275 -0.056597 0.073981 0.109214 0.236821 0.140715 0.228043 -0.002427 -0.055993 -0.119741 0.118146 0.056777 0.213308 -0.025774 -0.119421 0.151133 -0.171118 0.050554 0.098702 0.198419 -0.065885 0.039990 -0.338444 -0.195579 -0.300907 -0.086439 0.031535 -0.071743 -0.128982 -0.132796 0.140853
lawsuit -0.090390 0.007962 -0.230038 0.030182 0.165349 -0.023366 0.064703 -0.019609 -0.054878 -0.042242 0.316262 -0.083782 -0.062035 0.047527 -0.000918 -0.078380 -0.253912 -0.064878 -0.170405 0.022267 0.108288 0.223533 -0.032760 -0.032024 -0.243164 0.116166 0.133649 0.015959 0.051604 0.101515 0.084077 -0.171349 0.241842 -0.130514 0.161356 0.089644 -0.090525 0.216164 -0.219488 -0.114489 -0.147349 0.098081 0.067290 0.114290 0.204473 -0.071448 0.021447 0.195224 0.057151 0.340258
leadership 0.070577 0.065108 0.186479 0.053486 -0.046042 0.103636 -0.057770 -0.085886 0.243101 -0.064782 -0.176172 -0.006279 0.179889 0.020967 -0.081756 0.129767 0.105918 0.371641 0.018387 0.177608 0.088827 -0.054248 -0.103675 -0.006439 0.058293 -0.081897 0.066161 -0.008945 0.049103 0.067903 -0.039633 -0.196737 -0.190761 0.204718 0.213544 -0.194770 0.209137 0.172995 0.107722 -0.095276 0.171340 0.017153 0.025581 -0.090933 -0.027715 0.074613 0.069286 -0.036301 -0.213243 -0.401860
leading -0.006640 -0.124049 -0.152830 0.139908 0.250464 0.108879 -0.107260 0.112879 -0.058661 -0.123743 -0.173961 0.219183 -0.060296 0.108597 0.173441 0.046121 0.029669 -0.068573 0.246598 0.131826 0.150280 -0.192899 -0.187984 0.190716 -0.084735 0.018539 0.123612 0.010354 0.097778 0.071930 -0.194843 0.229972 -0.046252 -0.016065 -0.029226 0.091064 -0.101947 0.017357 -0.084504 -0.247060 -0.165587 0.046135 0.045201 -0.182921 0.275436 -0.014889 0.333222 -0.107879 -0.000515 -0.010290
leads 0.335817 -0.184304 -0.074141 0.242507 0.158841 -0.138485 0.007721 0.040533 0.032352 0.070615 -0.154506 0.098898 -0.123117 -0.031623 -0.305200 0.157801 -0.040405 0.161857 0.152914 -0.106731 0.073198 0.085145 0.087463 0.039993 -0.020033 -0.001787 0.191090 0.131624 -0.123779 0.081013 0.046028 0.198340 0.039935 0.155900 0.048440 -0.199647 -0.164487 0.029983 -0.152588 -0.090414 -0.267145 -0.204651 0.149238 -0.069180 -0.021310 -0.004647 0.082895 0.080822 0.289710 0.035580
leave -0.062400 -0.096834 -0.184088 0.178750 0.180122 0.196543 -0.085840 0.143133 0.049730 -0.209130 0.114960 -0.096561 -0.159242 0.246515 -0.252945 -0.040232 -0.117933 -0.044283 0.050856 0.005331 -0.027618 -0.000250 -0.091323 0.171127 0.333543 -0.047303 -0.089121 -0.164902 0.025609 0.137732 -0.194693 0.060526 -0.096355 -0.111746 -0.379164 0.084175 -0.095970 0.226166 0.083753 -0.077564 -0.014855 -0.036867 0.016476 -0.017747 0.043313 -0.021924 0.015472 -0.198380 0.110245 -0.180306
leaves -0.041970 0.359739 0.070211 -0.044664 -0.043856 0.087247 -0.112279 -0.183215 -0.267129 0.015265 -0.004234 -0.151128 -0.314480 -0.023258 -0.109205 -0.101500 0.272944 0.087678 0.044604 0.025195 0.009092 0.105611 0.065560 -0.003760 -0.099587 -0.139367 0.049329 -0.252441 0.110460 0.199460 -0.020798 0.125065 0.067287 0.059958 -0.001519 -0.007870 -0.253594 -0.201077 -0.036477 -0.019219 -0.236495 0.053879 -0.292619 0.044948 -0.112057 -0.048409 -0.069885 0.080375 0.118059 0.157697
leaving 0.022358 -0.086521 -0.007513 0.055910 0.311869 -0.121944 -0.134605 0.167475 -0.004106 0.075806 0.072049 -0.156730 0.223703 0.064074 -0.163586 -0.135864 0.134257 0.149510 0.088529 0.050816 0.001013 0.036225 -0.130032 0.019031 0.102187 -0.024875 -0.189500 0.198657 -0.180816 -0.155025 0.018944 0.221706 -0.082907 -0.070360 -0.004457 0.047275 -0.030786 -0.045453 -0.256560 0.071938 -0.289331 0.166036 0.045181 -0.212508 0.115004 -0.063480 -0.068491 -0.070239 0.195397 -0.349223
led -0.100719 0.088874 0.026658 -0.116731 0.026702 -0.170301 0.030187 -0.010241 0.091636 0.096333 0.025951 0.200942 0.069782 0.257750 0.157270 -0.006358 0.177533 -0.070923 -0.006648 0.237726 -0.012184 -0.325352 0.177430 -0.284750 0.166115 0.001876 0.076074 -0.110052 0.144776 0.038974 0.087357 0.192940 0.019461 0.073683 -0.098011 0.136542 -0.035560 0.178792 0.023415 0.168702 0.209689 0.120633 0.083078 0.173907 0.088601 0.035823 -0.273695 -0.272901 0.019556 -0.081926
left 0.032542 -0.048316 0.010150 -0.046223 0.148725 -0.000122 0.076980 0.072759 -0.167569 0.054929 0.002805 0.049560 -0.051698 -0.235421 0.147252 0.059783 0.058853 -0.061436 -0.024561 0.162935 -0.137788 -0.381579 -0.175202 0.172398 -0.011464 -0.059942 -0.268414 0.062817 0.246591 -0.134816 0.012517 0.058925 0.020110 0.139088 0.106084 -0.103600 0.134773 -0.156752 0.192210 -0.092974 -0.150842 0.008040 0.437228 0.055978 -0.005672 -0.190674 -0.078583 0.099808 0.135744 0.065270
legal -0.114033 -0.102403 -0.271989 0.148036 -0.209471 0.037943 0.171476 -0.023076 -0.089668 -0.003801 -0.126709 -0.094318 -0.098526 0.093551 0.243324 0.016962 0.050799 0.119345 0.011696 0.186190 0.189493 -0.070982 -0.142925 0.013189 0.067887 -0.232958 -0.147104 -0.002059 -0.046121 0.005586 0.123262 -0.156869 -0.039479 0.072002 -0.018680 0.297023 0.155118 0.047003 0.065381 0.285254 0.093187 0.016314 -0.138829 0.123347 0.008514 0.000709 -0.412519 0.185717 0.036700 -0.044692
legally -0.033757 -0.382565 -0.076516 0.005895 -0.164565 -0.135895 0.052382 -0.283340 -0.119163 0.077685 0.281832 -0.106219 -0.025417 0.155514 -0.182264 -0.100129 0.016202 -0.126044 -0.037806 -0.084688 -0.192849 0.120069 0.088170 -0.095352 0.020127 0.012893 0.130808 -0.108726 -0.074766 -0.205237 0.231071 0.004792 0.077602 -0.003793 -0.157897 0.100971 -0.207612 0.235974 0.017457 0.042464 0.007452 0.023988 0.045685 0.188043 0.099170 0.021802 -0.211851 -0.105747 0.135319 0.224367
legislation -0.038086 -0.041338 0.064663 -0.111963 -0.123742 0.043331 -0.167389 0.136590 -0.027227 -0.185071 -0.009691 0.072152 0.103726 -0.033823 -0.230703 -0.157745 -0.164539 -0.037333 0.027091 -0.037541 0.080116 -0.134040 0.045612 -0.119723 -0.038891 0.056075 0.056697 0.128910 0.127030 0.145699 0.069725 -0.213636 0.059066 -0.017293 0.246937 -0.348077 -0.063861 0.144336 0.311211 -0.193569 -0.107649 -0.152319 -0.062793 -0.150343 0.069700 0.308765 0.114697 0.169672 0.146681 0.179009
legislative -0.132002 0.283691 0.082155 -0.163414 -0.166908 0.007714 0.019824 0.155985 -0.025170 0.084241 0.153312 0.021715 0.116025 -0.035971 -0.150142 0.150473 -0.018024 -0.046522 0.126431 0.192188 -0.011480 -0.393611 0.005743 -0.066758 0.121508 0.114559 -0.247908 -0.043543 -0.096418 -0.035132 0.117976 -0.079282 0.093343 0.024429 -0.206720 0.095247 -0.102669 -0.038778 -0.237920 0.040385 -0.030419 -0.006908 0.349235 0.023031 -0.096331 -0.086364 0.062630 0.187783 -0.185547 0.205425
legislatures 0.008149 -0.086192 -0.111213 0.257194 0.101907 -0.145033 -0.049258 -0.046607 0.062251 -0.224470 0.072392 -0.070490 -0.452454 0.031300 -0.151256 0.185898 0.022923 -0.015994 -0.012871 -0.173881 0.116288 -0.137076 0.060757 -0.086515 0.177577 -0.053357 0.106327 0.224005 0.198341 0.247151 0.041923 0.035079 0.122460 -0.203437 0.179383 0.057018 0.189303 0.093740 -0.226629 0.060004 0.101902 0.004858 -0.144252 0.035712 -0.055692 -0.180046 0.074966 0.058941 0.088643 0.008004
legitimacy 0.021183 -0.053119 0.183643 -0.054107 -0.190920 -0.032743 0.015423 0.031527 -0.161659 -0.035345 0.191991 -0.106746 0.043013 -0.186540 0.267815 -0.121458 0.182031 -0.030489 -0.064687 -0.062539 -0.045986 -0.076458 0.144814 0.080544 0.104318 0.003206 -0.070372 -0.112972 -0.139683 -0.077468 0.366837 -0.083910 0.212553 -0.106262 -0.101530 0.312973 0.070986 0.205141 0.083341 -0.305204 -0.156346 0.129100 0.053963 0.161194 -0.121164 0.161304 0.064833 0.034129 -0.109893 -0.095671
lengthy 0.077460 0.017776 -0.170118 -0.033091 -0.038607 -0.083456 0.072369 -0.154724 -0.161096 0.126484 0.076321 0.043353 0.338747 -0.031780 0.254881 0.119375 -0.032793 0.080878 -0.087394 0.221409 -0.462475 -0.096606 0.188754 -0.089239 -0.018317 -0.235003 -0.093568 -0.121335 0.020191 0.062394 -0.124186 -0.062712 -0.001295 0.037783 0.247973 -0.190762 0.013501 -0.256794 0.062873 0.027583 -0.043456 -0.071355 -0.138179 0.172882 -0.005821 -0.026102 0.072531 0.024972 0.092169 -0.080022
level -0.010030 0.153870 0.291620 -0.147449 0.082043 0.144110 -0.087285 -0.252656 -0.008627 0.065167 0.038286 -0.148050 -0.217868 -0.089447 -0.116808 -0.293479 0.004609 0.039536 0.123469 -0.196346 0.118829 0.166141 0.020417 -0.238886 0.019520 -0.081742 -0.119928 -0.050602 0.087467 0.230501 -0.229749 -0.204582 -0.010016 -0.076608 -0.105323 0.052240 0.075399 0.085489 0.081421 -0.022542 0.194854 -0.017423 0.130486 0.079068 -0.171296 -0.154501 0.197530 -0.169856 0.028497 -0.173672
levels 0.144653 0.078893 -0.020145 -0.096480 -0.057556 -0.259488 0.130071 0.023931 -0.191987 0.112727 0.262174 -0.226493 0.095372 0.135085 -0.049828 0.126084 0.078757 -0.120208 -0.317037 0.070721 -0.093438 -0.193127 -0.006485 0.037867 -0.045916 0.197088 0.049110 -0.005049 0.145135 0.049859 0.076585 -0.247347 0.086800 0.189459 -0.101258 -0.189063 0.047470 -0.146244 0.105477 -0.000280 0.317187 0.075360 -0.187264 0.072642 -0.128430 -0.048312 0.089837 0.007647 0.195634 -0.126347
liberal 0.225535 0.373391 0.267708 0.265427 0.284180 0.231376 0.341174 0.330020 0.257006 0.271528 -0.128057 -0.037758 -0.067163 -0.104960 -0.088171 -0.141291 -0.226446 -0.117160 -0.053706 0.009805 0.010307 -0.005841 -0.011815 0.055622 -0.001816 -0.036676 0.037987 -0.081058 -0.008725 0.047005 0.023527 0.011976 -0.053458 0.048755 0.013343 0.004490 -0.004067 0.078613 -0.004110 0.028628 -0.013298 0.032731 -0.078411 0.032684 -0.013185 0.019269 0.018112 -0.013466 0.004526 -0.037578
liberate -0.059232 -0.307620 -0.042754 -0.130277 -0.104298 -0.180376 -0.050388 0.109617 -0.141385 0.345146 -0.196060 0.030451 0.028686 -0.097276 0.093845 -0.054475 -0.123471 0.049956 0.022085 -0.105733 0.066070 0.093575 -0.091183 -0.279829 0.090813 -0.041549 -0.431885 0.002713 0.127455 0.000471 0.119509 -0.175698 0.016993 0.022723 -0.041555 -0.044956 0.075265 -0.029936 -0.087509 -0.227287 0.062559 0.207154 0.046280 0.165084 -0.125764 0.104279 -0.136212 0.181928 0.087729 0.069348
liberties -0.069555 -0.157700 -0.067534 -0.038438 -0.157566 -0.109427 -0.063399 -0.151504 -0.166314 -0.082434 0.315451 0.226558 0.183225 0.251542 0.338356 0.375342 0.276847 0.196052 0.300674 0.343754 0.039008 -0.039623 0.000763 0.026699 0.064390 -0.026587 -0.045568 0.002002 0.019173 0.048457 -0.009232 -0.017919 -0.020679 -0.025651 -0.066936 -0.064805 0.043483 0.011839 -0.030567 -0.041125 -0.017668 -0.019517 0.016178 0.058731 0.064739 -0.014486 -0.040785 -0.000658 0.023921 0.000135
liberty -0.184664 -0.062289 -0.216061 -0.085826 -0.058790 -0.109389 -0.154350 -0.087685 -0.100191 -0.082634 0.133977 0.320548 0.179745 0.307016 0.300131 0.301627 0.286365 0.305104 0.247474 0.345563 0.060611 0.044614 0.038551 -0.042848 0.013861 -0.050559 0.005397 0.003965 -0.041104 0.030794 -0.109225 0.014734 0.063149 -0.007254 0.009300 -0.038598 0.025945 0.028201 -0.106303 -0.008523 -0.039951 -0.090019 0.044513 -0.028541 -0.031445 -0.019764 -0.016609 -0.023617 -0.011580 -0.015143
licensing 0.097761 0.195369 -0.073207 -0.031361 0.108669 -0.148376 0.000463 0.086410 0.042082 -0.054841 -0.077550 -0.337283 -0.250399 0.116858 0.239948 0.049809 -0.104996 0.058017 0.050444 0.132271 -0.169487 0.228720 0.182331 -0.094369 -0.267393 0.079902 0.056219 0.254591 0.013625 0.187192 -0.199272 -0.043100 0.097282 -0.048034 -0.118652 0.117537 0.055019 -0.107796 0.028149 0.066173 0.009025 0.003823 -0.132341 0.241689 -0.112917 -0.157027 0.020167 -0.012431 -0.285523 -0.091670
life 0.068749 -0.139397 0.057827 0.080441 0.176510 -0.119499 -0.091098 0.156174 -0.114097 -0.132757 -0.230806 -0.188262 -0.198915 -0.487676 0.208261 -0.039421 0.090026 -0.039003 -0.175364 -0.200899 0.069446 -0.178385 0.001925 0.202990 -0.099729 0.125821 0.132304 0.216358 0.038303 0.085135 0.038197 -0.038892 -0.109875 0.035281 -0.006120 0.118464 -0.072328 -0.146555 -0.072807 0.015898 0.194778 -0.019022 -0.043088 0.199180 -0.054330 0.031644 -0.142187 0.034432 0.117026 -0.085568
lifesaving 0.090202 -0.166408 0.074843 -0.070686 0.010991 0.155236 -0.337386 0.234789 -0.032479 -0.031107 0.047051 0.005680 -0.077673 -0.123191 0.205150 -0.102520 0.226218 -0.004183 -0.226362 -0.124000 0.133355 -0.118820 0.105429 -0.090887 -0.264512 0.025400 -0.096732 0.047460 0.077931 -0.146668 0.029447 0.147421 0.001268 -0.008077 0.317808 -0.087394 0.156572 0.016661 -0.180482 -0.136268 -0.084146 0.014025 0.034379 0.079252 -0.302623 -0.055420 0.233494 -0.045314 -0.126833 -0.118914
lifted 0.174132 -0.062670 -0.292491 0.214163 0.080700 -0.045138 0.094662 -0.001242 -0.024236 -0.078048 0.153915 -0.022223 -0.193596 0.110955 0.173517 0.032976 -0.286603 -0.013579 0.139849 0.197367 -0.051055 0.032183 0.247911 0.016874 0.301027 0.130098 0.025687 0.201206 -0.050939 0.006438 -0.117015 0.036787 0.068021 0.283595 -0.043595 -0.038514 0.154261 -0.190439 0.282986 -0.130525 -0.021096 0.009112 0.051567 0.106063 -0.183239 0.043986 0.100484 0.067619 -0.014255 0.148130
like 0.181893 -0.002483 0.261800 0.003585 -0.143566 0.173275 0.041188 0.069776 0.018489 0.029286 0.087467 -0.118878 0.055830 0.201841 0.034047 0.204504 -0.003875 -0.088931 -0.127040 -0.000641 -0.215251 0.049790 0.175478 0.102108 -0.016908 -0.055611 0.146093 0.148234 -0.027009 0.202346 -0.096455 -0.048794 -0.023224 0.113037 0.038567 -0.124796 -0.348656 -0.046774 0.242234 0.147249 0.199353 0.317490 -0.135829 -0.106894 0.082948 0.192441 0.255833 0.052551 0.010110 -0.007536
line 0.090571 0.109574 -0.006411 -0.160023 -0.100703 0.109926 -0.136104 0.144339 -0.198806 -0.121069 -0.128180 0.002715 0.169446 -0.096203 0.042163 -0.096718 0.070890 0.256473 0.264908 0.118068 0.047887 -0.044152 0.127170 0.142646 -0.173864 -0.186398 0.052373 0.270489 -0.049483 -0.081147 -0.135019 -0.058580 -0.092337 0.063444 0.113827 -0.148262 0.212025 0.109495 -0.044530 0.195813 -0.000729 -0.206041 -0.287947 -0.090977 -0.065803 -0.208716 0.227658 0.008194 -0.014175 -0.164898
liquefied 0.069954 -0.190679 0.022485 -0.013687 -0.165680 0.098808 -0.130157 -0.063968 0.238694 -0.110911 -0.045138 0.002876 0.082829 0.115985 -0.031321 -0.033607 0.304523 -0.223567 0.289086 -0.006590 0.099509 -0.064196 0.051677 -0.079750 -0.237560 0.086319 -0.262770 -0.094939 0.070749 0.190247 -0.059152 -0.223962 0.174079 0.400491 -0.026223 0.082513 0.001516 0.003660 0.029057 -0.059935 -0.034940 0.183043 0.149592 -0.040101 -0.070601 -0.006722 -0.023169 0.228403 0.004766 0.027601
liquidate 0.077148 -0.164086 0.013702 0.114169 0.125768 0.126648 -0.146865 0.145204 0.093248 -0.086167 -0.360161 -0.078093 0.130366 0.199208 -0.186161 0.275528 -0.000220 0.007070 -0.021474 -0.058813 -0.025067 0.030519 -0.215543 -0.003838 -0.045133 0.057150 -0.092642 -0.183662 0.090272 -0.031519 0.154132 0.068978 0.249473 -0.078235 0.185026 -0.230785 -0.041843 0.187002 -0.150760 0.056664 -0.092427 0.029743 0.003675 -0.159637 0.145957 0.014592 0.021381 0.033382 -0.341513 -0.172538
listings -0.017129 0.006299 -0.003736 0.007994 0.060020 -0.041780 0.095149 -0.111729 -0.227600 -0.020694 0.048520 0.086376 0.114884 -0.226104 -0.199789 0.088500 0.068058 0.204011 0.195196 0.125535 -0.282438 0.026962 0.033275 -0.021030 0.054119 -0.462349 0.236104 0.101879 -0.352267 -0.049351 0.129501 0.263392 0.056671 -0.080104 -0.146680 -0.001692 -0.026281 -0.099464 -0.143356 0.077608 -0.055183 -0.074252 -0.071316 0.053646 -0.075694 0.050571 -0.099334 -0.017464 -0.102115 0.084992
litigation 0.294446 -0.077263 0.183681 0.080433 -0.090212 -0.142882 0.261240 -0.138515 -0.081502 0.230252 -0.065367 -0.160549 0.128264 0.104338 0.206675 0.093495 0.041597 -0.108696 0.078800 0.329847 0.054427 -0.009983 0.011730 0.168827 -0.076830 -0.076970 0.132327 0.180867 0.080261 0.082145 0.195150 0.251615 0.063789 -0.191101 0.054234 -0.168717 -0.304313 0.067036 -0.061296 -0.021502 -0.042233 -0.144684 0.111044 -0.111869 -0.016121 -0.052553 -0.016270 0.030543 0.143520 -0.007184
lives -0.142638 0.020342 -0.303290 -0.090212 -0.035247 -0.004973 0.072670 0.074840 -0.058595 0.213983 -0.061470 -0.024934 0.209998 0.047874 0.102985 -0.196124 0.021846 -0.019779 -0.148766 0.307919 0.038968 0.131703 -0.138282 -0.075712 -0.077352 0.029179 0.201781 0.077899 -0.119367 -0.296509 -0.078901 -0.126066 0.033705 0.001835 -0.070748 0.240409 0.078489 -0.258527 -0.044942 0.105605 0.079117 -0.145618 0.222464 0.250215 -0.130039 -0.231601 -0.031349 -0.053075 -0.091805 0.077462
living 0.263720 0.276495 0.227451 0.238464 0.205066 0.249683 0.271673 0.281097 0.279966 0.411445 -0.239593 -0.120977 -0.060066 -0.139601 -0.143997 -0.131238 -0.118593 -0.146557 -0.107511 -0.121157 0.014084 -0.032169 0.037933 -0.024294 0.077257 -0.043800 -0.015447 0.025856 0.058535 -0.063159 0.055509 -0.011146 -0.011079 0.011197 0.026534 -0.016787 -0.012924 0.041850 0.081957 0.031145 -0.054554 0.000741 0.050230 0.003276 0.018916 0.057023 -0.023570 0.019179 0.043784 -0.012918
loan -0.093377 0.052043 0.083332 0.036423 0.091525 -0.173217 0.072001 0.169458 0.266215 0.133915 0.137683 0.179690 0.033380 -0.174230 0.050143 0.248088 -0.026466 -0.108600 0.039776 -0.287779 0.364368 -0.213420 0.072096 0.018046 -0.060654 0.019120 0.053760 -0.235609 0.075655 -0.063110 0.042627 -0.147869 -0.037747 -0.014437 -0.018218 0.077881 -0.026370 -0.086111 -0.224236 -0.058556 -0.180200 -0.106207 0.074179 -0.344573 0.028949 -0.113231 0.069092 -0.072024 0.016579 -0.184781
loans 0.046814 -0.321475 -0.057682 0.365939 -0.041725 0.056229 -0.166290 -0.060234 -0.025767 -0.215824 0.022280 0.138911 -0.043674 -0.240565 0.185290 0.162255 0.040123 -0.032315 0.185478 0.227480 0.190623 -0.181346 0.006427 -0.078498 0.036831 0.249234 -0.114923 0.057811 0.036618 -0.054549 -0.042552 -0.183900 -0.217902 -0.120685 -0.063350 -0.004528 -0.219534 -0.077851 -0.036022 0.079361 0.029390 -0.079859 0.021521 -0.075928 0.033810 0.048068 0.033679 0.273394 -0.136698 0.099731
local 0.120250 -0.003550 -0.017335 -0.068323 0.172371 0.282357 -0.186689 -0.158470 -0.000871 -0.047727 -0.080070 0.323045 -0.029163 -0.123793 0.040029 -0.042861 -0.093073 0.045153 -0.022262 -0.314096 0.020590 -0.104888 -0.014758 0.102493 -0.015165 0.144893 0.000970 -0.170149 0.254069 -0.073766 0.162143 -0.055930 -0.148694 0.153640 -0.224964 0.016724 -0.032108 -0.157114 0.070950 0.377673 0.038760 -0.005769 -0.128640 -0.083836 -0.000076 0.131450 -0.137355 -0.066286 0.236561 0.072827
logistical 0.028250 -0.162373 -0.059022 -0.132789 -0.045449 -0.078129 -0.082313 0.124475 0.286566 0.056238 0.001779 -0.115296 -0.372126 0.141636 -0.102574 0.315194 -0.047497 -0.095826 0.024542 -0.012934 0.179919 -0.086512 0.173154 0.121681 0.176115 0.125354 -0.126536 -0.156632 0.226595 -0.043157 0.070593 -0.216140 0.109646 -0.048979 -0.110747 0.041393 -0.070903 -0.202967 0.106950 -0.244088 0.010938 0.106135 -0.125639 0.015427 -0.102301 0.044187 -0.130501 0.131560 -0.191098 0.094539
logistics -0.105490 -0.160754 0.245879 0.109973 0.021458 0.121917 -0.194240 -0.109806 0.096519 -0.081781 0.046470 0.118018 -0.020240 -0.053018 0.203868 -0.125423 0.136504 0.118937 0.180418 -0.203551 -0.214370 0.064806 0.204111 0.059568 0.040495 0.200981 0.070690 0.218727 -0.191666 0.055712 0.254182 -0.210095 -0.015703 -0.065909 -0.007404 0.255056 -0.202488 -0.181152 0.005314 0.043240 -0.085967 0.025712 -0.072542 0.248484 -0.107616 -0.179071 -0.000637 0.082100 0.004492 -0.127654
long -0.056293 -0.139743 -0.034579 -0.258403 -0.141149 -0.043977 0.146110 0.327647 0.077886 0.001765 -0.053114 0.142287 0.154066 0.049060 0.139683 -0.042986 -0.143243 -0.165519 -0.017763 -0.135207 0.083159 0.112985 0.054700 -0.263892 0.053995 0.203751 0.144941 0.042078 -0.082166 0.112027 0.069302 0.108836 0.043127 -0.143942 -0.254713 -0.116143 -0.178147 -0.185425 0.078977 0.009769 0.055409 0.321853 0.139231 0.003971 0.172497 -0.069149 -0.113662 -0.255482 0.015125 -0.087994
look 0.052217 0.034816 -0.040861 -0.223019 0.244777 -0.016109 0.105587 -0.089471 -0.220946 -0.048807 -0.058601 -0.005815 0.115233 0.038077 -0.041407 0.392671 0.158292 -0.129115 -0.015702 0.087172 0.065466 -0.023833 0.020195 0.200099 -0.079135 0.071525 0.236150 -0.125471 -0.092171 -0.133908 -0.005307 0.075137 0.029006 0.023452 -0.065043 0.004788 0.092014 -0.111770 -0.126065 0.162160 0.004365 -0.057976 -0.344348 -0.100786 -0.165627 0.070372 -0.235620 -0.316776 0.123533 0.160460
loopholes -0.293679 -0.091334 0.035948 0.154383 0.033338 -0.315312 0.209781 -0.047836 -0.205423 -0.037964 0.097399 -0.326565 -0.058985 -0.226626 -0.015216 0.042948 -0.101771 -0.011895 -0.093391 -0.251678 -0.010275 0.152970 -0.027613 -0.185824 -0.065036 0.139046 -0.005770 -0.228595 0.218206 0.079035 -0.114548 0.103638 -0.132827 0.054192 -0.167163 -0.150529 0.044976 0.118736 -0.114708 -0.009906 -0.184485 0.067947 -0.103232 -0.000788 -0.127364 -0.029838 -0.084577 -0.084925 -0.095180 -0.177281
low 0.153297 -0.141840 0.068378 -0.198598 -0.025766 0.162893 0.160726 0.193442 -0.017533 -0.096632 -0.040541 -0.238377 -0.014929 -0.128199 0.150675 0.056768 0.003341 -0.008597 -0.100082 -0.080453 0.070225 -0.065368 0.205391 0.156070 0.048080 -0.055968 -0.039524 0.152261 0.006313 -0.313019 0.238911 0.243100 0.142834 0.320284 0.061288 0.110137 -0.080012 -0.084337 0.350095 -0.130078 0.137166 0.048285 0.025844 -0.162086 -0.087760 -0.038942 0.047650 -0.021667 0.061055 0.136994
lower -0.118446 -0.008819 -0.029976 0.024193 0.278726 -0.041483 0.059766 -0.048616 0.152014 -0.069047 0.103896 0.145403 0.006360 -0.165171 0.017876 0.034092 0.203921 0.125936 0.011798 -0.058339 -0.093451 0.074634 -0.141297 -0.217071 0.001037 0.020441 0.104902 -0.243766 -0.029665 0.211091 -0.174580 0.002028 0.120351 -0.001880 -0.058015 0.022759 -0.022085 -0.048561 -0.181249 0.003010 0.334066 -0.176960 -0.056083 0.254497 0.049987 -0.225855 -0.358473 -0.007345 0.115587 -0.246927
lowers 0.284414 0.054458 -0.110373 -0.161607 0.122020 -0.103869 -0.037171 0.060104 -0.018626 0.064832 0.052781 0.115935 0.104292 -0.096545 0.219579 0.181582 0.161642 -0.192270 -0.117165 -0.216761 -0.089643 -0.135180 0.109216 0.058626 -0.125177 -0.073333 0.006533 0.059625 0.049041 -0.077125 -0.231826 -0.027358 0.093739 -0.251123 0.047606 -0.131183 0.009890 -0.113575 0.147172 0.242680 0.277161 -0.063075 0.099610 -0.151178 0.151235 0.046346 0.203460 0.324126 -0.028641 0.035971
lucrative 0.052232 0.061093 0.063346 0.097992 0.006621 0.012604 -0.023839 0.069777 0.108429 -0.061076 0.128021 -0.105721 -0.011343 0.064989 -0.138102 0.150362 -0.297560 -0.204369 0.066735 -0.126346 0.001108 0.001312 -0.022279 0.126073 0.075053 -0.086711 -0.112739 -0.252515 -0.322267 0.265528 -0.021075 0.032991 0.085219 -0.028063 -0.215337 0.261142 0.222888 0.193012 -0.036694 -0.311301 -0.023419 0.125846 0.074169 -0.020584 0.241941 0.129987 0.062921 -0.193505 0.074059 -0.011227
macroeconomic 0.182299 0.142138 0.017084 0.142525 -0.077151 0.129916 0.068685 0.111548 -0.081193 -0.076156 0.087927 -0.045440 0.021075 0.230692 -0.061608 -0.018628 -0.133734 0.116955 0.390408 0.095216 0.007550 0.270524 0.029609 -0.093272 -0.082289 -0.233300 -0.037879 0.138323 0.136464 -0.096837 -0.143730 0.272632 0.035026 0.130571 -0.108095 -0.160718 0.046980 -0.020948 -0.134774 0.013250 -0.199579 0.040391 0.025071 0.236450 0.123393 -0.191795 0.002032 0.073382 -0.302406 0.041584
made 0.022386 0.043559 -0.259232 -0.134630 -0.170790 -0.027082 0.111650 0.339364 -0.073698 -0.031506 -0.171490 0.034026 0.045070 0.045843 0.026923 -0.310508 0.016650 0.037624 -0.067477 0.087365 0.123178 0.229058 -0.318335 0.094262 -0.132942 0.029159 0.006462 -0.115991 -0.135805 0.252664 0.022187 0.055797 -0.067664 -0.157725 0.142217 0.143860 -0.127544 -0.081530 -0.068428 -0.058967 -0.131441 0.092652 0.045323 -0.137712 -0.296140 0.119328 -0.044760 -0.124165 0.152175 0.126411
magazines 0.113263 0.000365 0.269910 0.057800 0.025712 0.067406 -0.071309 -0.136867 -0.149492 -0.020358 0.330391 0.188223 0.207439 -0.082873 0.081361 -0.133320 -0.065403 0.113735 0.013195 0.326375 0.006559 -0.000383 -0.057035 -0.006601 -0.062851 -0.083909 -0.063640 -0.038167 0.257807 -0.065723 0.018631 -0.274636 0.047181 0.062811 0.008672 0.345619 0.033297 -0.066427 0.073579 -0.137739 0.047226 -0.147472 0.268849 0.106312 -0.166210 0.061867 0.153112 0.043332 -0.013302 -0.172904
maintain -0.188541 0.101037 0.104654 -0.077729 0.113850 0.018325 -0.161472 0.209508 0.146852 -0.224277 -0.000027 -0.059673 -0.025841 -0.022318 0.166512 0.142999 0.014213 -0.072918 0.183005 -0.129529 -0.171331 0.136587 -0.046136 0.087329 -0.071436 -0.366065 -0.008015 0.266211 -0.051023 -0.291460 0.123714 -0.029684 0.071178 0.021706 0.036273 0.182910 0.266660 -0.293947 0.006978 0.057773 -0.106848 0.071501 0.106425 0.217737 -0.041284 0.052255 0.126364 0.016741 -0.008703 -0.068224
major 0.097922 0.262527 -0.092310 -0.150703 -0.163218 -0.104297 -0.008412 0.038420 -0.076683 0.095282 -0.041784 -0.094156 -0.043187 -0.031004 -0.054693 0.075132 -0.079886 0.022892 0.104085 0.061228 -0.193846 -0.053282 -0.172570 0.283529 0.038264 0.013205 -0.141286 0.091893 0.019956 -0.143764 -0.142272 -0.221281 -0.035396 -0.006548 -0.158445 -0.043634 0.053453 -0.147401 -0.014290 0.251396 0.106605 -0.061488 -0.268314 0.040083 0.065560 0.342923 -0.262382 0.024314 0.217166 0.279717
majority 0.055165 -0.159044 -0.195743 0.061801 0.040210 -0.040545 0.005365 0.167526 0.400359 -0.142431 0.215891 -0.209690 0.085249 0.156138 -0.108764 0.011538 -0.032183 0.048516 -0.185209 0.375330 -0.049778 -0.122884 -0.047942 0.151175 0.175011 -0.140037 -0.137994 0.027384 0.155685 -0.000107 -0.120091 0.010380 0.315402 -0.146901 -0.026430 -0.045309 0.143478 0.063964 0.054439 0.016484 0.178914 0.005048 -0.126037 0.070691 0.172551 0.028849 -0.013002 0.053360 0.121638 0.016073
make 0.295677 -0.205548 -0.006444 -0.018239 -0.351154 -0.104805 0.055292 0.142528 -0.090696 0.205468 -0.059247 -0.111105 -0.061128 -0.101435 -0.107289 0.298247 0.141259 0.038066 0.076642 0.079325 -0.013088 -0.088126 -0.067660 0.120140 0.214567 0.136261 0.028179 -0.205743 -0.140443 0.087959 -0.064744 -0.002521 -0.037755 0.077406 0.057461 -0.060384 0.301734 -0.198297 0.042985 0.096823 0.246197 -0.017391 0.080811 0.080826 -0.086695 -0.188728 0.018557 0.220896 -0.037216 -0.089452
mandate -0.121570 0.165432 0.011204 0.030226 -0.108676 -0.071127 -0.243731 -0.245431 0.168608 0.070614 -0.101252 -0.319997 0.050705 -0.066992 0.013293 -0.002426 0.213326 -0.065063 -0.159818 0.038694 -0.111648 -0.020748 0.221913 0.043108 -0.146467 -0.155655 0.017621 -0.014011 -0.057898 -0.040860 -0.011941 0.014624 0.148089 -0.287754 -0.300014 0.040823 0.186833 0.107335 -0.124223 0.145390 0.092384 -0.004778 0.103970 0.196968 0.148983 0.042670 0.192318 0.031873 0.201138 -0.186033
mandates -0.229376 0.049327 0.158721 -0.068795 -0.248738 -0.116360 -0.094774 0.124029 -0.123766 0.025725 -0.101484 -0.070885 -0.374293 0.069694 -0.207782 0.021723 0.218505 0.107228 -0.035520 0.068227 -0.045900 -0.077548 0.017018 -0.072087 0.018486 -0.021199 -0.127368 -0.087385 0.397137 0.036603 0.209472 -0.124901 0.035375 -0.029492 0.048073 0.090629 -0.156790 0.133045 -0.190666 0.038702 0.060383 0.057581 -0.152547 0.092961 0.068739 0.039723 -0.003364 0.340987 0.138411 -0.000866
mandatory -0.008011 0.006606 -0.286500 0.201675 -0.174268 -0.122047 -0.135805 0.028185 -0.263205 -0.049437 -0.060092 -0.088248 -0.037737 -0.167287 -0.086139 -0.120209 -0.121308 0.337806 -0.220811 -0.002988 -0.061462 0.153964 -0.193478 0.193540 0.077422 0.047022 0.027793 0.053737 0.031385 0.143883 -0.100672 -0.047066 0.017594 0.055337 -0.198585 -0.020699 -0.013825 -0.038744 0.106212 -0.119707 0.048917 -0.057030 0.019990 -0.308357 0.063698 0.151474 0.203301 0.117135 0.294408 0.109390
manufacturers -0.060676 -0.044678 0.064629 0.042240 0.074268 0.019116 -0.080359 0.095994 -0.077352 0.041950 0.134933 -0.026961 0.024501 -0.134507 0.218287 -0.209833 -0.046424 0.271320 0.201160 0.220084 0.002735 0.071999 -0.046362 0.202465 -0.142087 0.024184 -0.191374 -0.188159 -0.171409 0.002593 -0.217150 -0.201348 -0.099035 -0.115670 0.009647 -0.035849 -0.178920 0.046179 -0.003477 0.050732 -0.051202 0.093716 -0.059383 -0.272767 0.360843 0.078423 -0.051023 -0.065803 -0.235586 -0.239685
manufacturing 0.124376 0.203691 -0.140076 0.312011 -0.097390 0.020275 -0.046338 -0.132933 -0.037981 -0.222174 -0.084285 -0.034371 0.019610 -0.060480 -0.131887 0.085893 0.163198 0.274829 0.128170 0.053832 -0.057192 -0.002393 0.100669 -0.061730 -0.045645 0.223124 -0.203030 -0.031970 0.181036 -0.042739 0.034807 -0.154776 -0.202073 0.042132 -0.046385 -0.098022 0.029993 0.099000 -0.051360 0.313215 -0.339875 0.000118 -0.178840 0.038911 0.028926 -0.044506 0.123796 0.236549 -0.068484 -0.149159
many 0.120810 -0.038517 -0.030798 -0.133390 -0.097419 0.114864 0.009327 0.043176 0.014266 -0.210784 0.153911 -0.289824 -0.139939 0.128580 0.199917 -0.027830 0.227200 0.088039 0.012822 -0.239799 -0.026194 -0.196902 0.197258 -0.275382 0.043451 -0.164954 -0.092680 -0.067571 0.032132 0.042803 0.150373 -0.087664 0.151114 -0.164102 0.164928 -0.006649 0.155173 -0.005110 0.050889 0.088518 -0.019306 0.043500 0.003165 -0.276060 0.132815 0.231754 -0.008378 0.081101 -0.179976 -0.253571
marginalized 0.350504 0.275047 0.274865 0.362845 0.214590 0.308134 0.285469 0.300840 0.218908 0.233274 -0.192282 -0.133092 -0.070897 -0.077937 -0.058871 -0.094426 -0.101825 -0.126422 -0.090161 -0.054125 -0.025577 -0.044099 0.038121 0.035596 0.084224 0.006086 0.035787 0.032016 0.041563 0.037637 -0.033373 -0.026868 0.006983 -0.027471 0.045414 0.004302 0.084995 0.064068 0.036179 -0.039019 0.013435 -0.074426 0.010775 -0.001383 0.023605 0.017638 0.069677 0.083680 -0.088135 -0.016418
maritime -0.238014 0.122659 -0.086232 -0.185869 0.016471 0.108449 -0.159746 -0.072642 0.056748 -0.065139 0.009563 0.042505 -0.119556 -0.002020 -0.120368 0.184174 -0.016423 0.113562 0.212057 -0.114332 0.058259 0.126967 0.226139 -0.169897 -0.046057 0.063828 -0.031817 0.146593 -0.035489 0.068748 -0.072209 -0.065612 -0.187765 -0.047639 0.090443 -0.136837 -0.211752 -0.186842 0.031993 0.257162 -0.031065 -0.422105 -0.175328 0.253649 0.038232 -0.091955 -0.186624 -0.074026 -0.030703 -0.140643
market -0.110739 -0.122557 -0.094005 -0.156651 -0.115924 -0.114896 -0.130273 -0.127299 -0.162755 -0.114660 0.139292 0.350647 0.263254 0.345859 0.317395 0.220033 0.258607 0.386323 0.240777 0.185952 -0.079835 0.072772 0.003785 0.005845 -0.024230 0.082632 -0.013438 -0.013972 -0.022868 -0.011599 -0.032164 -0.026762 -0.003377 -0.066547 -0.017816 0.081921 0.070577 0.017235 0.009974 0.022007 0.039345 0.024976 -0.045761 0.019126 0.023466 -0.004949 -0.016568 0.021071 0.025757 -0.070342
marketing -0.159413 -0.151023 -0.097497 -0.065389 -0.114123 -0.108537 -0.111953 -0.092628 -0.072391 -0.130295 0.334262 0.249340 0.241915 0.301967 0.338899 0.268333 0.310372 0.263463 0.233548 0.325773 0.055475 0.017912 0.059971 0.025209 0.038425 -0.043762 -0.007696 0.051334 0.011191 0.012971 0.043433 -0.010572 0.017945 0.023592 0.009954 -0.062348 -0.033293 0.029331 -0.002469 0.043407 0.005623 -0.002416 0.001995 -0.047654 0.044826 0.036049 -0.048888 -0.011957 -0.000926 -0.009792
marketplaces -0.066028 -0.120980 -0.170570 -0.052695 -0.074143 -0.152801 -0.062954 -0.071274 -0.105874 -0.130663 0.372609 0.285384 0.211650 0.196153 0.302925 0.347640 0.310636 0.357679 0.223000 0.208838 -0.002294 -0.058681 -0.046626 0.006907 -0.058020 0.013380 0.009528 -0.018256 -0.024368 -0.007466 0.034924 -0.010928 -0.088833 -0.026358 0.017793 -0.001826 0.046393 0.016728 0.078817 -0.041855 -0.056647 -0.037902 0.035418 -0.042802 0.002176 -0.056488 0.040760 0.001223 -0.063568 0.038196
markets -0.095930 -0.082479 -0.221501 -0.104411 -0.014124 -0.091852 -0.045888 -0.131074 -0.188857 -0.132005 0.299774 0.323582 0.350935 0.207526 0.332256 0.220250 0.222222 0.261029 0.260324 0.278960 -0.000757 0.022727 0.008362 -0.043817 -0.018209 0.026618 -0.020900 0.048619 -0.053614 -0.033481 -0.034043 -0.039407 0.072454 0.019080 -0.004622 -0.012838 -0.077381 0.039044 0.031347 0.001090 0.019223 0.032899 -0.033591 -0.028576 0.020017 0.112649 0.029223 -0.100550 -0.003627 -0.073467
mass -0.005238 0.351967 0.117185 -0.099825 -0.099824 0.096932 0.074840 0.044859 -0.030086 -0.028692 -0.055500 0.005237 -0.098442 0.150459 0.069662 0.137382 0.025287 0.009834 0.071060 -0.142202 -0.149457 0.254029 -0.178967 -0.102835 0.036645 -0.035617 0.166870 -0.046733 -0.250405 0.171626 0.423057 -0.143791 0.016013 0.076826 -0.080558 0.018502 -0.011672 0.017694 -0.014470 0.021007 -0.187078 -0.017478 -0.001773 0.183655 -0.039560 -0.209577 -0.152613 0.281351 -0.212856 0.090697
massive 0.328891 0.106548 -0.011282 0.002557 -0.192196 0.257950 -0.112022 -0.025688 0.131641 -0.178164 -0.049410 -0.050948 -0.169318 0.012342 -0.160049 -0.107079 -0.156932 -0.067472 -0.144715 -0.064062 -0.039548 -0.091837 -0.062462 -0.090701 0.121149 -0.002947 0.085795 0.038480 0.019224 0.105999 0.069374 0.328198 -0.021392 -0.110241 -0.071459 0.127359 -0.042319 0.183385 0.057329 -0.236612 0.166070 -0.213991 0.036582 -0.001606 0.122506 -0.177764 0.204778 0.032070 0.338422 0.110422
mathematics 0.126407 0.294389 0.065824 -0.177914 -0.003121 -0.127967 0.033422 0.331609 -0.237487 0.041224 0.009717 -0.244126 -0.150353 0.299055 0.083296 -0.070318 0.012884 -0.080017 0.111586 -0.035311 -0.100643 0.116493 0.097003 -0.048346 -0.004227 -0.150729 -0.027288 0.056398 0.031369 0.152150 0.090313 0.062809 0.110792 -0.026008 0.297227 -0.007826 -0.077312 -0.101159 -0.043797 0.030207 -0.116547 -0.274655 0.162154 0.225407 0.119657 0.255760 -0.018022 -0.033686 0.063768 0.042469
may 0.009834 -0.206287 0.007842 0.014333 -0.157322 0.041023 -0.051842 -0.158897 -0.122501 -0.040419 0.411020 -0.260687 -0.078255 -0.030873 -0.009573 0.072830 0.087671 -0.155838 0.059726 0.221873 -0.046943 -0.067456 -0.024819 0.077919 -0.032721 -0.375572 0.064306 0.253765 -0.033616 -0.227533 0.039969 -0.118650 -0.129877 -0.219922 -0.041816 0.058647 0.038055 0.137095 -0.118877 -0.018973 0.250014 0.130067 -0.183555 0.071391 0.015317 0.023575 0.135484 0.053105 -0.053853 -0.105010
meaning -0.205172 0.196274 -0.124504 -0.273939 0.317515 0.030686 -0.082303 0.034611 0.166278 -0.085749 0.160002 -0.056716 0.145712 0.115057 -0.037035 -0.201047 0.045062 0.106737 -0.140096 0.117856 -0.011481 -0.064400 0.198956 0.091569 -0.243606 -0.021576 -0.209752 -0.088885 -0.046682 -0.236066 0.156575 -0.217328 -0.083359 -0.236677 0.078927 0.114551 0.023760 -0.114933 -0.118643 -0.076569 -0.134453 0.020589 -0.008405 -0.106358 -0.007071 0.136303 -0.185267 -0.198841 0.008817 -0.000126
measures -0.023568 0.312301 -0.007124 -0.018210 0.232052 -0.009501 0.044537 -0.044965 0.196115 -0.115216 0.025531 0.143574 -0.086592 0.010741 -0.127708 -0.152060 -0.112454 -0.225415 0.110580 -0.175099 -0.213385 0.062362 0.029458 -0.305486 0.036809 0.221970 0.037382 -0.172212 0.225942 -0.055729 0.151680 0.126022 0.008351 -0.138167 -0.094905 0.146158 -0.185149 0.052806 0.013392 -0.196807 -0.116534 -0.232765 0.141964 -0.034883 0.222613 -0.101932 0.036920 0.142390 0.007929 0.050702
measuring -0.135616 0.034868 0.302345 0.033835 -0.012267 -0.149752 0.080639 -0.018386 -0.155385 0.059312 0.211482 0.103249 0.175861 -0.089431 -0.108911 -0.000826 0.235111 -0.287728 0.015467 -0.167875 -0.108523 -0.061570 0.193856 0.080234 -0.055882 -0.066443 0.070814 0.154828 -0.000459 -0.126903 0.236175 -0.109886 -0.020638 -0.208291 0.047083 -0.330798 0.151565 0.134701 0.013727 0.050428 -0.139290 -0.069911 0.204065 0.061805 0.176648 0.203976 0.043412 0.135165 0.121695 0.034664
meatpacking 0.032361 -0.050031 0.182398 -0.093874 0.045894 -0.014271 -0.045385 -0.049998 0.212595 0.175282 0.129198 0.042989 -0.032364 0.282877 0.086409 0.024580 -0.085058 0.104872 -0.030460 0.241980 0.096389 0.090666 0.100056 0.052846 -0.067404 0.113019 -0.078925 -0.252297 0.085744 -0.055090 -0.129938 0.175565 -0.075028 -0.265493 0.200055 0.029593 0.127435 -0.119694 -0.303102 -0.211418 0.273033 0.078597 -0.058522 -0.180282 -0.094090 -0.040417 0.012661 0.119585 0.275812 0.093584
median -0.275042 0.034142 -0.343391 -0.032773 0.098115 0.126952 -0.124384 0.093635 -0.229551 -0.011293 0.133479 0.069764 0.050988 0.044686 -0.085540 0.097980 0.006994 0.198542 0.027615 0.283701 -0.084685 0.026783 0.160076 0.241556 -0.104889 -0.001561 0.056418 0.030805 0.142946 0.099240 0.030783 -0.030607 0.002788 0.059670 -0.008765 -0.001443 -0.121625 -0.316028 0.084191 0.220929 0.214207 0.250066 0.072631 -0.113156 -0.224419 -0.185366 -0.012612 0.058281 -0.086368 0.029401
medicaid 0.213427 0.226327 0.299533 0.290862 0.268905 0.320864 0.247627 0.304691 0.254821 0.345887 -0.123961 -0.130075 -0.172938 -0.086057 -0.090666 -0.154062 -0.142125 -0.092525 -0.117038 -0.127410 -0.007536 0.019731 -0.102903 -0.032482 0.045602 0.012178 0.041347 -0.021350 0.042167 0.039487 0.021206 0.034072 0.006537 0.054740 0.001131 -0.040703 0.024615 0.014312 -0.032055 0.074028 0.021750 0.106620 0.013204 0.042614 -0.063728 -0.018960 0.030665 0.001159 -0.031069 -0.032566
medical 0.274378 0.147648 0.189829 -0.219027 0.205083 -0.072927 0.154164 0.278161 -0.021417 -0.228927 0.092783 0.107357 -0.084343 0.215075 -0.151393 0.124433 -0.068431 -0.146648 0.058948 0.039478 -0.106109 0.211714 -0.059202 0.170468 -0.059542 0.122847 -0.260588 -0.006604 -0.018102 0.076264 0.209291 0.024868 0.126814 -0.105768 -0.046694 0.289054 0.019568 -0.143852 0.107807 0.082375 -0.163621 0.013385 -0.008516 0.032967 -0.094845 0.157841 0.052032 -0.134661 -0.114856 0.007709
medicare 0.130394 0.158033 0.216690 0.355708 0.354224 0.254815 0.231501 0.209393 0.329116 0.322324 -0.084834 -0.146608 -0.037418 -0.090629 -0.122812 -0.197394 -0.225119 -0.145013 -0.148645 -0.172038 -0.017531 0.034566 0.060064 -0.011354 -0.024171 0.106352 -0.058287 -0.001163 0.042798 0.032288 -0.088014 0.035627 -0.013979 -0.000245 0.066635 -0.089383 0.045255 0.059107 0.003227 0.058022 -0.006612 0.029352 0.021809 -0.018088 -0.004206 0.036132 0.037770 0.091105 0.006371 -0.044393
medications 0.271802 0.096792 0.060425 0.157554 0.108504 -0.120553 -0.262491 -0.152614 0.154251 -0.040964 0.127248 0.215479 -0.093808 -0.260994 0.157805 0.015870 0.036482 -0.090273 0.101966 -0.033354 -0.188212 0.257274 -0.337150 -0.134526 0.273731 -0.170572 0.100620 -0.079339 0.001309 -0.144147 -0.038449 0.181320 -0.015967 -0.038898 -0.041978 -0.003147 0.085675 -0.160426 -0.002987 0.144137 0.204503 0.005872 -0.052717 -0.028779 0.061580 0.170201 0.015422 0.023136 0.110582 -0.032253
medicines -0.095875 -0.071587 0.021727 -0.073506 0.013459 -0.136458 -0.137142 0.293997 -0.013878 0.231220 0.280936 0.085228 0.109240 -0.044498 0.050525 -0.033095 -0.018912 0.024124 -0.026077 -0.004730 -0.018572 0.076520 0.125058 0.184682 -0.058898 0.110884 0.138824 0.223366 0.209902 0.047887 -0.186460 0.111208 0.063677 0.110166 0.120464 0.045234 0.085097 0.396154 -0.061969 -0.102270 0.136002 -0.016522 0.114558 0.171719 0.076335 0.154281 0.358555 -0.139077 0.061524 0.091796
meeting -0.209701 0.319169 0.067109 0.090272 0.131387 -0.100139 0.161557 -0.174940 0.080145 0.039986 0.065213 0.181813 0.003929 -0.109960 0.136496 0.046001 0.138418 -0.100242 -0.069946 0.280393 -0.034357 -0.151064 0.189860 0.158096 -0.008910 0.001932 -0.118560 -0.116276 -0.125988 -0.106216 0.238553 -0.174334 -0.245999 -0.123263 0.145905 -0.100975 0.021149 -0.153661 0.034991 0.017880 0.043509 0.141221 0.185305 -0.026518 0.095894 0.027556 -0.057953 0.065979 -0.329374 -0.153684
mega -0.211862 0.211310 0.152983 -0.006315 0.109752 0.152507 0.072610 0.143584 -0.183598 0.332832 -0.028493 0.154856 -0.258168 0.383476 -0.044186 0.175637 -0.057790 0.072993 0.125293 0.188768 -0.232399 -0.052097 0.080096 -0.055948 0.000707 0.016076 0.005751 -0.100091 -0.008297 0.096811 -0.030644 0.049191 -0.150698 -0.116092 -0.089641 0.063128 0.019370 -0.019047 0.203982 -0.154072 0.114107 -0.136064 -0.098516 0.123497 -0.124644 -0.072509 -0.113924 0.010315 0.158994 0.175281
member -0.153726 0.075806 -0.110468 -0.277989 -0.101602 -0.208598 0.066484 0.155844 0.187889 0.063353 0.045633 -0.150483 0.196003 0.252111 -0.249227 -0.011637 -0.094587 0.205085 -0.019210 0.069119 0.362090 -0.197700 -0.032923 -0.028338 0.119874 -0.124765 -0.000430 0.003835 0.132282 -0.053009 -0.086122 0.014309 -0.147634 -0.202363 -0.223722 0.038527 -0.064858 -0.124553 -0.027255 0.209704 0.121071 0.174234 -0.010044 0.131964 0.066806 0.054810 0.107635 0.106484 -0.111547 -0.011165
members -0.047193 0.152566 -0.269245 0.242521 -0.188445 0.284563 0.181102 0.133083 0.159688 -0.148278 -0.145564 0.191438 -0.170942 0.019844 -0.100314 -0.265480 0.174265 -0.006096 -0.116333 -0.236960 -0.140733 -0.166523 -0.096884 -0.090706 0.231137 0.045927 0.098031 -0.283313 -0.084660 0.055201 -0.176940 -0.007252 0.170296 -0.030361 0.053989 0.110969 -0.045163 -0.027677 -0.045895 0.083147 0.072696 0.093455 0.003358 0.025582 -0.033670 -0.052711 0.008869 -0.159838 0.075326 0.040147
mental -0.389032 -0.040494 0.008179 0.118683 0.003121 -0.156888 -0.067739 0.136171 -0.002979 -0.145230 0.095590 0.093173 -0.193965 0.118239 -0.265252 -0.186473 0.327723 -0.072048 0.144551 0.080193 -0.120459 -0.101700 0.008415 -0.043501 -0.008119 -0.237539 0.048907 -0.013982 -0.031443 0.098489 -0.014858 -0.047357 -0.133852 -0.063606 -0.352990 -0.202163 0.120283 -0.205077 0.044703 0.118387 -0.223593 -0.017635 -0.097490 -0.137904 0.067143 0.000474 -0.040076 0.058639 -0.022910 -0.040134
merger 0.052613 -0.137734 -0.087629 -0.024069 0.063852 -0.058158 -0.006925 0.078615 0.156507 -0.131047 -0.205159 0.118666 -0.069900 0.086516 0.063055 -0.011403 0.213432 -0.038986 -0.144894 0.070076 -0.032614 0.133891 -0.390842 -0.242868 -0.009774 -0.068629 -0.165506 -0.156007 -0.126306 -0.017749 0.049457 -0.254256 -0.048255 0.074174 0.289004 0.183285 0.051855 -0.028936 -0.213025 0.064923 0.153178 0.154529 0.312240 0.178884 -0.051462 -0.134218 0.136984 -0.018400 -0.059236 -0.014610
metrics 0.005873 0.147904 0.001629 -0.037181 0.044129 0.051039 0.443192 -0.226244 0.134771 -0.164759 0.155108 0.066567 -0.163031 -0.029958 0.019237 0.167283 -0.127810 -0.095194 -0.244018 -0.032104 0.021850 -0.055291 0.048737 0.043997 0.110398 0.087078 -0.071298 -0.043626 0.131392 -0.017037 -0.121805 -0.183117 -0.065886 0.226720 -0.020473 0.079503 -0.067010 -0.147873 0.159271 0.199633 0.153036 0.119996 0.189659 -0.177917 -0.147715 -0.240186 -0.043848 0.237709 -0.086573 0.059030
metropolitan -0.089480 -0.009877 -0.120141 0.000594 -0.264033 0.051783 -0.251400 -0.319088 0.129840 -0.140964 -0.068183 0.148471 0.022911 0.060628 0.136406 0.196055 -0.011136 0.008122 0.042884 -0.067703 0.136652 0.230549 -0.202825 -0.009355 0.104898 -0.048698 0.139607 -0.175688 -0.073456 0.090166 -0.176402 0.255356 0.141109 0.181417 -0.074016 -0.114985 -0.009426 0.239858 0.076255 0.097321 0.154321 0.019472 -0.075540 -0.243302 -0.042141 0.241614 -0.054850 0.061268 -0.115923 0.090847
microgrids 0.003840 0.048682 0.106151 0.098488 -0.031037 0.090013 0.177213 -0.098934 0.371079 0.182332 -0.154986 0.152661 -0.163004 0.182035 -0.023636 -0.094833 -0.089149 0.096029 -0.153180 0.024595 -0.070954 -0.017980 -0.059676 0.206640 -0.242113 -0.003535 0.081787 -0.152082 0.080349 -0.366102 -0.040160 -0.196878 -0.157161 -0.137202 -0.139740 -0.028550 0.006537 -0.220181 0.022179 -0.024540 -0.039836 -0.074006 -0.060584 0.007001 0.008478 -0.095252 -0.241425 -0.097638 0.188468 -0.199854
middle 0.334685 -0.185074 -0.093841 -0.061965 -0.054142 -0.089861 -0.051944 0.236372 -0.015941 0.080399 0.054345 -0.136546 0.077195 0.009176 -0.121380 -0.211558 -0.030901 -0.146444 -0.107427 0.025994 -0.101909 0.015442 0.123388 -0.008908 0.333084 0.127483 -0.028080 0.099019 0.184150 -0.011069 0.015497 -0.250787 0.139322 -0.121885 0.093331 0.067078 0.064839 0.196692 0.348667 -0.062651 0.213335 -0.008178 -0.202559 -0.150671 -0.000050 0.065272 0.049577 0.141210 0.159772 0.069284
migrant -0.148753 -0.005161 0.194693 -0.062825 -0.262171 -0.083353 -0.093526 -0.038665 0.137752 0.358218 -0.043036 0.158454 -0.239404 -0.059534 0.069565 -0.075351 0.157049 0.231030 -0.024119 -0.139969 0.065594 -0.127799 -0.252631 0.066391 0.162527 0.011061 -0.078776 -0.054917 -0.045639 -0.102510 -0.073722 0.109736 0.136077 -0.243429 0.185768 -0.202309 -0.049636 0.079910 0.253453 -0.108208 -0.195099 0.168386 0.064269 -0.094997 -0.146554 -0.017602 -0.004227 -0.020407 0.032968 -0.103164
mileage -0.057068 -0.184817 -0.121547 -0.035550 -0.053593 -0.172227 -0.130486 -0.097579 0.061079 -0.302892 0.088615 -0.016773 -0.225192 -0.135002 0.165640 -0.154830 -0.162768 -0.174560 -0.293523 0.267743 0.153621 -0.266521 -0.029504 0.001373 0.145384 -0.003363 -0.015790 0.006646 0.011076 0.122856 0.161580 -0.150490 -0.083314 -0.229883 -0.115425 -0.232315 0.178769 0.020927 -0.004443 0.185180 0.023221 0.077130 -0.127951 0.031228 -0.066101 0.117084 -0.090117 0.039623 0.119268 0.090385
militarization 0.074248 0.081799 -0.112908 0.052817 0.102397 -0.092842 -0.082450 0.205168 -0.173484 0.356011 -0.337749 0.092782 -0.052558 0.144630 -0.097838 -0.048585 0.126202 0.058193 0.188111 -0.141382 0.123413 0.005667 -0.157607 0.045073 -0.020772 0.321508 0.216288 -0.039116 -0.104712 0.016260 0.055659 0.088618 -0.183084 -0.045838 0.142577 -0.013662 -0.016416 -0.044629 0.012697 -0.015492 -0.060788 -0.016116 -0.038041 0.289840 -0.171443 -0.083618 0.175324 -0.118429 -0.222328 -0.138667
military -0.213711 0.098227 0.094706 0.189163 -0.098734 -0.180467 -0.047083 -0.163076 -0.001484 0.119523 -0.055994 -0.034050 -0.243248 -0.000804 -0.215799 0.035184 -0.000992 -0.104526 0.045757 0.032748 -0.116405 0.185555 0.200991 -0.313304 0.189384 -0.001283 -0.050233 -0.108896 0.121740 -0.029102 -0.155476 -0.024241 0.019532 -0.126838 0.071796 -0.141726 -0.021970 -0.074910 0.005929 -0.085641 -0.174603 -0.304033 -0.249448 -0.088667 0.180962 0.205921 -0.011818 -0.209294 -0.128340 -0.167881
million -0.005147 -0.163337 -0.167778 -0.073627 -0.019795 -0.048977 0.146516 -0.006992 0.122612 -0.186860 0.219024 -0.014602 -0.236527 0.257414 0.249584 -0.025059 0.024946 0.292932 -0.026654 0.092844 0.190699 0.075294 -0.050979 0.013230 -0.206074 -0.120146 -0.013631 0.077910 0.067036 0.124580 -0.041870 0.264362 -0.037303 -0.012311 -0.110536 0.122114 -0.292807 0.208143 -0.085915 -0.092100 0.074317 0.104956 -0.147672 -0.151483 -0.089935 -0.250670 0.012535 -0.119182 0.110934 0.065506
millions -0.139158 -0.075576 0.053393 -0.187724 -0.128433 0.200384 -0.251388 -0.203111 -0.173430 0.124086 0.080558 0.100771 -0.008831 0.042063 0.077001 -0.006721 0.048182 0.092243 -0.053868 0.082205 -0.091515 0.031075 -0.216673 -0.201567 0.080078 0.160350 0.185381 0.119459 0.041411 -0.194316 0.064900 0.039604 -0.129461 -0.067420 -0.059300 0.027175 -0.064671 -0.180828 0.000217 0.270091 0.037734 -0.199083 -0.185914 0.351027 0.216194 0.005878 -0.030391 -0.092602 -0.187729 -0.191368
minimum -0.142647 0.111990 -0.164317 0.043180 -0.138675 0.064240 -0.031689 -0.169774 0.086002 -0.226493 -0.103334 0.164166 0.139564 -0.132805 0.107528 -0.060882 0.159181 -0.229538 -0.170236 -0.236719 0.024520 0.005317 0.021906 -0.004809 0.014974 -0.132097 0.003708 0.033337 0.235442 -0.217897 0.226062 -0.045072 -0.025575 0.085372 0.106199 0.142719 0.015887 -0.242371 0.029590 0.295571 0.173301 0.068304 0.131895 0.023934 0.273118 -0.195849 0.015776 -0.142143 0.033048 0.152788
minorities 0.127994 -0.104014 0.090438 0.128623 0.037266 0.106996 0.029161 0.149710 -0.150406 0.165875 0.253313 0.071792 -0.180479 0.161681 0.185637 -0.094337 -0.134498 -0.263548 0.066725 -0.194159 0.272517 -0.025078 0.018302 -0.075893 -0.178270 -0.044399 -0.085661 0.104542 -0.132844 0.072479 -0.070722 -0.052497 -0.111372 -0.085205 -0.169025 -0.045596 0.268270 0.174463 0.190385 -0.020259 0.101217 0.188709 -0.110667 -0.082200 0.059353 -0.215486 -0.150626 0.221088 0.098348 -0.107928
missile 0.255118 -0.176305 -0.053381 -0.161590 -0.017909 0.000326 -0.070926 0.191549 0.025217 0.261738 0.029099 -0.094736 -0.153108 0.177486 0.062879 -0.271420 -0.219187 0.073555 -0.188963 -0.097536 -0.014262 -0.193161 -0.149405 0.074136 0.006157 -0.099888 -0.006356 0.229615 0.091938 0.038395 -0.120725 -0.039530 -0.057454 0.068659 0.183861 0.058994 0.047454 -0.148686 -0.144424 0.224191 0.126113 0.017418 -0.112757 0.100111 -0.067272 0.157636 -0.343547 -0.050261 -0.196013 -0.019471
mobility 0.117232 0.098524 0.060938 0.156717 -0.089547 -0.067218 0.025277 0.017090 0.044553 -0.179534 -0.072486 -0.067253 -0.035044 -0.005705 -0.081164 -0.052562 0.055971 0.121755 0.006836 0.007637 -0.032933 -0.212916 -0.125925 -0.216669 -0.073887 0.020011 -0.193235 -0.039155 -0.037667 -0.331227 -0.177127 -0.172569 -0.111251 0.158741 0.025027 -0.145373 -0.285347 -0.245530 -0.031813 0.034724 0.141027 -0.072027 0.266098 -0.333515 0.172491 0.238174 -0.084518 -0.057147 0.059086 -0.158577
model 0.135903 0.032333 0.089274 -0.009467 -0.474293 -0.197330 0.110693 0.031299 -0.112656 0.214583 -0.044773 0.170796 -0.035399 0.237787 0.041805 0.054975 0.032598 0.256218 -0.035653 0.062693 -0.039496 0.165684 0.077417 -0.139103 -0.081848 0.079468 -0.113004 0.073682 -0.142977 -0.161214 0.162793 -0.016731 -0.083309 0.036882 0.100373 -0.151232 0.162019 0.040300 -0.203894 -0.003968 0.026344 -0.015510 0.283037 -0.230380 0.036935 -0.001863 0.228057 0.003335 -0.050942 0.106374
modeling 0.011052 -0.055675 -0.036947 0.323771 0.081587 -0.225699 -0.096094 -0.078707 -0.250072 0.028165 0.054565 0.160658 -0.154267 0.142643 -0.148312 0.055764 0.139014 -0.250773 0.069183 -0.253930 0.143451 0.246403 0.027537 -0.032149 -0.070542 0.085975 -0.086186 0.040878 0.164352 -0.003463 -0.172998 0.074082 0.142899 0.093065 0.087964 -0.080385 0.033311 0.106081 -0.088737 0.050703 0.087595 -0.097365 0.248266 0.000676 0.002368 -0.340636 0.120134 0.203181 0.136918 -0.048420
moderate -0.015842 0.023466 0.058351 -0.004206 -0.041624 -0.029737 0.027495 -0.029009 -0.011792 -0.012392 0.002420 0.050163 -0.043245 -0.030994 0.006648 0.028394 0.030793 0.018000 0.062525 -0.044571 0.274913 0.381330 0.316680 0.269872 0.415762 0.251824 0.329557 0.196146 0.256858 0.334061 0.024298 0.013114 0.037056 -0.005703 -0.051404 0.012078 0.033445 0.008804 0.002887 -0.028051 0.035318 0.005826 0.092606 0.002747 -0.017749 0.045364 0.006543 -0.005923 -0.051696 0.030468
moderately -0.223225 -0.068919 -0.045055 -0.035905 0.137657 0.284518 0.093290 -0.135353 0.099030 0.052520 -0.062456 -0.006580 0.060543 -0.205977 -0.234925 0.031909 -0.072798 0.126451 -0.058150 -0.032356 -0.154419 -0.335988 -0.337739 0.029721 0.026579 0.140315 -0.035385 -0.019027 0.127364 0.264478 -0.057949 0.029360 -0.055463 -0.046221 -0.171361 -0.188799 -0.140698 0.090445 -0.236588 -0.104050 -0.066788 0.076347 -0.137769 0.191798 -0.027012 -0.138457 -0.084977 -0.083437 0.201692 -0.027380
modern -0.142829 0.203281 -0.207207 0.100865 -0.339884 -0.326124 0.038839 -0.149543 0.144807 0.160480 0.038846 -0.023971 0.146274 0.109720 0.160390 0.075415 0.097974 -0.125872 -0.130099 0.000508 0.065161 -0.040428 0.329045 -0.181987 0.213569 -0.013083 0.048684 -0.036519 0.104999 0.062174 0.245064 0.037933 0.010051 0.091459 0.187968 -0.093885 -0.152853 0.036568 -0.016631 -0.124623 0.062628 0.124221 -0.000457 -0.057867 0.093035 -0.110223 0.112576 -0.034837 0.144733 0.196958
modernization -0.058361 -0.158485 0.088500 -0.143799 0.162014 -0.024281 -0.084608 0.031596 0.071996 -0.030242 0.066196 0.130643 -0.101889 0.185418 0.145840 -0.011082 -0.257957 0.099020 0.107754 -0.273274 -0.188658 0.081846 -0.217065 -0.020769 -0.421353 -0.126262 -0.039937 -0.235595 0.080095 0.007634 -0.077626 -0.134618 0.141867 -0.069812 0.200092 -0.177495 0.231306 -0.081453 0.006779 0.157630 0.010574 -0.179579 0.059752 0.056220 -0.105007 -0.102063 -0.031862 -0.121458 -0.150558 -0.007144
modernizing 0.237157 -0.075080 -0.144499 0.145813 0.045414 -0.200500 -0.129835 -0.047056 -0.063726 -0.243157 0.230765 -0.084267 0.073178 0.167018 -0.055204 -0.008696 0.189305 0.175595 0.015756 -0.112111 -0.042196 -0.077184 -0.138221 -0.133176 0.215371 -0.042617 -0.206260 -0.101819 0.086578 0.093448 -0.063533 -0.251861 0.030694 -0.150171 0.149571 -0.092047 0.035035 -0.159296 -0.005313 0.058401 0.050764 -0.044276 -0.193538 -0.013150 -0.085505 0.143806 0.315697 -0.102546 -0.296656 -0.114598
monetary 0.078283 -0.274912 -0.082836 -0.151062 -0.063688 0.186131 -0.095233 -0.112272 -0.340684 0.076172 -0.148338 -0.052529 0.048344 0.153778 -0.073654 0.068750 0.225429 -0.096920 0.105107 -0.095249 0.142432 -0.084583 -0.042007 0.077817 -0.080764 -0.033839 0.081207 0.203081 0.110930 -0.127840 -0.147574 -0.006514 0.145656 -0.024143 0.099472 -0.132534 0.031847 -0.177458 0.037326 0.173939 0.303419 0.250707 -0.254932 0.181183 -0.015947 -0.093749 -0.115285 0.152406 0.107193 -0.026575
money -0.072221 0.063984 -0.019785 -0.034103 0.193671 -0.216675 0.130704 -0.113001 -0.203012 0.012036 -0.261075 0.091656 0.028944 -0.032999 -0.195283 -0.097791 -0.171734 0.261707 -0.212209 -0.217850 -0.006351 0.094581 -0.045297 0.165948 0.069717 -0.018127 0.071178 0.126047 0.277005 -0.081048 0.091030 -0.007292 -0.149692 0.105118 -0.150261 -0.303465 0.123071 -0.188383 -0.189324 0.049223 0.136418 -0.080540 0.146612 -0.025350 -0.029678 0.061439 -0.232400 -0.058243 0.070263 0.095868
monopolies 0.307374 0.320458 0.329918 0.182706 0.301192 0.303863 0.246397 0.249057 0.293041 0.300008 -0.120399 -0.073275 -0.149405 -0.189054 -0.053074 -0.073870 -0.128840 -0.117191 -0.100508 -0.113604 -0.073479 0.032560 -0.017458 0.025957 -0.018391 0.029943 0.010189 0.044574 -0.043846 -0.014152 -0.024293 0.008080 0.050353 -0.002051 -0.026199 0.048055 0.004279 0.024724 0.010505 -0.073812 0.021002 0.009761 0.041946 -0.020692 0.096218 0.017996 -0.030942 0.026048 0.000090 0.013515
monopolistic -0.090508 0.187912 0.265890 -0.099098 -0.200686 -0.118965 0.227634 0.040108 -0.014014 0.074108 -0.051441 -0.094271 0.021288 -0.120106 -0.090171 0.118392 -0.186051 -0.136441 0.122682 0.136178 -0.069469 -0.060978 0.188800 -0.196993 -0.085935 -0.232495 -0.117408 -0.085048 -0.084036 -0.021842 -0.111067 -0.010453 0.107580 0.158408 0.003940 0.311407 0.083759 -0.286781 0.115879 -0.144455 0.118301 -0.059296 0.008183 -0.033734 0.297914 -0.137509 -0.027291 0.064605 0.031685 0.228264
monopolize 0.101437 0.027528 0.052488 0.166205 0.041579 0.073770 -0.127892 0.187036 -0.052984 0.097097 0.063944 0.003322 0.049761 0.172093 0.109653 -0.147827 -0.189643 0.016402 0.176152 -0.313201 -0.188690 -0.216746 -0.010065 0.135525 0.034714 0.079845 -0.016454 -0.098800 -0.174011 0.036658 -0.087556 -0.075486 -0.014558 0.120094 0.002328 0.110611 -0.176538 -0.056924 -0.023504 0.088561 -0.097953 0.283480 -0.145992 -0.287699 -0.038127 0.368827 -0.203865 -0.211802 0.032262 0.009198
monthly -0.071930 0.053574 -0.014210 -0.077510 -0.023804 0.043994 -0.172750 0.042647 0.235446 0.292077 0.187560 0.067354 0.013709 0.071278 -0.157512 0.288621 -0.139460 -0.176650 0.029528 -0.052679 0.019286 -0.264567 -0.081676 -0.114547 0.065533 -0.203493 -0.167690 -0.150105 -0.018890 0.117141 -0.001768 0.035136 -0.144137 -0.325154 0.138798 -0.159273 -0.236338 -0.009323 -0.092633 -0.050125 0.007911 -0.007785 -0.183709 -0.129459 -0.142271 -0.248172 0.097730 -0.108550 -0.098204 -0.000382
months -0.106752 -0.140182 0.097750 0.259990 -0.103538 0.137770 0.154205 -0.007820 0.007342 -0.019539 0.073741 0.037073 0.150457 0.190348 0.126581 -0.242364 -0.068118 0.093101 -0.123770 0.318657 0.025325 0.108826 0.113441 0.164524 0.010997 0.065034 0.025670 0.023738 0.009100 0.286978 0.003592 0.089540 0.096183 -0.306702 -0.066930 0.235052 -0.061334 -0.022907 -0.003871 0.036631 -0.020932 0.265618 -0.032915 -0.114120 -0.166018 0.018668 -0.310913 -0.152591 0.036610 -0.125534
moral 0.015592 0.011161 -0.289175 -0.001934 0.106877 0.044512 -0.239452 0.134574 0.265945 -0.139725 0.290031 0.053045 -0.037762 -0.081980 0.065783 -0.131012 0.136784 0.006164 0.134243 0.153233 0.081171 0.104641 0.145861 -0.210329 0.123283 0.287842 0.007634 0.007295 0.015445 0.026460 -0.097829 0.030893 -0.154067 0.129809 0.043246 0.127772 -0.250348 0.108662 0.030292 -0.114233 -0.023893 0.114424 -0.062402 0.257811 -0.052473 0.090352 -0.148942 -0.244769 0.100666 -0.181674
morale -0.055974 0.149708 -0.063845 -0.282334 -0.017638 0.065935 0.181029 -0.368237 0.131191 -0.008138 -0.146855 0.194294 -0.102153 0.047204 0.160535 -0.189341 -0.087863 -0.102398 -0.251554 0.010387 -0.125014 0.018689 -0.156752 -0.121395 0.137660 0.132244 -0.185011 -0.023314 0.201093 -0.003887 0.019051 0.065703 -0.062525 0.103705 -0.013252 -0.083502 0.094478 0.094930 -0.351296 -0.020515 -0.162880 0.122538 -0.142595 0.179920 -0.035690 0.135052 0.189749 0.013521 0.002119 0.000196
more -0.050954 -0.066191 0.170117 -0.038893 0.091163 0.050740 0.076637 -0.207546 -0.237065 0.136645 0.092505 0.137894 0.116926 -0.088427 -0.006935 -0.150049 0.375247 0.075344 0.254142 -0.279124 0.092801 -0.139328 -0.065997 0.000228 0.245136 -0.206066 0.126997 0.039712 0.135930 -0.041681 -0.101225 0.029659 0.051997 0.038450 0.050400 0.070625 0.020375 -0.050079 0.073335 0.095495 0.157673 -0.134571 -0.045943 0.299070 0.055878 -0.184680 0.174884 0.129118 0.177593 -0.059955
mortgage 0.041729 0.198337 -0.032000 -0.137930 0.198967 0.217801 -0.024848 0.060061 -0.159811 0.317044 -0.025409 0.198874 0.243829 0.179199 -0.207122 -0.125266 -0.310366 0.029984 0.129230 0.087194 0.005793 -0.054832 0.231840 0.155353 -0.035486 0.030889 0.108840 -0.011411 0.172239 -0.033138 -0.085607 0.149488 -0.073515 -0.016461 -0.008756 0.080358 0.113408 0.084594 -0.064505 -0.239606 -0.209858 0.089223 0.012697 0.015708 0.057279 0.094940 -0.214155 0.097561 0.119485 -0.161151
mountains -0.147134 -0.002339 0.115497 -0.055919 0.180798 -0.103102 0.183795 -0.011184 0.035466 -0.082375 0.234058 0.153635 -0.089746 -0.049177 -0.109534 0.122404 -0.004747 0.181388 -0.007500 -0.089359 -0.055316 0.154345 0.257044 -0.159977 0.053741 0.011902 0.151687 -0.104877 -0.020133 -0.172204 0.081622 -0.078599 0.008467 0.158727 -0.166880 0.500879 -0.197632 0.069621 -0.065335 0.064221 0.182494 -0.026317 -0.059565 -0.036464 0.203668 0.003540 -0.121901 -0.093882 0.245958 -0.022232
multi 0.202564 0.014070 -0.121158 0.074818 0.146110 -0.102837 0.074139 0.142266 0.216255 0.006643 -0.144891 -0.031982 -0.169195 -0.225640 -0.195863 -0.260631 0.005700 0.173286 -0.093758 -0.107685 -0.017090 -0.151958 -0.069115 -0.147906 -0.029629 -0.051144 -0.139978 -0.021713 -0.113807 0.021084 -0.071011 0.055572 0.063559 -0.235909 -0.254369 -0.190057 0.028831 0.125243 0.111108 -0.203351 -0.157886 0.251335 -0.090153 0.156239 -0.276200 -0.043116 -0.016086 0.065680 -0.082260 0.199381
multilateral 0.206942 0.152359 -0.043124 -0.295534 0.054899 -0.094430 0.064250 0.052268 -0.088307 0.162828 -0.030794 -0.255376 -0.222778 -0.102238 -0.072308 0.234439 0.162340 -0.060631 0.030199 -0.168826 -0.161482 0.047514 -0.040544 -0.335714 0.103223 0.114020 -0.058446 -0.002737 0.056346 -0.181600 0.022340 0.083326 -0.141215 0.081342 -0.032341 0.030088 -0.122076 0.034087 0.291416 -0.099573 0.066239 -0.219900 0.057447 0.100513 0.068406 0.163456 -0.291872 0.072063 -0.068540 0.019619
municipal 0.113448 -0.086264 -0.413360 0.150647 -0.002333 0.216426 -0.253457 0.201019 0.165075 0.083754 0.064251 -0.022322 -0.071952 0.038065 -0.097261 0.157237 0.038770 -0.084249 -0.071432 -0.083115 0.143610 0.028862 0.072381 -0.177020 0.035649 -0.055964 -0.121922 0.143103 0.046437 0.056716 -0.065256 -0.083351 0.048882 0.189277 -0.331720 -0.073219 0.053497 0.250822 -0.077734 0.093523 0.202180 -0.213356 -0.170690 0.122314 -0.121831 0.040778 -0.115981 0.055113 0.147150 0.025399
must 0.269874 0.057270 -0.202270 -0.094111 -0.270114 -0.081621 -0.244915 0.065483 0.074090 0.016909 0.157706 -0.027464 0.223599 -0.091493 0.021578 -0.175393 0.020801 -0.204740 0.126397 -0.096492 -0.147685 -0.048475 0.058816 -0.012732 0.000849 -0.111499 -0.003995 0.018531 0.091976 -0.015114 -0.088562 -0.104846 -0.095338 -0.397880 -0.007659 0.076081 -0.166922 0.017080 0.160737 -0.038576 0.158910 0.083052 0.034318 -0.116127 0.161133 0.138970 0.244534 0.010453 -0.080061 0.293871
my -0.087876 0.015166 -0.172692 0.160994 -0.112828 0.179373 0.030490 -0.204575 -0.012066 0.006745 0.162233 0.033192 -0.167411 -0.222182 -0.012571 0.291001 0.022509 -0.117214 0.124888 -0.049001 0.222390 0.199456 -0.164078 0.111300 0.235447 -0.047784 0.121604 0.066824 0.162573 0.114396 -0.012794 -0.027493 -0.186723 0.162462 0.149988 -0.132479 -0.079471 -0.082927 0.219879 0.109707 -0.198631 -0.011463 0.150298 -0.162095 0.072767 0.228461 -0.136851 -0.070261 0.136254 -0.132388
narcotics 0.043591 0.181510 0.152394 -0.245871 -0.217957 -0.146808 0.087510 -0.221185 0.114302 0.102048 -0.063556 0.229468 0.046176 -0.028647 -0.022905 -0.162137 -0.123457 -0.372592 0.160681 -0.042436 -0.092581 0.093759 0.152454 0.228439 -0.035021 0.184412 -0.007954 -0.012273 0.079375 -0.077017 -0.117557 -0.060864 0.287585 -0.143553 -0.117504 0.097451 0.032961 -0.019757 0.104203 0.039398 0.113965 0.002491 0.139922 -0.095877 -0.035546 0.031961 0.291792 -0.146085 -0.098230 -0.074393
narrow -0.143406 -0.004914 -0.147136 0.156976 0.033661 0.193408 0.166711 0.234414 -0.010118 -0.144185 -0.263979 -0.062572 0.125061 0.059349 -0.182212 -0.145551 -0.225026 0.353569 -0.103293 -0.022062 0.007070 -0.110491 0.179813 0.113878 -0.093702 0.014610 -0.011677 -0.029952 -0.054119 -0.276333 -0.024457 0.083990 0.031943 0.092607 0.220299 -0.090255 0.017647 0.134120 0.015536 -0.034894 -0.140894 0.232217 0.029826 -0.163116 0.007055 0.070773 0.224275 0.092939 -0.048927 0.220842
narrowed 0.059166 0.066566 0.060316 0.026621 0.243497 -0.077949 -0.120356 0.056486 0.161960 0.025054 0.049809 0.057493 0.109886 -0.303122 -0.074862 -0.131702 0.113514 -0.024165 -0.064166 -0.081400 -0.170521 -0.062564 0.036175 -0.374790 0.090482 -0.042133 -0.020098 0.016616 0.036408 0.101649 0.121395 -0.113012 0.071392 0.074056 -0.004408 0.091682 0.017480 -0.073758 -0.202716 0.103802 0.118608 -0.423405 -0.024943 -0.165380 0.057435 0.304570 0.234413 0.053685 0.206980 0.040866
nation -0.092011 0.065086 -0.161533 -0.005114 0.027240 -0.304505 -0.022503 -0.233298 0.247278 0.018579 0.073986 0.013888 0.159185 -0.044071 -0.143238 0.359425 0.059594 0.123562 0.021832 -0.079696 -0.072138 0.150518 0.062166 -0.127552 0.022716 0.128849 0.056909 -0.001968 0.150582 -0.069181 -0.306965 0.017182 -0.101065 -0.176975 0.098821 0.150337 0.039999 -0.165713 0.113978 0.045046 0.242244 -0.184799 0.144827 -0.182249 -0.204885 0.077393 -0.120143 -0.150077 -0.025252 0.045639
national 0.042893 0.060392 0.112401 -0.121183 0.044738 -0.047233 0.025991 0.024681 0.210944 0.062275 -0.040792 -0.046197 0.048270 -0.185994 0.046083 -0.138831 -0.055181 -0.071003 0.163313 -0.081426 -0.081660 -0.063178 -0.142765 -0.113010 0.118334 -0.086131 -0.140484 0.247947 0.101657 0.082689 0.351563 0.069902 -0.208380 0.213424 -0.252717 -0.204165 -0.087281 -0.012741 0.079903 0.055076 -0.250438 0.006765 0.237422 0.049954 -0.309552 0.195156 0.211400 -0.067866 0.031359 0.012475
nations 0.051326 -0.126569 -0.245627 -0.114546 -0.047702 0.036877 0.176293 0.172840 -0.024649 -0.083715 0.015762 0.135228 0.067233 -0.105636 0.079330 0.075465 -0.005153 -0.006903 -0.253876 0.054673 -0.188772 0.005114 -0.023029 0.332870 -0.110977 0.093419 0.325441 0.071028 -0.181309 -0.039407 0.022154 -0.085743 0.062928 -0.111365 0.058995 0.154903 0.036980 -0.122112 -0.309486 0.173969 0.058291 0.356437 0.028462 0.120440 -0.022952 -0.055606 0.084110 0.239227 -0.029245 0.002309
nationwide 0.271664 -0.127524 0.138101 -0.158700 -0.153275 0.054789 0.068674 0.000462 0.087686 -0.098554 0.140948 -0.196275 -0.149515 0.097193 0.185177 0.123801 0.235896 -0.303479 -0.148918 -0.156048 -0.012226 -0.039986 0.047309 -0.175915 -0.008012 -0.062986 0.093580 -0.050961 0.105982 -0.123810 -0.053153 0.242359 -0.212341 -0.038963 -0.196701 0.035289 -0.027752 -0.163656 -0.045430 -0.187921 -0.207796 -0.061382 0.122260 -0.217392 -0.038097 0.189909 -0.117411 -0.056222 0.079314 0.152175
natural 0.358608 -0.149613 -0.002604 -0.270141 -0.135432 -0.068716 -0.115891 0.149640 0.187642 -0.250701 0.014243 -0.007897 0.006422 -0.156297 -0.168777 -0.099702 -0.011945 0.065413 0.078967 0.039510 0.172610 -0.110691 0.190585 0.063528 0.036077 -0.095889 0.104773 0.096756 0.205649 0.002557 -0.030181 0.123362 0.132006 0.249215 -0.141864 -0.141419 0.007512 -0.187137 -0.057083 0.059711 0.099022 -0.037651 -0.017693 0.068366 -0.255559 -0.038619 0.014811 -0.328836 -0.045271 0.130639
naval 0.019264 0.105189 -0.082773 -0.038331 -0.269242 -0.180640 -0.082977 -0.077542 0.149013 0.312715 0.020806 -0.068319 0.041560 0.068148 0.342522 -0.085966 -0.208368 -0.104329 0.016563 -0.100371 -0.119086 0.059036 -0.123429 -0.235682 -0.112069 0.016559 0.168510 0.218425 0.079026 -0.007632 -0.153457 0.162538 -0.091399 0.258389 -0.007859 0.071617 0.019196 -0.111060 -0.011388 -0.144752 0.255524 -0.237017 -0.168990 -0.001773 0.141794 0.038998 0.022618 0.043606 0.024998 -0.137650
navigation 0.408615 -0.021769 0.047983 0.200427 0.153709 -0.206212 -0.057603 -0.025715 0.140928 -0.000423 -0.143660 -0.176631 0.006511 -0.247476 0.044187 -0.013627 0.117802 -0.314026 -0.078251 -0.185918 -0.048752 0.228151 -0.123348 0.097232 -0.135141 -0.024512 0.231837 -0.081379 -0.142886 -0.134526 0.037590 -0.148180 0.105595 -0.037236 -0.108669 -0.033355 -0.056895 0.087103 0.202315 0.136895 -0.014718 -0.181836 0.167573 -0.015625 0.116895 -0.086087 0.021347 -0.094606 0.092154 -0.122091
necessity 0.008533 -0.172397 -0.081579 0.161471 0.034581 -0.087683 -0.151210 -0.128527 -0.068123 -0.031350 -0.151651 -0.234988 -0.190618 -0.027492 0.064581 -0.043236 -0.137722 0.079685 0.240634 -0.250894 -0.208552 0.087800 -0.088909 0.287034 -0.003155 0.164757 -0.027797 0.119578 -0.090938 -0.143611 -0.018320 -0.057650 0.168670 -0.028553 -0.309345 -0.097162 0.130393 0.063825 0.107970 0.234185 -0.177430 0.064062 0.067936 -0.091304 -0.082094 -0.019842 0.122653 -0.280020 0.163541 0.044142
need -0.021060 -0.025257 0.066596 0.072091 -0.011824 -0.291511 -0.041297 0.264358 -0.090037 -0.000124 -0.029590 0.114759 0.036336 -0.091461 -0.143241 0.042938 0.140879 0.140782 -0.108672 0.084318 -0.070997 0.169216 -0.130217 -0.088357 -0.220205 0.066079 0.267790 0.006187 0.101623 -0.331564 0.018366 0.053815 -0.129776 -0.156833 -0.019622 -0.153373 -0.005750 0.037900 -0.043126 0.249392 0.057663 0.057250 0.037544 -0.228376 -0.088069 -0.145991 -0.094589 -0.157419 -0.322444 -0.235468
needed 0.037487 0.131828 0.201945 0.007781 -0.150982 0.072445 0.034471 0.094529 -0.100894 -0.001424 -0.033587 -0.226345 0.081223 -0.162431 -0.177837 -0.079001 0.090086 -0.192134 0.058233 -0.171411 -0.179918 0.324149 0.057462 -0.051167 0.019983 0.238358 -0.022800 0.041560 0.062600 0.138405 0.219212 -0.067350 0.266716 0.213700 0.117820 -0.104244 0.202333 -0.104893 -0.131212 -0.261125 -0.174869 0.119814 0.065716 -0.100535 0.091009 0.110912 0.112168 -0.189195 0.019073 -0.070292
neglected -0.117133 0.310796 -0.025290 -0.160269 -0.048360 0.109079 -0.012681 -0.165798 0.068599 -0.053824 -0.099989 0.139732 -0.058498 0.120249 0.056399 0.005499 -0.106124 0.174264 -0.306263 -0.035648 -0.396879 -0.110013 -0.092002 -0.049574 -0.042406 -0.101371 -0.112281 0.004154 0.098482 -0.045104 -0.158078 0.233638 0.050780 -0.131913 0.224543 -0.068631 -0.089747 -0.270030 0.086953 0.061094 -0.018124 -0.023194 0.003832 0.096570 0.030739 -0.225151 -0.096704 0.268928 0.135118 -0.029380
negotiate -0.221850 -0.115093 0.264810 0.235693 0.163603 0.039339 -0.066743 0.051476 -0.121267 -0.022986 -0.068132 -0.037380 -0.093149 -0.053657 -0.314055 -0.025095 -0.102480 -0.229417 0.069840 -0.089215 0.027443 0.136247 -0.011003 -0.009649 0.090672 -0.007408 -0.078025 0.166165 0.117820 0.188108 -0.064551 -0.040724 -0.318079 0.037391 0.058539 0.067811 -0.287285 -0.126199 0.034604 -0.138378 -0.074643 0.327484 0.132672 -0.192370 -0.108093 0.127197 -0.102980 0.081809 0.075315 0.064215
negotiators -0.027868 -0.049303 0.126286 -0.003810 0.001486 -0.033817 -0.016720 0.038954 -0.304359 -0.141147 -0.179751 -0.033489 0.120205 0.000038 -0.059724 0.080394 0.109878 -0.302616 0.012468 0.062014 0.003506 -0.254254 0.084005 0.065642 0.209996 0.098523 0.217783 0.201925 0.156492 -0.264868 -0.078424 -0.104205 -0.056962 -0.014657 -0.109838 -0.069195 -0.036829 -0.076513 -0.104196 0.315028 -0.178194 -0.068289 0.016603 -0.116797 -0.250071 -0.136330 -0.002176 -0.119759 0.256389 0.144654
neighborhoods -0.085960 -0.116254 -0.214983 -0.034162 -0.204411 -0.214509 -0.089432 -0.011380 0.041714 -0.035697 -0.134050 -0.118419 0.207325 -0.089229 -0.070761 0.112025 -0.101051 0.063939 0.336882 -0.013040 0.084227 -0.170291 -0.101054 -0.008382 0.091649 -0.201845 -0.116143 0.082049 0.034078 0.110923 0.195394 0.124814 0.202568 0.134737 0.271281 0.266101 -0.088337 -0.219742 0.271793 -0.103824 0.014696 0.022553 -0.121363 -0.120341 0.015893 -0.076114 -0.128724 0.098529 -0.104951 -0.061248
neoliberal 0.117476 0.061360 -0.141538 0.175788 0.062338 -0.020256 0.237898 0.121854 0.048134 0.113342 0.150743 -0.253126 0.012332 -0.091167 -0.096637 -0.054444 -0.048028 0.028955 0.024040 -0.220618 -0.206133 -0.248399 0.005384 0.059330 0.188376 0.160857 0.022141 0.176485 -0.046627 0.112151 0.029705 -0.225397 0.118118 -0.023268 0.005103 -0.152449 0.063919 -0.121699 0.159713 -0.082446 0.042873 -0.082868 0.171092 0.313372 -0.099541 0.264460 -0.312119 -0.066169 0.034047 -0.074272
net 0.134642 0.063395 -0.151456 -0.105429 0.160932 0.190954 0.027237 0.094469 -0.168155 0.044721 -0.080084 0.134628 -0.202072 0.030012 -0.167672 -0.196906 -0.007261 0.160033 0.176184 0.183779 0.400099 0.009290 0.151807 0.182803 -0.012649 -0.246401 0.081009 -0.162350 0.013749 -0.090619 0.112409 0.222065 0.025770 -0.013986 -0.077888 0.079872 0.080208 -0.203002 -0.267285 -0.081507 -0.042411 -0.018640 -0.073880 0.088476 0.041247 0.120614 -0.117483 -0.046571 -0.034924 -0.221766
networks 0.191534 -0.081323 -0.073118 -0.152664 -0.069496 0.009437 -0.156348 0.072411 0.035602 0.090292 0.254646 -0.003410 -0.084743 -0.070247 -0.203265 0.211069 -0.136582 0.235890 0.178605 -0.004054 0.060304 0.124118 0.088769 -0.046932 -0.144170 0.054708 -0.168061 -0.215864 0.053643 0.087336 -0.097748 0.224574 -0.085397 -0.219483 0.148466 0.266148 -0.227010 0.043730 0.016216 -0.179837 0.066550 -0.100149 -0.061291 0.111186 0.112539 0.299392 -0.119231 -0.163651 -0.069214 0.060590
neutral 0.023582 -0.018104 -0.026738 0.038979 -0.012993 -0.054497 0.014968 -0.063975 -0.002877 -0.025906 0.084691 -0.006101 -0.012708 -0.027113 0.036330 -0.029923 -0.017432 0.030540 0.009582 -0.091476 0.260578 0.335366 0.348183 0.344978 0.228758 0.230311 0.368458 0.296204 0.349572 0.263177 0.008214 -0.044223 -0.055939 -0.018310 -0.019391 -0.094642 0.011455 -0.056028 0.057205 0.023868 -0.015023 0.002405 0.018763 0.009347 0.052702 -0.017223 0.023136 0.036970 0.013688 -0.003735
never -0.202668 0.066642 -0.026550 -0.113221 -0.209177 -0.092315 -0.096569 -0.170837 0.003792 -0.095208 -0.075742 -0.040548 -0.122711 0.239005 0.016099 -0.035524 0.014550 0.072773 -0.026469 0.344694 0.247209 0.097163 0.065595 0.109589 0.057153 -0.155503 0.277723 -0.080247 0.104756 -0.197767 -0.105776 0.123113 -0.223594 -0.073342 0.233591 -0.101622 0.044291 -0.020732 -0.113336 0.240071 0.046723 0.075768 0.044368 -0.117729 0.020632 -0.247611 -0.032390 -0.283074 -0.027793 0.009807
new -0.302293 -0.003560 0.069300 0.053550 0.015694 -0.174295 0.032586 -0.300620 0.058771 -0.141391 -0.006550 -0.157310 -0.135502 0.143593 -0.203917 -0.434347 0.122756 0.069027 0.120036 -0.039707 0.213907 0.122489 -0.119252 -0.050878 0.156490 0.013770 0.000058 -0.184101 0.053272 -0.080711 -0.023959 -0.012941 -0.135487 0.103454 0.003034 -0.275467 0.102782 0.050388 -0.023217 -0.059363 -0.154427 0.135326 -0.069480 -0.130413 -0.021902 0.123795 0.187021 0.194751 -0.014913 -0.065763
newly 0.134392 -0.199182 -0.157469 -0.042864 0.000715 -0.207060 -0.291596 0.155462 -0.136072 -0.267882 -0.077454 0.097612 -0.180996 -0.119210 0.034839 0.141528 0.120535 -0.181084 -0.220728 -0.043123 -0.031479 -0.270621 0.145541 0.096621 -0.084337 0.078540 0.114322 -0.029430 0.056539 0.092904 -0.168278 -0.013097 -0.052321 -0.094969 0.093512 -0.091747 -0.134996 -0.123449 0.125741 0.033519 -0.166740 -0.032034 0.130247 -0.101316 -0.041544 0.371792 -0.044034 -0.008529 -0.030520 0.202710
next -0.346938 0.010904 0.059896 0.013053 0.138147 0.120342 -0.105364 0.209252 -0.184566 -0.075693 0.160733 -0.065913 0.356607 0.083747 0.044786 0.199297 -0.235304 -0.022211 -0.211959 -0.065353 -0.079480 0.088297 0.098316 0.022954 0.061756 0.075014 -0.078581 0.247990 0.004185 -0.053774 0.047020 -0.151116 0.029712 -0.024352 0.171442 -0.093166 0.109566 0.063626 -0.197511 0.127566 0.112626 -0.113205 0.095354 -0.213570 0.175214 -0.161578 -0.045473 0.092274 0.115531 0.187506
no 0.050354 -0.304651 -0.211609 -0.025816 0.049889 0.055869 -0.051176 0.152552 0.068896 0.005695 -0.069770 0.104940 0.094574 0.081000 0.211779 0.221864 -0.069455 0.290853 -0.055684 -0.237478 0.217998 0.062227 0.124124 -0.003091 0.033192 0.243871 -0.159986 0.353567 0.034097 0.032028 -0.172653 -0.111335 -0.223806 -0.032578 0.055624 0.283975 -0.007075 0.138586 0.189071 0.092163 0.033088 -0.028821 0.090657 0.077445 -0.037462 0.018523 -0.090309 0.021871 0.009830 -0.034108
non -0.196093 -0.099684 0.037486 -0.029907 -0.087324 0.084263 0.155388 -0.340793 0.203391 0.064375 -0.029064 0.003374 0.062867 -0.296094 -0.080500 -0.169404 -0.083118 -0.231741 -0.147071 -0.029327 0.114384 -0.081133 0.075824 0.109487 -0.261077 -0.166176 0.068750 -0.225406 0.328904 -0.266413 0.021035 0.071950 -0.098632 -0.058202 0.154448 0.187842 0.060473 -0.085124 -0.121771 -0.076701 0.020510 0.017259 0.151829 -0.054221 0.076106 -0.016114 0.125290 -0.070160 -0.060277 0.060470
nonfarm -0.153100 0.040730 0.148355 -0.230963 0.044347 0.146792 -0.093427 -0.318920 -0.146177 -0.158184 -0.050839 -0.060007 -0.015611 -0.057185 -0.133043 -0.113711 0.124374 0.321285 0.177187 -0.027207 -0.051231 -0.117243 0.171981 -0.044134 -0.177073 -0.002389 0.004803 -0.028132 0.255873 0.151274 -0.218220 -0.061354 -0.034352 -0.194217 0.004326 -0.015112 0.231205 -0.136826 -0.115527 -0.053505 0.064372 -0.139502 -0.148047 -0.006895 0.209645 0.102233 0.013650 0.225738 0.161513 0.059162
nonviolent 0.119550 -0.243437 -0.034542 0.073080 -0.058089 -0.111473 0.049297 0.009491 0.057614 0.104177 -0.075212 -0.246251 -0.165015 -0.164369 -0.110352 0.037078 0.065919 -0.076840 0.102394 -0.021921 -0.152217 -0.042146 -0.173499 0.043700 -0.191364 -0.025665 -0.240695 -0.003800 0.072032 -0.050552 0.397588 0.097244 -0.232766 -0.171448 -0.059744 -0.021078 -0.021749 0.126358 0.095508 -0.142802 0.129663 0.374055 0.103220 0.022521 -0.006202 0.171243 0.040955 0.168498 0.026425 -0.207568
normalized 0.208233 0.063926 0.201574 0.116479 -0.030539 -0.036531 0.068440 -0.175896 -0.026984 -0.204259 0.205336 0.182500 0.135634 0.197805 0.089055 -0.093912 0.192617 0.186617 -0.014704 -0.046547 0.060603 -0.052160 0.091487 -0.286813 0.219936 -0.008273 0.118769 0.110007 -0.060372 -0.099847 -0.238149 0.063094 0.096743 -0.054965 0.069611 0.040321 -0.080375 0.192680 0.149358 0.118759 0.023302 0.054075 0.017687 0.189312 0.152810 0.121158 0.288142 0.184744 -0.228155 0.047608
not 0.216187 -0.202256 -0.119692 0.019733 -0.001693 0.232285 -0.023520 0.027875 -0.044183 0.035003 -0.093327 0.132966 0.016273 0.159719 0.022034 -0.142285 0.091845 -0.128283 0.005846 -0.259971 -0.109102 0.055618 0.217632 -0.186746 0.119312 0.243220 0.141286 -0.061331 -0.045399 0.175061 -0.027248 0.172058 0.054804 -0.106998 0.234181 -0.364946 -0.056446 -0.213682 -0.021590 0.058786 -0.052286 0.023857 -0.030886 -0.003605 -0.092867 0.242182 -0.166173 0.049818 -0.013291 -0.243516
note 0.068812 -0.070801 0.011286 -0.249890 0.090409 0.169454 0.249387 -0.149504 -0.020581 -0.025849 -0.224800 -0.113546 0.010684 0.198344 0.057573 -0.053617 -0.237610 -0.136624 0.111368 -0.071287 0.011401 0.186338 0.098836 0.089312 -0.089304 0.179096 0.257584 -0.408393 -0.121028 0.193608 0.160579 0.028780 0.057655 -0.045258 0.074792 -0.078266 0.046116 -0.030220 -0.229471 0.175687 -0.012894 0.076735 -0.046709 0.056424 0.206491 -0.093464 -0.102100 -0.084298 -0.099998 0.070474
noted 0.003305 -0.218141 -0.008792 0.107931 -0.071822 0.011197 0.103035 -0.025665 0.049058 -0.162038 0.071950 0.045879 -0.222377 -0.026381 -0.052391 -0.202835 -0.225668 0.070644 -0.070310 0.209220 0.057390 0.043000 0.183926 0.094761 -0.043178 -0.061430 -0.180139 0.310341 0.344330 -0.055370 -0.089173 0.098330 -0.001042 -0.130836 -0.180253 0.063295 0.058728 -0.177693 0.058674 -0.020728 0.246579 0.116373 -0.270122 0.074189 -0.100881 -0.187848 -0.002551 -0.060969 -0.261121 -0.072161
noting 0.080771 0.030949 0.068950 -0.132451 0.017852 0.076210 -0.297184 -0.167123 -0.147034 0.039939 0.023627 -0.095246 -0.050345 -0.113996 0.132599 0.057755 -0.020042 0.148375 -0.041957 0.071770 0.084278 0.060502 -0.349680 -0.224348 0.029292 0.075236 -0.088949 0.017423 0.117886 0.217146 -0.199686 -0.120344 -0.093394 0.233328 0.043111 0.212243 0.044641 -0.018072 0.120824 0.196190 0.199625 -0.230969 -0.063549 0.013703 -0.063787 0.152391 0.114561 0.036385 0.158457 0.325520
now -0.008321 -0.199832 0.231366 -0.112895 0.006429 -0.132539 -0.054136 -0.025272 -0.178376 0.044278 -0.050819 0.000169 -0.060955 0.011608 0.116768 0.139337 -0.096794 -0.097271 0.242328 -0.000425 -0.037835 0.114080 -0.141922 -0.124601 -0.241848 -0.130253 0.080015 -0.197466 -0.182583 0.083839 -0.092527 -0.041716 0.077755 0.057224 -0.173456 0.187392 0.034703 -0.181745 0.048710 0.096479 0.323061 0.069523 0.081922 -0.309296 0.010001 0.042335 0.006062 -0.283448 0.292920 -0.002939
nuclear -0.023219 0.013739 -0.163632 -0.000080 0.087429 -0.012893 -0.229862 -0.036076 0.079913 0.104836 0.006513 -0.006152 -0.043760 -0.034554 0.026600 0.037287 -0.008997 0.072107 0.113920 0.083799 0.152621 -0.172881 -0.507216 -0.152852 -0.194535 0.087294 -0.082773 -0.015572 0.064883 0.039782 0.183313 0.155189 0.137592 -0.333893 0.158121 -0.194586 -0.018061 0.209691 0.007968 0.133239 -0.031089 0.108197 -0.015023 -0.213003 -0.081237 0.165352 0.223685 -0.081929 0.053488 0.074440
number 0.276687 0.168178 -0.048161 -0.009175 0.131961 0.125165 -0.107269 -0.109562 0.016824 0.193889 -0.083364 0.250626 0.095252 -0.243686 -0.066040 -0.315211 -0.266983 -0.078804 0.061370 0.017840 -0.048207 -0.100296 0.184857 0.033814 -0.014684 -0.029250 0.220046 -0.121785 -0.034460 0.053970 -0.088177 -0.018387 0.090681 -0.256210 -0.095587 0.104095 0.102230 0.119963 -0.127218 0.052777 -0.208818 -0.005608 0.091311 0.053391 -0.056057 0.217743 0.070004 0.232645 -0.068460 -0.209288
numbers -0.106281 -0.060131 0.053136 0.174820 -0.171297 0.153728 -0.008396 0.003504 0.017345 -0.007089 0.131326 0.148967 0.378694 0.164254 -0.208196 -0.329422 -0.088001 -0.054963 0.006029 0.151429 0.148145 0.235931 -0.016592 -0.048612 -0.027620 0.130615 -0.049784 -0.131490 0.294603 -0.053546 0.061259 0.106719 -0.097499 0.250246 -0.095715 -0.018641 0.022238 0.105334 0.018731 -0.178114 -0.107945 -0.063690 0.022164 0.231214 0.009286 0.158755 -0.192968 -0.077661 -0.039726 -0.123017
obligations 0.023652 0.132743 0.042426 0.062690 -0.201422 -0.004140 0.164544 0.247351 -0.076492 0.267461 0.212091 0.144240 -0.262695 0.029299 0.348482 -0.146854 0.182970 -0.186855 0.210522 -0.070294 -0.069163 0.021683 -0.034659 0.094961 0.136894 0.139846 0.114346 -0.006887 0.267603 -0.036179 -0.013691 -0.108645 0.277179 -0.135038 -0.002531 0.036227 0.061302 0.060122 -0.004960 -0.146863 -0.133300 0.004279 0.175484 0.056387 0.092580 -0.034213 0.167117 0.061874 -0.021473 -0.051692
observed 0.107594 0.053948 -0.098104 -0.107747 0.067806 0.219211 -0.092475 -0.127834 0.096767 0.052235 0.013426 -0.090329 0.160637 -0.132543 0.344788 -0.019354 -0.041606 0.027523 0.046312 -0.043186 0.082707 -0.052971 -0.084374 0.212859 -0.007459 -0.070127 0.046318 -0.078835 0.311781 0.126159 -0.061482 -0.116035 -0.201920 -0.054264 0.062801 0.094569 0.196036 0.124309 0.039356 0.115026 -0.344222 0.182551 -0.069350 0.213109 0.248817 0.185288 -0.094882 0.012317 0.011558 -0.242009
obstructionist -0.004883 -0.097685 0.182920 0.108052 -0.064366 -0.081034 0.242289 0.035541 -0.070365 -0.036986 0.085263 0.024658 0.049029 -0.044948 -0.107186 0.011935 0.118407 -0.181135 0.133269 0.010034 0.011647 0.115225 -0.011942 0.122129 -0.223659 0.214856 -0.197005 -0.009846 0.008420 -0.029558 0.236066 0.071639 -0.069571 -0.192505 -0.176002 0.060270 0.064575 -0.364047 -0.255083 -0.125221 0.235510 0.006425 0.046024 0.023304 0.245909 -0.062312 -0.072677 -0.174203 -0.309543 0.079914
of 0.229712 0.154913 0.143069 -0.026328 0.163145 -0.100852 -0.249062 0.034770 -0.010054 -0.021560 -0.073844 0.120409 0.196671 0.158922 -0.105839 0.127974 -0.112545 0.107333 0.129833 -0.173952 0.036314 -0.177778 0.050155 0.050774 -0.284519 -0.094544 0.058006 0.027789 -0.173012 -0.218059 0.304262 0.125956 -0.143636 0.051497 0.056145 0.015967 -0.375883 0.100123 -0.109503 0.037140 0.190718 -0.010566 -0.072632 -0.017938 -0.114697 -0.068083 -0.106877 0.110043 0.078058 -0.140969
offenses 0.047153 -0.031761 0.107122 0.071814 0.132172 0.008283 0.052439 -0.158135 0.131899 0.151998 0.066326 0.033902 -0.020089 0.110643 -0.019744 -0.361971 0.134491 0.107149 0.257871 0.194657 -0.102530 0.240335 0.144599 0.010557 -0.097414 -0.130031 0.070354 0.054196 -0.159037 0.106706 0.141075 0.242696 -0.292319 -0.051316 -0.178816 -0.126949 0.019795 0.094161 -0.193187 -0.050729 0.241701 0.004212 0.093959 0.050627 -0.022118 -0.166923 0.039008 0.226866 0.178636 0.057506
office 0.007443 0.037090 -0.012788 -0.008499 -0.066953 -0.020868 0.062137 0.013813 0.192627 -0.228991 -0.284619 -0.088339 0.011779 0.138991 -0.159991 0.361201 -0.017986 -0.076524 0.038691 -0.085873 -0.131320 0.097781 0.034217 -0.076821 0.243641 -0.013858 0.088978 0.130340 -0.031220 0.171025 0.094346 0.107925 0.267267 0.224544 -0.035142 -0.072600 0.154715 -0.162392 -0.038914 -0.266902 0.198173 0.114076 0.221497 0.142042 0.101248 0.231823 0.054856 0.088546 0.029009 0.052007
officer 0.196185 -0.016709 -0.215942 0.158157 -0.006567 0.101003 -0.328035 -0.015247 -0.071080 -0.013896 -0.007429 0.181836 -0.074362 0.059353 -0.184212 0.098064 0.156758 -0.064169 0.227285 0.100914 -0.128529 -0.251162 0.139795 -0.052397 0.066578 -0.148632 -0.150124 -0.033626 -0.083499 0.240194 -0.152770 0.156875 -0.252329 -0.092050 0.136164 0.008312 -0.131840 0.098912 0.001641 0.035668 0.049101 -0.079189 -0.137279 -0.098282 -0.083885 0.012360 -0.038215 0.213927 -0.319592 0.111233
officers -0.011527 0.226805 -0.254463 0.292614 0.268773 -0.020363 0.270629 0.075495 0.076392 0.140352 -0.008104 0.058063 0.237033 -0.264472 -0.053993 0.117405 0.054728 -0.092597 0.344777 0.089838 0.023357 0.206218 0.120071 0.140383 -0.027457 0.077487 -0.087851 -0.069921 -0.075276 0.069239 0.070631 0.048533 -0.203681 -0.033656 -0.086265 -0.020350 0.050861 0.085241 -0.131764 0.169105 0.118744 0.067417 -0.034923 0.095600 -0.013688 0.202955 -0.109680 0.043983 -0.176491 0.000735
offs -0.075867 -0.010797 -0.101110 -0.114044 0.230531 0.316060 0.095149 0.014566 -0.033071 -0.001652 -0.023050 0.182417 -0.205077 0.033804 0.051005 -0.000462 0.009705 -0.047155 0.132610 -0.036524 0.121126 0.094138 -0.175517 0.098562 -0.201633 0.168790 0.066348 -0.248460 0.033160 -0.079362 0.280631 -0.013036 -0.167213 0.049297 -0.160804 0.064020 -0.030062 -0.100665 0.038091 0.163083 -0.109471 -0.113016 0.254233 0.219223 0.070797 -0.185114 -0.200387 -0.017486 -0.214668 0.241439
offset 0.057727 0.104037 -0.138502 0.065587 0.096349 0.226743 -0.123036 -0.267858 0.104632 -0.033190 0.172238 -0.162283 -0.092873 -0.320084 0.145402 0.100612 0.048106 0.007513 0.102579 0.218625 -0.154428 -0.127192 0.165541 0.147872 0.084087 -0.048841 -0.206620 -0.205913 0.064055 -0.139761 0.014614 0.028515 -0.094806 -0.313244 -0.040436 0.003844 -0.077304 -0.017770 -0.334261 -0.012264 0.063144 -0.208230 -0.043731 -0.114729 0.003433 -0.062098 0.178814 -0.043167 -0.017972 0.088346
offshore 0.069749 0.186929 0.156359 0.130613 0.006497 0.071819 0.112169 0.137030 -0.260263 0.164785 -0.156983 -0.037152 -0.036056 0.266734 -0.153148 -0.016693 -0.159414 0.276657 -0.102259 0.169494 0.127903 0.211359 0.094102 -0.241107 -0.017720 -0.025885 0.036392 -0.059588 -0.041974 -0.323484 -0.005938 0.180971 -0.048822 0.072682 -0.011533 -0.127552 0.089246 0.133962 -0.027831 0.281963 0.155143 0.106316 0.105620 -0.128052 -0.001583 -0.074397 -0.020213 0.221799 0.042580 -0.026247
oil 0.056629 -0.011070 0.127442 0.123156 0.053844 -0.030271 -0.220248 -0.138149 -0.249799 0.155491 0.045251 0.110621 0.142606 0.091411 0.161405 -0.174096 0.071065 0.224163 -0.036933 -0.091379 0.028715 0.120505 0.106025 0.000516 0.188363 0.251066 0.140654 0.221874 0.060753 0.011231 -0.198394 -0.233917 -0.270221 0.169246 -0.134881 -0.165052 -0.004188 0.182201 0.125555 0.129330 0.172505 -0.084292 -0.150380 -0.005972 0.111918 0.098826 -0.029898 0.181347 0.108980 -0.103192
on -0.032620 0.213108 0.136722 0.100369 0.366637 0.061090 0.108554 -0.145558 0.298400 -0.141812 0.013681 0.153216 0.027276 -0.035893 -0.246605 -0.211590 -0.193425 0.118369 -0.065667 0.019295 -0.068342 -0.032553 -0.155056 0.160800 -0.069415 -0.083167 0.051523 0.114162 0.214660 -0.193755 0.103892 0.212457 0.103952 -0.053571 0.059955 -0.134820 0.045272 0.111557 -0.008106 -0.047317 -0.132918 -0.003646 -0.173334 0.009209 -0.006714 -0.064406 -0.163094 0.124992 -0.023671 0.295722
one -0.007889 0.337176 -0.129116 -0.181063 0.064114 -0.132758 0.161651 0.028288 -0.137062 0.094746 0.164262 0.138817 -0.017522 0.332546 -0.150709 -0.127674 0.205369 -0.018386 -0.020315 -0.066988 -0.311939 -0.029213 -0.242514 -0.006187 0.053165 0.060524 0.150846 -0.038149 -0.051421 -0.145336 0.355097 -0.056713 -0.013896 -0.106650 0.083627 0.014032 0.230892 -0.005689 0.139746 -0.018496 -0.018409 -0.060201 0.042692 -0.122429 0.067401 0.178508 -0.106614 0.053053 -0.101126 0.049418
onerous -0.046568 0.191536 0.152475 -0.160893 0.094294 0.094810 -0.142053 0.076394 -0.005247 -0.264641 -0.056489 0.193387 0.002863 -0.048591 -0.061470 -0.075765 -0.134626 -0.088438 0.044255 -0.438560 0.044077 0.191777 0.063836 -0.197292 -0.074563 0.189391 -0.053171 -0.060680 -0.044500 0.010185 -0.179202 0.094035 0.054050 -0.036732 0.054833 0.164776 -0.072186 0.099233 0.002934 -0.199241 -0.110889 0.057300 0.001470 0.111786 -0.068611 -0.271981 0.327954 -0.105093 0.159560 -0.112377
ongoing 0.153859 -0.056921 -0.186919 0.060927 0.009031 0.117149 0.021602 -0.279376 -0.188110 0.120962 -0.139076 -0.057208 -0.051669 0.164014 -0.005859 -0.058051 -0.150429 -0.156508 -0.069259 0.263860 -0.090494 -0.016904 0.006074 0.213844 0.219241 0.142334 0.124977 -0.278348 0.201078 -0.128146 0.035059 0.306558 0.037047 0.170360 0.060464 -0.091937 0.007670 -0.071266 -0.013741 -0.026216 -0.239807 0.001944 0.175687 0.046519 0.175363 -0.116861 0.196672 -0.129841 -0.069408 -0.058452
online 0.069200 -0.083904 0.020502 -0.113742 0.061311 0.381241 0.074349 0.050105 -0.034935 -0.022572 0.134683 0.015845 -0.045923 -0.136282 0.028250 0.102378 0.045290 0.035179 -0.312420 0.152544 0.171769 0.000058 -0.019777 -0.090289 0.246575 0.044975 0.119362 -0.026288 -0.012437 0.140320 -0.163774 -0.071671 0.233234 -0.177464 0.060094 0.014220 -0.195995 -0.178623 -0.298169 -0.050393 -0.057525 0.085596 0.083529 -0.313598 0.123508 -0.034120 0.037611 -0.225977 -0.192932 0.016349
only -0.002634 0.359329 0.279068 -0.136966 0.062424 -0.037465 0.119466 0.143692 -0.089384 -0.231352 -0.082977 -0.065877 0.175278 -0.141020 -0.007340 -0.108020 0.168468 0.073358 0.007624 0.052321 -0.061702 0.019233 0.116078 0.057959 -0.195168 0.059697 0.020645 -0.275847 -0.110100 0.172742 -0.215465 -0.206702 0.048395 0.007691 -0.064670 0.013413 -0.031352 -0.191906 -0.232874 -0.128556 -0.095424 0.302293 -0.037695 0.013499 -0.212380 0.103555 -0.084481 0.001535 -0.101356 0.037843
onto 0.026856 0.022331 0.204175 0.335282 -0.194105 0.050398 -0.024058 0.078250 0.090031 -0.016954 0.299610 0.027810 0.169434 -0.034847 -0.114507 0.156823 -0.014861 -0.058584 -0.028615 0.141272 -0.160958 -0.045742 -0.113051 0.031734 0.086907 0.071341 0.069959 -0.067846 -0.151945 -0.111597 0.135876 0.128894 0.029626 0.148838 -0.002938 0.016979 0.022910 -0.143105 -0.012057 -0.217140 -0.238511 0.374139 -0.011846 0.013539 0.206609 -0.080686 -0.061462 -0.050748 -0.060001 -0.352503
open -0.010965 -0.030059 -0.112910 -0.267959 -0.090273 -0.398480 -0.126138 0.146050 -0.097021 0.137234 -0.011884 -0.058899 0.157985 0.164485 0.295346 -0.065496 0.083020 0.096127 -0.094257 0.144088 0.002846 0.094749 -0.067138 -0.114184 0.058216 0.025531 -0.092103 0.109565 -0.105998 0.075048 -0.080601 -0.110372 0.159808 0.093213 0.256887 0.191313 0.007696 -0.055773 0.383882 -0.151346 -0.042193 0.056993 0.069706 0.031977 -0.169639 -0.111368 -0.086254 0.064717 -0.168293 0.013172
opens -0.170412 -0.163542 0.059082 -0.146264 -0.040801 0.229211 -0.214153 -0.132539 0.031781 0.102041 -0.053053 -0.339768 -0.029450 -0.185945 0.035281 -0.095897 -0.230031 -0.001658 0.006544 -0.043650 0.263352 0.099532 -0.260337 -0.056149 -0.010640 -0.105733 0.075302 0.204268 0.004131 -0.048952 0.041451 -0.128450 -0.145808 -0.033435 0.181958 -0.079301 0.273968 -0.051930 0.161124 0.050354 -0.033598 0.110470 -0.057122 0.116526 -0.215277 0.221394 -0.041372 0.211193 -0.034780 -0.026041
operate 0.110212 -0.074201 -0.186800 0.132439 0.096171 -0.099788 0.140386 -0.109035 -0.042370 -0.134845 -0.156812 -0.027811 -0.142898 -0.017677 0.107739 -0.112989 0.093736 0.110104 0.305377 0.129727 0.096750 -0.251491 -0.081521 0.032573 0.160673 0.108583 0.034602 -0.208519 -0.113351 0.256377 0.329833 -0.109933 0.037301 -0.016037 -0.139314 0.042139 -0.077394 0.057398 -0.116481 -0.246220 -0.227107 0.082176 -0.169020 -0.124864 0.151498 0.010613 -0.008799 -0.051484 0.201224 0.143303
opinion -0.077620 0.016915 -0.035106 0.044278 0.166126 0.141463 -0.155201 0.319072 0.169434 0.007036 -0.073643 -0.202929 -0.067949 -0.218272 0.018375 0.212187 -0.099097 0.079937 -0.168604 -0.125059 0.022470 0.036779 -0.039050 0.156790 0.059209 0.017034 0.078600 -0.114159 0.170046 -0.272082 -0.243771 -0.040590 -0.125520 -0.172484 -0.298500 0.038061 0.190733 -0.046946 -0.253598 0.039763 0.065025 0.111800 -0.167040 0.075586 0.218306 -0.157018 0.002301 0.002707 0.035026 -0.065710
opinions -0.134746 0.000199 -0.140026 -0.020184 0.110861 -0.215298 -0.072676 -0.150777 0.164590 -0.038129 0.098447 0.037499 0.053996 0.100580 -0.015798 -0.117753 0.027391 -0.147500 0.014984 -0.006897 0.310794 0.070655 -0.002157 0.184196 0.194219 0.113411 0.194835 0.219136 0.173589 0.363536 -0.131027 -0.169493 -0.158396 0.085547 -0.200796 -0.215433 -0.058141 -0.019753 0.187715 -0.037017 0.283890 0.169157 0.084226 -0.044290 -0.043573 0.064361 -0.034772 -0.070767 -0.123078 -0.012113
options 0.056672 0.079337 0.126452 -0.002114 -0.085537 0.008153 -0.120682 0.185101 0.073399 -0.286452 0.014969 -0.067615 -0.087159 0.017937 -0.028395 -0.108189 0.211612 -0.043459 -0.000643 0.079942 -0.179862 -0.096023 -0.145846 -0.046647 0.001939 -0.225736 -0.241078 -0.008277 -0.447689 -0.168229 0.082933 -0.049355 0.114843 -0.034620 0.236504 -0.302112 -0.057957 0.201269 -0.008271 0.135364 -0.095957 -0.130143 0.053196 0.003679 0.129750 0.016905 -0.059811 0.183648 0.112902 -0.142630
or 0.149389 0.032704 0.072319 -0.188529 -0.069825 0.112420 -0.049799 0.089413 0.022425 -0.096929 -0.452154 0.108565 -0.081007 0.009953 -0.331037 0.234436 0.260447 -0.015006 -0.041717 0.151073 -0.058136 -0.001187 -0.033773 0.004504 0.299214 0.057363 0.145424 0.022020 0.218350 0.035093 -0.138639 0.099341 0.086456 0.166137 0.058229 -0.151410 -0.145883 -0.121587 0.049518 -0.092858 -0.085685 -0.044607 -0.147725 0.129393 0.125195 -0.187097 0.045836 -0.059052 -0.088865 0.017629
oral 0.090736 -0.037569 0.071492 -0.091503 -0.058172 0.102273 -0.158294 -0.032072 0.038375 -0.050316 0.007815 0.216317 -0.072010 0.354323 0.013112 -0.079240 -0.048013 -0.010916 -0.401624 -0.172177 0.086852 0.018263 0.042569 0.027559 -0.024856 0.358278 -0.041215 -0.075294 -0.009573 0.043228 0.029995 -0.060273 0.294893 0.061479 -0.131215 -0.029013 0.052029 0.197233 -0.125125 0.094462 -0.010973 0.140025 -0.212424 -0.144322 -0.074422 0.167545 -0.105402 0.031322 0.142842 -0.274715
order -0.009681 0.103286 -0.089610 0.256012 0.047624 -0.171766 0.181906 0.042596 0.038594 0.182649 -0.007019 -0.212274 0.091929 0.067541 -0.152992 0.096665 -0.334299 0.169996 0.135811 -0.047940 -0.144707 -0.190317 0.060639 -0.041991 0.128494 0.080775 0.038649 -0.138928 0.088972 0.143601 -0.037623 0.075311 -0.185019 -0.135671 -0.209135 0.060617 0.056581 0.038634 0.223783 0.136233 0.235105 -0.242148 -0.118989 -0.055991 -0.128210 0.000497 0.136461 -0.255448 0.121497 -0.012370
ordinary -0.009540 0.103492 0.010106 0.076589 0.065425 -0.073812 0.080844 -0.109523 -0.156775 0.077817 0.006286 -0.098193 -0.057167 0.090541 -0.175837 0.314682 -0.151090 0.048803 -0.040752 -0.095786 0.137179 -0.046641 0.070423 0.075812 -0.123226 0.074338 0.399394 -0.283012 0.244523 0.108354 0.034266 -0.128901 -0.096097 0.075071 0.284849 0.067866 0.078909 0.033531 -0.083921 -0.178676 -0.034249 -0.083923 -0.052455 0.021210 -0.312241 0.080135 -0.270254 -0.012876 0.142214 -0.012721
organic 0.077770 -0.031937 0.016574 0.087719 0.010477 -0.043363 0.073196 0.098637 -0.055271 -0.091985 0.004243 -0.335380 -0.135638 0.095407 0.136810 -0.202937 -0.252806 0.103847 -0.233386 -0.001711 -0.111828 0.058887 -0.067893 -0.078662 0.208328 0.030668 0.250568 -0.098323 -0.115155 0.069215 0.124661 -0.024666 -0.184681 -0.215128 -0.175914 -0.023109 0.072746 0.117100 -0.024927 -0.036580 0.048857 0.419186 -0.168351 0.083284 0.073543 0.151122 -0.250355 -0.108869 -0.006542 0.022535
organizations -0.087144 -0.125428 -0.072573 -0.176758 0.004943 0.148403 -0.151359 -0.108822 -0.292171 -0.121833 0.089392 -0.091212 0.001636 -0.115642 0.186229 -0.115181 -0.119479 -0.045526 0.010349 -0.041241 0.154437 -0.162865 -0.140598 -0.188925 0.050733 -0.152252 -0.217447 0.285051 -0.219312 -0.134305 0.097091 0.019675 0.135327 0.097777 -0.058520 -0.085869 -0.157121 0.110407 -0.001368 -0.053364 -0.025715 -0.216326 -0.009161 -0.240569 0.322844 -0.172435 -0.104899 0.145367 -0.032057 0.018737
oriented -0.055394 -0.205753 -0.099184 -0.130001 0.053454 0.282815 0.026449 -0.261791 -0.070527 -0.195737 0.045331 0.138301 0.164578 -0.270654 -0.011394 -0.023060 0.083738 -0.044620 0.062818 0.350448 0.155621 0.021013 -0.030213 -0.286855 -0.039787 -0.165556 0.005341 0.052232 0.241949 -0.033977 -0.017605 0.045160 0.172102 -0.054165 -0.051803 -0.023924 -0.117815 0.089631 0.063975 0.118002 -0.053952 0.008195 -0.074738 -0.174740 -0.170349 -0.274230 -0.058713 -0.066618 -0.213320 -0.021248
original 0.151157 0.201045 -0.114233 -0.078179 0.088727 0.082850 -0.263298 0.071532 0.005542 0.054556 0.128674 -0.085899 -0.125959 -0.115489 -0.355938 0.123214 0.233023 0.066125 0.161766 0.048561 -0.283626 -0.183547 -0.127469 0.069313 -0.096938 0.128964 0.039930 0.346071 -0.153989 -0.002024 0.215660 -0.112405 -0.067485 -0.018100 -0.089062 0.080088 0.046642 -0.182266 0.110811 -0.082155 -0.119686 0.112923 0.112081 -0.093851 -0.020631 0.062693 -0.075722 -0.077220 0.197273 0.025892
originalist 0.165553 0.040207 -0.206606 0.040477 -0.086531 -0.047495 0.125100 -0.266135 -0.018646 0.108123 0.246289 0.084137 0.019385 0.066489 -0.093698 0.011671 0.017865 -0.040467 -0.300171 -0.107384 -0.257187 -0.075749 0.047678 0.135854 0.060454 0.264507 -0.026718 0.083794 -0.053624 -0.216872 0.114783 0.034704 -0.159579 -0.051434 -0.120924 0.055825 -0.219169 -0.004833 -0.114981 -0.014924 0.025548 0.068780 -0.088905 0.276844 0.164307 -0.304761 0.023553 0.248072 0.117052 0.046292
other -0.012765 0.109217 -0.138356 -0.043409 0.134107 -0.010848 0.212575 0.063999 0.178866 0.328699 -0.177106 0.204680 -0.132915 0.251538 0.154049 0.022111 0.094450 -0.140351 0.169042 0.008974 0.029964 0.100570 0.108757 -0.106833 0.143165 0.050150 0.207046 0.157595 -0.167970 -0.255433 -0.021185 0.078700 0.047393 -0.127270 -0.301565 -0.090079 0.223651 -0.071186 -0.120539 0.037270 -0.009492 -0.033369 0.050627 -0.118297 0.036336 -0.094137 -0.050626 0.103172 -0.161521 -0.207247
our 0.099214 -0.201206 0.118158 0.174106 -0.130897 -0.095239 0.059656 -0.181087 -0.059125 -0.194822 0.082892 -0.106319 0.052992 -0.282949 -0.053003 -0.074779 -0.051392 -0.230162 0.343395 -0.111279 -0.110254 -0.120796 0.121720 -0.029396 0.046566 0.046563 -0.287050 0.047726 -0.033995 -0.055851 -0.020048 0.333498 -0.131983 -0.275227 0.002293 -0.115462 0.071957 0.019320 0.074199 -0.071864 -0.105239 -0.053007 -0.057179 -0.151668 -0.131317 -0.166976 -0.034285 -0.033906 -0.183620 -0.120996
out 0.135438 0.003254 0.238242 0.172438 -0.250461 0.146369 -0.001869 0.104856 0.006315 0.148584 -0.246831 0.034229 -0.178466 -0.279759 -0.256344 -0.135521 -0.042459 -0.066526 -0.078683 0.231433 0.047298 -0.160389 0.038976 0.053597 -0.179160 -0.053934 -0.164992 0.015090 -0.133373 -0.037987 -0.063210 -0.222843 -0.060222 0.096087 -0.055404 -0.102322 -0.145532 0.024444 -0.340377 0.009886 -0.145845 -0.044956 -0.022638 -0.003520 -0.090724 -0.095532 0.080733 -0.220989 -0.158184 -0.047261
outcomes -0.059238 -0.034129 0.161335 0.112761 -0.233359 0.099618 -0.038447 -0.167284 -0.115920 0.002170 -0.112033 0.015692 0.194334 -0.202423 0.041215 -0.177365 -0.173528 0.019368 -0.124315 0.205283 -0.166681 0.022231 -0.064924 -0.194466 -0.196981 0.070002 0.263429 0.024484 0.055463 -0.256277 -0.005196 -0.192366 -0.074809 -0.014392 0.246253 0.253700 0.053429 0.073978 0.268236 -0.114032 0.093516 0.027832 0.152883 0.166160 0.078084 -0.067027 -0.111375 0.193795 -0.002093 -0.039774
outlays 0.004920 -0.025207 0.196980 -0.105658 0.085422 -0.171342 0.145821 -0.032857 -0.330290 -0.172582 0.211196 -0.125619 -0.170726 0.144756 0.085086 -0.085191 -0.027597 0.289346 0.050089 -0.215934 -0.050840 0.042623 0.117065 -0.056865 0.001465 0.032561 -0.035278 -0.351368 0.000967 0.034456 0.011452 0.044458 0.164191 -0.102365 -0.155445 -0.117474 0.101059 0.179371 -0.115837 0.058014 -0.076569 0.172633 -0.154786 -0.129822 0.058514 -0.148550 0.196491 -0.207487 0.007843 0.155685
outlined -0.054514 0.190204 -0.212100 -0.140295 0.217964 0.206290 -0.015826 0.103929 0.072245 0.123402 -0.112135 0.174001 0.152982 -0.098642 0.097168 0.015639 0.124413 -0.044067 -0.266419 -0.076880 -0.004818 0.013197 -0.058020 0.151621 -0.272422 -0.095799 -0.099302 -0.212361 0.113412 0.182364 0.005085 -0.167324 -0.109714 0.330408 0.016094 -0.081714 -0.023772 0.193555 0.047077 -0.100598 0.063726 -0.056883 -0.158423 -0.166145 -0.040462 -0.024403 -0.321969 0.081441 -0.054361 0.040037
outlines -0.028002 -0.207809 -0.009618 -0.136027 0.041163 0.094900 -0.347721 0.093816 -0.249593 -0.106572 0.064813 -0.155023 -0.119589 0.239684 0.045070 -0.047201 0.135545 0.065609 0.078986 0.074097 0.081785 -0.014917 0.086826 0.206980 0.086764 0.185403 -0.106886 0.084518 0.146568 0.055307 -0.309648 -0.038405 0.171009 0.252297 0.098687 0.115988 -0.214777 0.075834 -0.189650 0.146406 0.189673 0.065798 0.020719 0.016640 -0.109125 -0.096274 -0.005033 -0.162356 -0.176379 -0.002611
outlining -0.038602 -0.086050 -0.323761 0.076120 0.083060 -0.213656 -0.036747 -0.182049 -0.047447 0.019116 -0.054649 0.074666 0.151963 -0.115578 0.223048 0.065490 -0.132206 -0.180179 -0.092457 0.125397 0.029349 -0.176208 0.208575 0.148681 -0.181752 0.063729 0.144679 -0.007252 -0.126105 0.084406 -0.297269 0.190458 -0.176579 -0.087102 -0.077248 0.051797 0.219303 0.109711 -0.130611 0.063688 0.027146 -0.009126 -0.176917 -0.072907 -0.024575 -0.059875 -0.043300 -0.338078 -0.066153 -0.153171
over 0.211708 0.074454 0.122412 -0.042032 -0.261961 0.042191 -0.294713 -0.182237 -0.140618 0.043454 -0.044244 0.152548 0.038167 0.293103 0.059534 -0.089072 0.062230 0.167070 0.083939 0.059935 -0.229977 0.066792 -0.066804 -0.022202 -0.193740 -0.159392 -0.252147 0.002381 0.228072 0.220402 0.087533 -0.066659 0.053795 -0.089926 -0.250609 -0.144260 0.059791 0.100644 -0.078083 -0.131504 0.203355 0.021089 -0.008387 0.175419 0.083669 0.042101 -0.194190 0.030090 0.010692 -0.029909
overall -0.202848 -0.028968 -0.130481 0.292474 0.095515 -0.218397 -0.080154 0.092227 0.131696 -0.038151 0.189873 0.138299 0.062055 0.251715 0.164463 -0.024941 0.165214 -0.185662 -0.053452 0.193503 0.073444 -0.156233 0.093403 -0.131722 0.168617 -0.114981 -0.014312 0.072446 0.072480 0.177732 0.061166 0.029602 0.067267 0.073299 0.134220 -0.049183 0.158625 0.156679 -0.080745 0.243831 0.141235 0.252264 -0.086399 -0.059613 0.213380 -0.180306 -0.106976 -0.189112 0.002986 -0.049524
overreach 0.030368 0.255716 -0.175799 -0.010822 -0.244769 -0.244316 -0.090970 0.183143 0.004724 -0.009524 -0.256441 0.161950 0.157152 -0.059734 0.140683 -0.003563 -0.077203 -0.024597 -0.043019 -0.391423 0.058339 -0.138155 -0.101254 -0.032596 -0.156278 0.308276 -0.094163 0.258756 -0.090294 0.077503 -0.012090 -0.187675 0.039710 -0.007781 0.057725 -0.045445 0.050062 0.209494 -0.272444 0.023550 -0.048680 0.064809 0.086472 0.023616 -0.045817 0.036474 0.049930 -0.087600 -0.016303 0.064479
overreaching -0.017536 0.048536 0.090929 -0.303794 -0.099458 0.257271 0.026043 0.061758 -0.066428 0.179019 0.043663 -0.161653 -0.201440 -0.064204 -0.281312 0.063646 0.050523 0.250836 -0.107128 0.110116 -0.012581 0.318092 -0.047609 0.133309 0.029675 -0.070714 0.096302 0.185462 -0.010042 -0.106639 -0.135188 0.011357 0.001706 -0.113141 -0.181635 0.141457 -0.086920 -0.008730 -0.189007 -0.064398 -0.144833 -0.137635 0.189504 -0.085282 0.075484 0.204839 0.143385 -0.097936 -0.203481 0.135333
overregulation -0.018126 0.205121 -0.059245 0.143884 -0.053291 0.028099 0.098448 0.038534 -0.134220 0.147698 0.197954 0.092935 0.262649 -0.286247 -0.082561 0.177422 -0.173058 0.022590 0.273580 -0.222782 -0.089424 0.191218 0.045800 -0.265660 0.071990 -0.145200 0.077228 0.012205 -0.096367 -0.111127 -0.044062 -0.216436 0.008317 0.022909 -0.249358 0.137474 0.092212 -0.091378 -0.089179 0.029408 -0.301890 -0.135420 0.101884 0.048530 0.115506 -0.131676 -0.065833 0.037111 0.025326 0.012214
override -0.092619 -0.222593 -0.221206 -0.039057 -0.143027 -0.145451 0.151540 0.061927 0.035613 -0.024459 0.160466 -0.242538 -0.020691 -0.158958 -0.000933 0.021084 -0.013266 -0.024089 0.055339 -0.247481 0.155613 0.028580 -0.138897 0.056060 -0.118106 0.017181 0.042222 -0.071312 0.013094 0.148227 -0.338639 0.209308 0.154825 0.186614 0.174819 -0.072599 0.073832 0.080126 -0.142640 0.223750 -0.003309 -0.003204 -0.190242 0.194501 0.022893 0.193654 -0.106936 0.186838 -0.234753 0.075612
overruns -0.024630 -0.011291 -0.083838 0.041162 0.251500 -0.068342 -0.018824 0.054555 -0.140966 -0.126381 -0.095800 -0.006414 0.217072 0.030807 -0.115754 -0.008033 -0.000626 -0.129538 0.037496 0.141344 -0.042934 0.028383 0.079528 0.283223 -0.074230 0.026187 0.239247 -0.096934 0.039709 -0.311175 0.099640 -0.126338 0.000267 -0.038207 0.297637 0.227597 -0.013993 -0.207339 -0.095528 0.037859 -0.101928 -0.167570 -0.236473 0.093388 -0.036357 -0.258736 -0.122982 0.241973 -0.010046 -0.217875
overseas 0.080028 -0.262094 -0.216003 0.019493 -0.082660 0.114387 0.166725 0.140315 0.071779 -0.238587 -0.046811 -0.152390 0.097579 -0.142547 0.199474 -0.050281 0.032142 -0.325262 0.321505 0.000649 -0.057716 -0.011668 0.134077 -0.073850 0.005118 -0.031756 0.052444 0.144451 0.315542 -0.063404 0.099132 -0.142501 0.014265 0.083733 0.116416 -0.082045 -0.044179 0.037662 0.000397 0.117213 -0.084680 -0.027168 0.003601 -0.297232 -0.054275 -0.157835 0.089137 0.111775 -0.246443 -0.073771
overtime -0.108325 -0.102634 -0.148520 -0.167781 -0.087766 -0.111838 0.061276 -0.011756 -0.281593 -0.226089 -0.088311 -0.253039 0.021763 -0.108198 0.082232 0.062417 0.194848 0.071574 -0.051792 0.042882 -0.021232 0.183929 -0.130267 0.061472 -0.124545 -0.136444 -0.159257 0.017553 -0.102081 0.022044 -0.007686 -0.057387 0.181530 0.170152 -0.028685 0.055633 -0.024478 -0.067659 0.023117 0.160928 -0.034630 -0.077770 0.178255 -0.069249 -0.038000 0.365408 -0.365514 -0.279897 -0.047899 -0.105798
overview 0.093598 0.068366 -0.118412 -0.024914 0.047437 -0.223913 0.151285 0.007465 0.162948 -0.179713 -0.194678 -0.014464 0.096097 0.060072 -0.060797 0.223601 0.218174 0.037216 -0.227114 0.093383 -0.208187 -0.111751 -0.085432 0.114265 -0.129539 -0.002748 -0.113919 0.070206 0.012183 0.116831 0.278756 -0.222910 -0.020471 -0.102495 -0.194391 -0.121785 0.001978 -0.274869 -0.201144 0.206503 0.055664 -0.019367 0.046447 0.311247 0.029544 -0.002414 -0.029013 -0.089914 0.117661 -0.152916
overwhelming -0.001203 -0.116138 -0.098178 -0.032307 0.051550 -0.259596 0.194419 0.242625 0.031526 -0.048415 0.161283 -0.012738 0.109774 -0.119677 0.039330 0.022179 0.146595 0.149477 0.080034 0.052178 -0.111653 0.298248 -0.150149 -0.142818 0.104579 0.137727 0.076485 -0.102097 -0.150348 -0.022456 0.137970 -0.071876 -0.063294 0.107034 -0.118729 0.032256 -0.129871 -0.165733 -0.211514 0.141360 -0.364717 -0.230272 0.010404 -0.325810 -0.059312 -0.040279 0.057390 0.113398 0.064981 -0.053901
owned -0.046535 -0.091636 0.246417 -0.365843 0.104254 -0.080641 -0.145460 0.153608 0.132622 -0.069316 0.023484 -0.081409 -0.039634 0.052015 -0.207274 -0.113004 -0.052955 0.024168 -0.034432 0.325086 -0.018461 -0.156646 0.294381 -0.011882 0.137274 -0.107440 -0.079534 0.038077 -0.026350 0.220081 0.136669 0.141588 0.184106 -0.269191 0.074657 0.076473 0.098026 -0.085748 0.099566 0.129165 -0.152696 -0.097860 -0.092186 -0.224939 -0.091830 0.030516 -0.089451 -0.031139 -0.034063 -0.149636
owners -0.286080 0.218668 -0.111644 -0.280131 0.005232 -0.194541 -0.353256 0.030052 -0.024586 -0.039659 -0.228807 -0.008767 0.137466 0.044524 -0.026180 0.182156 0.138192 -0.017402 -0.065990 -0.134081 0.260839 -0.081558 0.024957 -0.083450 0.026612 0.117837 -0.014612 -0.021701 -0.034516 0.113463 0.112906 -0.024452 0.097836 0.261778 -0.109846 -0.074263 0.022884 0.190568 0.032226 -0.273246 0.036445 -0.225208 0.116468 -0.176273 -0.065300 0.110465 -0.074897 -0.062536 0.030761 0.089163
pacific -0.040024 0.212172 0.070479 -0.053442 -0.024060 0.031306 -0.086832 -0.156206 0.038852 0.122778 -0.174701 0.113430 -0.004799 0.064113 0.404896 -0.385101 -0.080704 -0.171753 0.130067 -0.175422 -0.182908 0.019338 -0.056411 -0.080411 0.031475 0.007104 0.127729 0.195398 -0.120131 -0.239405 0.022510 0.129373 0.128480 -0.047618 0.197309 -0.055410 -0.141126 -0.103247 0.091544 -0.110147 0.237572 -0.192913 -0.053673 0.117166 0.010971 0.005660 0.159816 0.067429 -0.070771 0.081405
paid -0.127205 -0.038615 0.028800 -0.095760 0.143901 -0.085936 -0.052406 -0.015079 0.037201 0.167833 -0.321972 0.038135 -0.043797 0.211956 -0.287195 0.328613 0.216987 0.214228 -0.184777 -0.027324 0.179283 -0.079738 -0.022254 0.060802 0.006725 -0.147704 -0.067203 0.044653 -0.163908 -0.374117 -0.004386 -0.023170 -0.085311 -0.134754 0.202452 -0.113459 0.104456 -0.202760 0.101468 0.015840 -0.173890 0.101807 0.016739 0.036326 -0.011209 0.095772 -0.001182 -0.082025 -0.050445 0.017976
pairs -0.145673 -0.284383 0.104184 0.132228 0.047184 0.080894 -0.047569 -0.071036 -0.031036 0.149499 -0.345778 -0.051350 0.098371 -0.280963 0.089187 0.030431 -0.164089 -0.230084 0.045403 0.126105 0.129392 -0.090690 0.235421 0.028219 -0.010382 0.015475 0.083742 0.053436 0.074880 -0.201437 0.146174 0.127133 -0.133737 0.261841 0.091609 -0.069416 -0.069476 0.059032 -0.124974 0.035602 -0.086992 -0.161344 -0.117321 -0.019898 0.072688 0.117025 -0.050293 -0.219215 0.158334 0.265120
pandemic 0.170854 0.214923 -0.080080 0.031695 0.007265 0.143365 -0.165597 0.098994 0.029454 0.083374 0.102090 -0.007645 0.021922 0.082508 -0.044180 0.071409 0.258784 0.379074 -0.226860 -0.244363 0.191485 -0.075381 -0.007119 -0.122912 0.016898 0.018768 0.045454 -0.240049 -0.137017 -0.298341 0.038475 -0.048587 -0.095515 0.146140 0.083357 -0.052874 -0.052296 0.020573 -0.015002 -0.097468 -0.084365 0.272318 0.028712 -0.277593 0.125008 -0.117829 -0.026652 -0.100664 0.143024 0.048561
paper 0.026880 -0.196150 -0.285669 0.399687 -0.157875 0.142589 0.112484 -0.053995 -0.195684 0.153393 0.018917 -0.066583 -0.108144 0.150290 -0.159153 0.079884 -0.128929 -0.008387 -0.165501 -0.371155 -0.171490 -0.096601 -0.042900 0.067077 -0.175422 0.096159 -0.059040 0.095459 0.015615 -0.217288 -0.152688 0.024944 0.060043 -0.027502 -0.008671 0.039899 -0.188864 0.024192 0.031186 -0.028737 -0.173949 0.157965 -0.168239 0.040891 0.065978 -0.021978 0.054906 -0.020744 0.188181 -0.046053
parents -0.010725 0.139434 0.017527 -0.144895 0.065521 -0.078636 -0.061945 0.143061 0.059188 0.094154 0.235359 -0.195652 0.179168 -0.058015 0.003270 0.280081 0.024658 0.039290 -0.002585 0.063828 -0.041221 -0.101391 0.119001 0.292027 -0.161070 0.209248 0.074033 0.220272 -0.015622 0.148303 -0.036159 -0.070191 0.144427 0.164604 -0.084907 0.005496 -0.236816 -0.238304 0.030521 0.199572 0.078563 0.052005 0.194079 0.034095 -0.191340 0.179895 0.232520 0.207044 -0.109866 0.006032
part -0.013058 -0.046093 -0.035127 0.011532 -0.045250 -0.089054 0.259197 -0.181800 -0.055768 -0.017213 -0.018877 -0.249215 -0.053749 -0.034220 0.146155 -0.158900 -0.244344 -0.164353 -0.125436 0.157958 -0.012147 -0.140232 0.054043 0.117460 0.017124 0.079823 -0.108519 0.143179 -0.222287 0.275800 -0.031046 0.291935 0.051358 -0.032047 0.087807 -0.013190 -0.057122 0.434133 -0.235443 -0.016457 0.096467 0.054911 -0.031466 0.051014 0.044461 -0.117394 0.114085 -0.019175 0.198525 0.107659
participation -0.079052 0.084933 0.120291 0.262929 0.297457 0.041149 -0.183799 -0.069558 -0.011396 -0.101651 -0.063812 0.017998 0.004233 0.123199 0.031426 0.221131 0.153332 0.097584 -0.065027 0.115516 0.167348 0.224165 0.004312 -0.143858 0.308084 0.041058 0.002804 -0.050026 0.121707 0.101962 -0.131552 -0.090713 0.148626 -0.212511 -0.130356 0.198027 -0.202597 -0.074634 -0.006653 0.232816 -0.042195 0.195978 0.007013 0.058800 0.252805 -0.130850 0.051064 -0.036165 0.176485 0.103242
partisan 0.221663 -0.042330 -0.230241 -0.144674 -0.117545 -0.259105 0.161435 -0.099239 -0.056937 0.120185 -0.090140 -0.041303 -0.013181 -0.167800 0.075749 0.048407 0.077461 -0.043708 0.139355 0.036173 -0.236010 -0.157780 0.038459 0.031045 0.144812 0.130974 0.116975 -0.016254 -0.218176 0.041688 -0.120432 0.208173 -0.048047 0.337558 -0.071821 0.127831 0.060710 0.070133 -0.003981 -0.135726 0.052368 -0.172697 0.326009 -0.001828 0.233371 -0.018834 0.205454 0.065219 -0.037445 -0.130704
partnerships -0.101605 0.070117 0.023921 -0.138698 0.170012 0.247371 0.176028 -0.167548 0.034113 -0.153683 -0.049557 -0.192422 -0.102350 0.053483 -0.162280 -0.013996 0.203723 0.195675 0.207047 -0.006260 -0.037575 0.175979 -0.030646 0.106590 -0.054041 0.045355 -0.265634 0.253680 0.022427 -0.003497 0.136841 0.007697 -0.091012 -0.187902 -0.111524 -0.099329 -0.209716 -0.179038 -0.042973 -0.295776 0.211312 0.026944 0.201150 -0.074404 0.051450 -0.090741 -0.024753 0.122635 0.185717 -0.037850
passengers 0.014156 -0.005997 -0.150693 0.019835 0.128713 -0.114548 -0.011784 0.067330 -0.329583 -0.116136 0.107733 0.050401 -0.014965 0.042899 0.228390 -0.255984 -0.126166 -0.060987 0.059119 0.074319 0.179717 -0.104628 0.074613 0.080945 0.082816 0.298502 0.070468 -0.111987 0.046200 -0.195504 -0.019079 0.174661 -0.153658 0.046177 0.290614 -0.000871 -0.147890 0.018515 0.003434 0.067865 0.259895 -0.165573 -0.299858 -0.107063 0.037222 0.214939 -0.115788 -0.103927 0.006195 0.111233
patent -0.069825 0.060616 -0.290308 0.116655 -0.096894 -0.078975 0.024209 -0.049648 -0.062846 -0.011210 0.076785 0.138516 0.379387 0.086844 0.050609 -0.255386 -0.105911 0.172959 -0.163534 0.142649 -0.008341 -0.153937 0.213576 0.054286 0.010563 0.026837 -0.000625 0.279198 -0.024774 -0.014415 0.103884 -0.218214 -0.062268 -0.133977 -0.178214 0.119396 0.128726 -0.109730 -0.340100 0.107013 0.115631 0.066810 -0.156563 -0.021485 0.034678 0.208532 -0.053395 0.091305 -0.072085 0.021191
path 0.020656 -0.166218 0.100610 0.051701 -0.012078 -0.300215 -0.167457 -0.143013 -0.010569 0.061498 0.006724 -0.160440 -0.155837 0.147577 0.074442 -0.243957 0.083065 -0.176820 0.138613 0.115792 0.177596 -0.023526 0.194203 -0.071600 -0.287880 -0.242281 -0.020618 0.014019 -0.098747 -0.220592 0.187811 0.244506 -0.028266 -0.179193 0.086888 0.151222 -0.108755 -0.127689 0.050647 -0.019519 -0.193259 -0.089166 0.054970 -0.127720 0.052439 -0.007941 0.069579 0.160340 -0.207287 -0.053127
pathway -0.086081 -0.050705 -0.006107 -0.078786 0.052524 -0.089756 -0.030337 -0.221824 0.153601 -0.172028 -0.177972 -0.032736 -0.231819 0.159174 -0.003567 -0.071490 -0.090908 0.105634 0.026293 -0.202492 0.080665 0.019917 -0.213840 0.116153 -0.007413 0.079233 -0.008333 -0.063355 -0.096509 -0.151570 -0.030953 -0.186965 -0.006667 0.240204 -0.081715 -0.127516 0.391277 0.324146 -0.181527 0.184512 -0.271082 -0.045698 -0.159288 -0.160255 -0.047376 -0.065912 -0.033995 0.015937 0.054697 0.058136
patient -0.138256 0.101663 0.030360 0.141974 -0.060014 -0.083929 -0.205649 -0.110112 0.079620 -0.317204 0.145348 0.072174 -0.203981 -0.276861 -0.192131 0.070131 -0.082786 -0.002819 -0.155991 -0.048393 -0.027643 -0.255023 -0.063592 0.025096 0.019483 -0.036720 0.239784 -0.100517 0.130502 -0.088765 0.118961 0.159767 -0.156203 0.211223 0.029403 0.051216 -0.074298 0.068389 0.000688 0.096050 0.115123 0.190476 -0.219735 0.258510 0.144300 -0.005882 -0.224170 0.091016 0.108089 -0.073833
patients -0.115133 0.326880 -0.363469 -0.146489 -0.121058 -0.036368 -0.081287 0.111903 -0.168263 -0.087057 0.229258 0.173985 -0.086884 -0.021848 -0.189676 0.060529 0.130471 0.129766 -0.032517 -0.112843 0.179555 0.033085 0.049581 -0.004079 0.011966 0.012000 -0.044267 -0.023931 -0.094476 0.134641 0.021978 0.050280 -0.129774 0.150193 -0.114911 -0.221872 0.116498 -0.069103 -0.014528 0.111708 0.261572 -0.216235 0.008876 -0.006134 0.093908 0.039628 -0.093193 0.216253 -0.303022 -0.051562
patrol 0.126006 0.027518 -0.103402 -0.027851 0.036077 0.022041 -0.059050 0.030330 -0.014098 -0.189758 -0.304855 0.053584 -0.018152 -0.093608 -0.037521 -0.183034 -0.055646 -0.174316 -0.058176 -0.120890 -0.203805 0.023774 0.269715 -0.158268 -0.053924 0.063213 0.127526 -0.000626 -0.082049 -0.157110 0.091484 0.276538 0.020850 -0.004992 -0.222484 0.278798 0.232218 -0.096138 0.146146 -0.222784 0.090389 0.187273 0.083047 -0.141396 -0.143280 0.154751 0.168447 -0.160695 0.167955 0.004951
payer -0.004923 0.239028 0.094408 0.198590 -0.183987 0.036407 -0.193458 -0.053534 -0.063326 -0.043248 -0.163690 -0.215756 0.049824 -0.110758 0.194203 -0.187367 -0.073331 0.170431 0.085399 -0.216839 0.155238 -0.150214 -0.138949 -0.061002 0.083431 -0.132462 -0.025117 0.111720 -0.091764 -0.032813 0.140501 -0.053400 0.097918 -0.112166 -0.144055 0.191499 0.017771 -0.350679 -0.143852 0.021999 0.179658 0.084325 0.017389 0.174524 0.065355 0.041872 -0.121848 -0.152681 -0.073898 0.283259
paying 0.077050 0.056728 -0.122948 -0.030831 -0.046890 0.100610 0.226631 0.101254 0.047349 -0.125672 0.036528 0.005482 0.108527 0.091702 0.012805 -0.278773 -0.013477 0.063320 0.209789 -0.132455 0.278082 -0.038925 0.088958 0.209275 -0.036609 0.066391 0.063948 0.132805 -0.133839 -0.369634 -0.038336 0.011280 0.109671 0.106895 -0.005164 0.174695 -0.307088 -0.222608 -0.183176 0.137023 -0.150244 -0.079654 0.168679 -0.177986 0.054483 0.185467 -0.032333 -0.089281 0.130626 0.027969
payroll 0.292590 -0.137618 -0.065262 0.134195 -0.157264 -0.019655 0.089478 0.372299 -0.128186 -0.170839 0.051988 0.120372 0.039761 -0.120780 -0.265576 0.097161 -0.197070 -0.003902 0.287683 0.081491 0.027795 -0.088694 -0.202776 0.235827 -0.079756 -0.037968 -0.029114 0.129691 0.072615 -0.044263 0.128717 -0.104609 0.195637 -0.128106 -0.045219 -0.001375 0.143423 0.150180 -0.016430 0.083115 -0.018588 0.160504 0.149945 0.177130 0.022307 -0.146407 0.011918 0.106636 -0.113884 -0.123495
peace -0.061937 0.176689 0.331326 0.002876 -0.061176 0.098802 -0.335233 0.167436 -0.087500 0.016294 0.117134 0.251718 0.196926 -0.205369 -0.189656 -0.003905 0.053838 0.113128 0.061443 -0.084836 0.138261 0.074055 0.163390 0.014298 -0.040024 -0.075446 -0.005225 -0.020499 -0.083382 0.405700 0.030828 -0.027108 -0.059916 0.090961 -0.136119 -0.200047 -0.150228 -0.165039 0.115408 -0.009663 -0.216823 0.044766 -0.049609 -0.170425 0.065248 -0.117269 -0.055513 0.059285 0.032800 -0.017876
peaceful -0.034439 -0.339341 -0.225890 0.078745 0.024264 -0.109308 0.105784 0.131579 0.070398 -0.240418 0.116103 0.069305 0.058638 -0.108666 0.371120 -0.153670 0.059333 -0.178587 -0.037298 -0.154937 0.016592 0.077820 0.076902 0.095094 -0.039434 0.141475 0.065564 0.074147 0.265079 0.059466 -0.120398 0.070364 -0.041153 0.173118 -0.145929 -0.141736 0.108481 -0.044395 0.119387 0.135198 -0.081925 0.132066 -0.068299 -0.295417 0.173815 0.058516 0.100129 0.198053 -0.046573 0.024197
peak 0.103068 -0.188392 0.141046 0.086018 0.038790 0.034118 0.010563 0.147723 0.164101 -0.126635 -0.061897 0.098892 -0.192484 0.243280 0.072772 -0.135379 -0.104027 0.081665 -0.050332 -0.272344 -0.038114 -0.052664 0.077726 -0.026156 0.080494 0.228515 -0.056508 0.018274 0.087541 -0.298925 0.057121 0.105842 0.134506 -0.265509 0.040181 -0.321620 -0.034733 0.037106 0.055049 -0.268307 0.216109 0.167399 0.086135 -0.068345 -0.005247 -0.052473 -0.105108 -0.242537 0.092037 -0.086683
pedestrian -0.075798 0.020053 -0.038848 -0.008035 0.218076 0.004455 0.099160 0.070741 0.269442 -0.371351 -0.118544 -0.034783 0.025070 -0.034927 -0.164446 0.089406 0.033549 0.247563 0.184315 0.025783 -0.319082 0.199526 -0.126192 0.259012 -0.108047 0.214718 -0.057327 0.025084 -0.032417 0.022580 -0.043216 0.002939 -0.044801 0.127250 -0.048512 -0.157816 -0.214861 0.005190 -0.143338 0.008603 0.093683 -0.320693 -0.027019 -0.017195 0.061290 -0.125213 -0.046469 0.171058 0.055653 0.039145
penalize 0.043764 -0.084948 -0.062063 -0.098894 -0.056935 0.057804 0.269060 -0.171638 -0.495568 -0.063075 0.041103 -0.030461 -0.044438 -0.124983 0.020825 0.001101 0.005555 0.185246 0.109468 -0.031031 0.101550 -0.138300 -0.214922 0.118075 -0.124380 0.106451 0.079558 -0.175260 0.017240 -0.054623 0.014631 0.034360 0.213109 0.081567 -0.190410 -0.106713 0.112271 -0.166052 -0.048761 -0.238047 -0.135879 0.023592 0.257948 0.191928 -0.180842 -0.005970 -0.056870 -0.167112 -0.040889 -0.079369
penalizes 0.150496 0.012899 0.066339 -0.079782 0.090206 -0.112291 0.103039 0.061818 -0.228363 0.027465 0.052240 -0.058724 0.068176 -0.087459 -0.265104 0.073265 0.177712 -0.100834 -0.209438 -0.102184 -0.312309 -0.086165 -0.182373 -0.000022 0.008743 0.204751 -0.072737 0.116268 0.151009 0.210913 -0.197898 -0.180047 -0.123429 -0.069933 0.090537 0.137996 -0.024151 0.081501 -0.232737 0.183565 0.088224 -0.203916 0.236565 0.065882 0.005829 -0.033274 0.205257 -0.133220 0.192333 0.011021
penalties -0.020604 0.283819 -0.368963 0.015485 -0.077360 -0.102123 0.181437 -0.106246 0.018287 0.074349 -0.169504 -0.010291 -0.220245 -0.062042 0.121056 0.022197 0.101996 0.171416 0.021295 -0.145213 -0.196303 -0.059658 0.014536 0.133025 -0.038927 -0.173433 -0.054447 0.051149 -0.087581 0.033984 -0.141891 -0.108697 -0.136169 -0.030317 -0.188411 -0.075978 -0.007191 -0.117106 0.026022 0.101097 0.006251 -0.164627 -0.208174 0.192525 -0.113520 -0.349672 0.103549 -0.007417 0.032457 0.283937
pending 0.141605 -0.039014 0.070897 -0.239302 -0.119851 -0.012509 0.106744 -0.217484 0.246474 0.081354 -0.052078 -0.074738 0.049320 0.151739 -0.112508 0.097494 -0.138010 -0.292408 -0.060468 -0.395695 -0.162049 -0.000120 -0.016558 0.069052 0.151951 0.000675 0.090390 0.247104 0.010454 0.309587 -0.049549 0.008587 0.330051 -0.072503 0.010041 0.002485 0.018782 0.057220 -0.191631 0.125905 -0.036181 0.069182 0.031647 -0.070942 0.166128 -0.102445 0.017782 -0.053136 -0.035667 0.087269
pentagon -0.154726 0.053309 0.339670 -0.052698 0.099872 -0.085711 0.404844 -0.046520 0.091678 0.052077 0.028087 -0.022232 -0.131194 0.085251 0.049234 -0.083402 -0.180792 -0.077882 -0.122616 -0.231514 -0.120393 -0.141247 -0.144426 0.155819 0.089668 0.116325 0.260938 -0.139035 0.106768 0.014085 0.224417 0.182007 -0.110666 -0.070581 0.122557 -0.045007 0.075207 0.143576 -0.138723 0.044564 0.057509 0.062199 0.226378 0.067496 0.023522 0.173567 0.071672 -0.003600 0.082071 -0.216926
people 0.009029 0.235464 -0.074050 -0.163659 -0.016412 -0.082866 -0.141392 -0.013418 0.144922 0.108652 0.098613 -0.027573 0.087562 -0.337615 0.075981 0.045386 -0.055149 -0.068403 -0.060723 0.133401 0.211128 0.109050 0.114623 0.031297 -0.075978 -0.040663 -0.217894 0.221709 -0.134872 -0.086590 -0.062118 -0.194548 -0.219258 -0.102630 -0.074835 -0.296248 0.072941 0.211515 -0.083005 0.008969 -0.206140 -0.008472 0.118610 0.102026 0.052844 0.185502 0.182728 0.007564 0.095821 -0.291558
percent -0.005902 -0.028590 -0.012919 -0.018392 -0.041373 0.046000 0.012768 0.015350 -0.005269 0.004217 -0.050619 0.018128 0.034969 0.023132 -0.040189 -0.009122 -0.028422 0.013649 0.013996 0.015406 0.300306 0.295153 0.279355 0.330178 0.318435 0.359041 0.257971 0.297780 0.289269 0.339266 -0.110522 -0.023823 0.014390 -0.009481 -0.070131 -0.026600 -0.041712 -0.049331 -0.012295 -0.013617 0.027806 0.035763 -0.002914 0.057162 0.002022 -0.021431 0.004686 0.010527 0.056491 0.074820
performance -0.107312 -0.243539 -0.238021 -0.013241 -0.127101 -0.026215 0.249415 0.041777 -0.044341 -0.141133 0.142243 -0.060163 0.032480 -0.000897 0.226872 -0.150622 -0.125914 -0.056773 -0.050566 -0.128743 0.260590 -0.185474 0.120157 0.092728 0.110594 0.276316 0.170009 -0.139170 0.148729 0.029271 -0.044354 -0.008536 -0.036376 -0.273518 -0.187787 -0.270384 0.078019 0.162913 -0.101921 -0.094624 0.146229 -0.124311 -0.149705 0.052800 -0.125443 -0.048593 0.021379 0.021237 -0.050854 -0.158340
period -0.127358 0.034676 -0.145217 0.089702 -0.105400 -0.196388 0.163882 0.029648 -0.118536 0.158776 0.056974 0.083829 -0.199133 -0.104376 0.198354 0.113911 -0.266156 -0.092011 0.157779 -0.019067 -0.234762 -0.129449 -0.111093 -0.193992 0.189805 0.171940 -0.036761 -0.099593 0.037230 -0.114725 -0.032050 -0.291391 -0.137666 -0.090820 -0.261243 -0.009302 -0.096823 -0.099320 -0.072060 -0.227068 -0.083975 -0.070228 -0.135506 0.068370 -0.012318 0.091107 -0.048029 0.128804 0.078789 0.282441
permanently 0.043650 -0.051948 -0.013899 0.044775 -0.085147 0.020578 -0.197287 -0.084677 -0.153273 -0.180077 -0.288310 -0.082029 0.167897 0.059939 0.178496 0.080648 -0.098598 -0.272456 -0.044406 0.177588 -0.173885 0.021518 -0.020508 0.269222 -0.036297 -0.088517 0.121667 0.052475 0.128632 0.366125 0.124160 -0.097432 0.182460 -0.111126 0.071655 -0.072371 -0.156581 0.006970 0.005128 0.081698 -0.181769 0.024305 0.150869 -0.009882 -0.027344 0.122701 0.168941 0.064477 -0.057265 0.323556
permit 0.073591 0.018715 -0.101346 -0.069160 0.137959 0.064826 -0.095878 0.163821 -0.002121 0.063154 -0.071891 -0.139090 0.049062 0.117991 0.167003 -0.086208 0.018227 0.030999 -0.195567 -0.120699 0.270568 0.006326 0.209993 -0.047218 0.317863 0.022480 -0.076821 -0.216330 -0.151958 0.105332 0.199117 0.107684 -0.083906 -0.016919 -0.051867 -0.175370 -0.346101 -0.185638 -0.105398 0.036414 -0.022009 0.020460 0.000997 -0.224188 0.099039 -0.031990 0.228232 0.292959 -0.137838 0.006373
permits -0.148203 0.261133 0.166052 -0.145074 0.016931 0.046473 -0.089009 -0.065286 -0.018246 0.110119 -0.160169 -0.013842 0.241726 -0.055616 0.065491 -0.157481 -0.137088 0.225989 0.032065 -0.019488 -0.162182 0.096015 0.007405 -0.098369 -0.173913 -0.144373 0.089925 -0.175218 0.287349 -0.019427 -0.015607 -0.025182 -0.167463 -0.145048 0.054233 0.176256 0.053089 -0.050526 0.250117 -0.004057 0.214243 0.241230 -0.081837 -0.305170 0.040212 0.045590 -0.178335 -0.074908 0.113781 -0.135787
permitting -0.038619 -0.105944 -0.007200 -0.098848 0.057558 0.072498 -0.036136 0.079373 -0.024958 -0.110917 -0.445080 0.044052 0.093602 -0.110909 -0.008702 -0.134152 -0.157709 0.315547 -0.032389 0.155573 0.178353 -0.064097 -0.036827 -0.015118 -0.214374 0.116865 -0.066060 -0.178490 -0.053585 -0.113314 0.060928 0.106406 0.210125 0.177431 -0.230317 0.332534 -0.002422 -0.041862 -0.203462 0.117608 0.069581 0.138619 -0.170307 0.080182 -0.142960 0.031812 -0.114868 0.055031 -0.035495 -0.027243
perpetuate 0.098685 0.362058 -0.294885 -0.279170 0.150921 0.107712 0.142558 -0.102089 -0.298460 -0.020779 -0.001899 -0.044126 0.040855 0.165874 -0.018886 0.047678 -0.111269 0.090841 0.057044 -0.025522 0.064955 0.219834 0.197953 0.003414 0.142886 0.128189 -0.017717 0.014923 -0.228893 0.106890 0.013110 0.053349 -0.140213 0.158391 -0.084534 -0.171887 0.171299 0.044393 -0.012435 -0.007231 0.074567 -0.081281 -0.081311 0.041395 -0.060993 0.055379 0.135016 0.270091 0.001247 0.232302
personal 0.140527 -0.066275 0.168308 0.137083 0.037499 -0.122137 0.048689 0.001884 -0.105693 0.128343 -0.219047 -0.221217 0.156318 0.120174 0.075179 -0.028278 -0.139745 -0.028021 -0.173421 -0.396169 0.123694 0.002486 0.329395 -0.038420 -0.100680 -0.141044 -0.032940 0.076425 -0.036248 0.030425 -0.057251 -0.111750 0.076802 -0.017934 -0.076150 0.300471 0.148924 0.075815 0.026241 -0.042623 -0.305718 -0.217344 0.076544 0.006956 -0.113524 -0.063055 0.139239 0.080288 -0.173115 0.023667
personnel 0.085718 0.328402 -0.029308 0.128842 -0.057887 -0.127130 0.103828 -0.027527 0.113879 -0.142475 -0.083640 -0.061252 0.217078 0.130766 0.028340 0.045655 -0.306561 0.131530 -0.068485 0.133238 -0.231223 -0.173084 -0.114747 -0.191416 0.157134 0.141247 -0.063661 0.211427 -0.018302 0.059063 -0.112033 -0.180460 0.041231 -0.332989 -0.007054 0.118335 0.197385 -0.242450 -0.003410 0.185690 -0.007934 0.026722 0.090098 -0.159834 -0.006833 0.069485 -0.029086 -0.017493 -0.078049 0.102233
pervades 0.038611 -0.044725 -0.096864 -0.119263 -0.207785 0.002191 0.100095 -0.023162 0.281189 -0.174583 -0.331579 -0.072612 -0.041973 0.256329 -0.078739 0.006992 0.030600 0.270828 -0.003300 0.181591 -0.075699 -0.107631 -0.102626 0.156600 0.163026 0.075407 -0.020125 0.078521 0.003396 0.058465 -0.086571 0.068565 0.005249 0.113138 -0.323215 -0.142492 -0.040928 0.096900 0.026921 -0.032364 0.159085 -0.066082 0.142374 -0.172855 0.122679 0.179039 -0.105028 0.144058 0.089703 -0.298987
pesticide 0.109687 0.155322 0.216966 0.035355 -0.058305 0.183787 0.020136 0.138446 0.074390 0.322324 0.102765 -0.118683 -0.219182 -0.132036 -0.001421 -0.188196 0.077450 -0.017706 -0.030589 0.011350 0.025500 -0.019765 0.055019 0.226644 -0.293174 -0.100158 0.008545 -0.069968 -0.147200 0.100114 -0.107866 -0.286277 0.043081 0.176284 -0.004069 0.032528 -0.047989 0.044708 0.252634 0.225608 -0.070541 0.014977 -0.089349 -0.059611 0.006777 -0.097360 0.252241 0.108027 0.232003 0.162312
petitions -0.068217 -0.097529 0.100693 -0.131656 -0.183007 -0.360223 0.153143 -0.125398 -0.106934 -0.134206 0.210604 -0.009547 0.171457 0.003075 0.051008 -0.131791 -0.048639 0.076116 0.143840 0.223861 -0.067482 0.222287 0.009560 0.016654 -0.009588 0.007858 0.020891 -0.300289 -0.058608 -0.108620 0.306240 0.091146 0.046995 -0.113052 -0.253007 0.237263 -0.081645 -0.110912 0.100835 0.140143 0.020355 0.100972 -0.035114 0.051689 -0.069431 -0.089196 0.268354 -0.023455 -0.057409 0.063700
pharma 0.167639 -0.117393 0.121144 -0.312627 0.138368 -0.031538 -0.080834 -0.094624 0.101996 0.027000 0.068066 0.270690 0.009882 -0.043668 0.066175 0.015401 -0.075764 0.201467 0.225297 0.006496 -0.233831 0.159190 -0.118615 0.116332 -0.066477 -0.298517 0.199201 0.048474 0.120102 0.014037 0.085729 0.098116 -0.033160 -0.202712 0.137750 -0.181864 -0.092602 0.260998 0.260306 -0.065852 -0.094906 0.107816 0.114216 0.003788 -0.032501 -0.104009 -0.047077 -0.096452 -0.177031 0.105116
pharmaceutical 0.321320 0.123388 0.120626 -0.176747 0.050926 0.104856 0.056446 0.095861 0.015320 0.084704 -0.031280 -0.176362 0.136879 -0.208631 -0.028558 0.055755 -0.009068 -0.076379 -0.123078 -0.170508 0.167004 0.035211 -0.017325 -0.080730 -0.143829 0.259498 -0.316547 -0.243512 -0.066366 0.176822 -0.205979 0.229227 0.056937 -0.049165 -0.168923 0.141840 -0.001881 0.104341 -0.016147 -0.064012 -0.156472 0.079523 -0.009920 0.081930 -0.168396 0.118542 -0.060733 0.211577 0.187499 -0.081515
pharmaceuticals 0.089678 0.045365 0.100607 -0.221003 0.176451 -0.025431 0.197708 -0.252306 0.100420 0.093598 0.033285 -0.310315 0.119096 -0.123329 -0.095229 0.008580 0.036865 0.084477 -0.190643 -0.074362 0.246851 0.121352 -0.079645 0.004764 0.140986 -0.219292 0.176207 0.053143 -0.103157 -0.050533 -0.095143 -0.182116 -0.276768 0.122829 0.060886 -0.015788 0.203951 0.121376 -0.080113 0.026317 0.034099 -0.105349 0.020033 0.102339 0.209479 0.254802 0.075513 -0.152095 0.173816 -0.043623
photo 0.032430 -0.166894 -0.138972 0.254768 -0.048953 -0.136718 0.081940 0.030687 -0.039936 0.048808 0.085400 0.039768 -0.039906 -0.093291 -0.067080 0.159532 0.147790 0.007983 0.199059 0.017772 0.096643 -0.217353 -0.036694 -0.057053 0.061196 0.195814 0.189509 -0.158438 0.426323 -0.096388 0.074214 -0.145108 0.267589 0.078448 0.043126 -0.079877 -0.019977 -0.082671 0.212977 0.195606 -0.038067 0.149350 0.107059 -0.250607 -0.071837 -0.030479 0.032471 0.172350 0.182055 0.128171
physicians 0.161761 0.155228 -0.122777 -0.082291 0.112527 -0.231407 -0.043261 -0.208336 0.168713 0.017009 0.251906 0.188317 -0.139142 0.066151 -0.119916 0.092934 -0.052095 0.037507 -0.174148 -0.004770 0.248626 -0.098363 -0.123557 0.024429 -0.010530 -0.091772 -0.080609 0.257058 0.115193 -0.071924 -0.124348 0.016380 0.029541 0.102166 -0.061143 -0.001228 -0.105282 -0.176957 -0.029964 0.110990 -0.208639 0.083356 0.187023 0.071812 -0.433255 0.091342 0.184632 -0.109513 -0.000008 0.038178
pillars -0.040759 -0.113458 0.067089 -0.211843 -0.128270 -0.205833 -0.059191 -0.061525 0.068245 -0.110903 -0.072258 0.119038 0.199313 -0.034223 -0.161842 0.086206 0.076518 0.192330 -0.047147 -0.066902 -0.017003 0.018207 0.182548 -0.032310 -0.124574 -0.023391 0.125193 0.045234 0.001153 0.087434 0.142561 -0.139687 0.152502 0.102948 0.308001 -0.049429 0.190446 0.172366 0.169902 -0.089786 0.057011 0.084544 0.110783 0.042889 -0.017111 -0.029537 -0.508401 -0.198090 0.063976 0.178208
pioneers 0.149258 0.057769 0.111827 0.095205 -0.331302 -0.129626 -0.075396 -0.179370 0.102659 0.111191 0.198264 -0.114535 0.067094 0.067255 -0.009577 0.183480 -0.097690 0.044602 -0.109303 -0.130851 0.052968 0.154136 0.075156 0.003291 0.206518 0.229407 0.067616 0.113744 0.249349 0.260192 0.101426 0.086133 -0.250119 -0.202656 0.078661 -0.310101 -0.037789 0.020477 -0.014125 0.057795 0.078255 -0.072943 -0.096641 0.151799 0.005340 0.241488 -0.077354 0.053927 -0.030534 0.117170
pipeline -0.257621 -0.233463 -0.038965 0.044817 0.124375 0.134841 0.009052 -0.101446 0.003022 0.164538 0.081206 0.153246 0.092921 0.071179 -0.072462 -0.101594 0.113791 -0.110530 0.058034 -0.112703 0.010529 -0.035378 -0.031332 0.310748 -0.263673 -0.148829 0.019012 0.149699 0.236800 0.147894 -0.136039 -0.142487 0.008320 0.215532 -0.095437 -0.022493 -0.023571 -0.146818 0.072561 0.213217 -0.043523 -0.096066 -0.156678 -0.215419 -0.212642 0.080061 0.257673 -0.011339 0.206895 0.042300
pipelines -0.192444 -0.254954 0.082034 0.042186 -0.229493 -0.083070 0.129507 0.055167 -0.020841 0.006324 0.204119 -0.036515 -0.027846 0.022124 0.252285 -0.053158 0.201843 0.080415 -0.214748 -0.116765 0.004735 -0.094640 0.203852 -0.078878 -0.358128 -0.077703 -0.145506 0.026051 0.074155 -0.152576 0.423501 -0.084895 0.045047 -0.007426 0.182367 -0.061293 0.064034 -0.019759 -0.004571 -0.076613 0.141919 0.044231 -0.082404 0.173773 0.112037 0.029305 -0.109704 0.136121 -0.017909 0.103931
placing 0.226192 0.045277 0.142412 0.022985 0.022679 0.167349 0.053716 0.141770 -0.148299 0.158675 -0.160578 -0.021888 0.213875 -0.046227 0.150145 0.196329 -0.103769 -0.027600 0.000265 -0.053272 0.084741 0.165688 0.097494 0.031902 -0.048868 0.096084 0.017968 0.013956 -0.132871 -0.129526 0.117240 -0.267593 0.097471 -0.072564 -0.137568 0.150868 0.138034 0.162359 -0.077580 0.187615 0.259649 -0.304424 -0.284923 -0.161461 0.037832 -0.083777 0.237629 -0.095874 -0.125564 -0.017968
plans -0.079031 -0.068000 0.076495 -0.248285 0.155417 0.128342 -0.141757 -0.082682 0.023608 -0.007254 -0.009062 0.186754 0.043323 -0.216923 0.226807 -0.159575 -0.131107 -0.189993 0.115605 -0.172015 0.141090 -0.092209 0.136225 -0.193654 -0.297840 -0.031769 0.055827 -0.190896 -0.019347 0.069445 0.036534 -0.160803 0.128499 -0.165521 -0.051962 -0.093641 -0.042631 -0.172575 -0.224010 -0.006057 -0.213183 -0.173782 -0.022001 0.141175 0.089101 0.204787 0.205882 0.041992 0.014520 -0.150999
platform 0.124491 0.029295 0.026416 0.112040 -0.131650 0.110584 0.036311 0.359915 0.069551 0.006463 0.172567 -0.046707 0.245610 -0.106948 -0.142721 0.020786 -0.084990 0.091271 0.155395 0.094108 0.182743 0.076516 0.048798 0.226843 0.142471 -0.135378 -0.061731 0.025004 0.217109 0.024111 0.147501 0.100060 0.198238 -0.023850 0.085165 -0.219474 -0.105297 0.098875 -0.166533 0.240781 -0.050402 -0.142882 -0.068714 -0.032606 -0.164518 0.124931 -0.125133 -0.114429 -0.334359 -0.050539
platforms -0.129183 -0.135831 -0.073699 0.115863 0.221776 -0.012205 -0.103422 -0.055870 0.045351 0.219705 0.123572 0.283388 0.077218 -0.200048 -0.237210 -0.057117 -0.161355 -0.096213 -0.130753 -0.041675 0.057540 0.318221 0.097770 0.209003 -0.048590 -0.016242 0.117301 0.180613 -0.028882 -0.068064 -0.029308 0.145150 0.143243 0.289772 0.104271 0.074289 0.077413 -0.014049 0.123940 -0.265013 0.036866 -0.010703 -0.227022 0.072816 0.027907 -0.029133 0.113446 0.238865 0.004594 -0.023327
pocket 0.089355 0.078430 -0.277828 0.124684 0.017682 0.158586 0.100033 -0.138036 -0.013672 -0.059875 -0.119887 -0.068706 -0.059008 0.233347 0.016791 -0.054674 -0.329261 -0.089025 -0.193718 0.080142 -0.089119 0.237718 0.135401 0.464470 0.000342 -0.033783 -0.194240 0.066212 0.160304 0.085993 0.004961 0.031180 0.068093 0.017490 0.037405 -0.037576 0.262629 0.140666 0.027960 -0.099408 0.081723 0.096369 -0.040104 0.109848 -0.028985 -0.150494 -0.053421 -0.046555 0.189516 0.130932
police -0.122390 -0.131498 -0.118140 -0.124306 -0.101068 -0.031790 -0.095936 -0.055093 -0.099692 -0.158397 0.272392 0.291317 0.317381 0.309160 0.348684 0.229537 0.210664 0.380583 0.310024 0.188740 -0.008404 -0.042234 -0.020404 0.006922 0.039683 0.050056 -0.005435 0.041547 -0.009884 -0.016592 0.009355 -0.025305 0.043261 0.018193 -0.014425 0.035711 -0.027450 -0.031729 0.021437 0.032478 -0.023970 0.037588 0.019370 -0.019760 0.021716 0.023523 -0.028520 0.016351 -0.039460 0.081202
policies 0.016272 0.122991 -0.168073 -0.199068 0.040489 -0.225604 0.019511 -0.148212 -0.086745 -0.039692 0.017099 -0.182443 -0.091868 -0.274459 0.051615 -0.406862 -0.205245 -0.042176 0.149661 -0.137603 -0.240665 -0.015306 0.002338 -0.098556 0.196208 0.130324 0.098388 -0.018593 -0.142245 -0.032337 -0.059907 -0.066888 0.119231 -0.067677 -0.083199 -0.105418 -0.188660 0.162416 0.030097 0.134339 0.074641 0.192453 -0.007938 -0.150526 0.138686 0.079644 0.115564 0.080571 -0.081546 0.253144
policing 0.353952 0.168651 -0.186970 -0.166313 0.033437 -0.033206 0.095367 0.183811 0.052400 -0.149101 0.100123 0.252879 -0.252988 0.082044 -0.131990 -0.024625 -0.096164 0.003534 -0.014204 0.144205 0.050137 -0.075138 -0.277037 0.142962 -0.216140 0.017235 0.118501 -0.159638 0.029059 -0.024276 -0.038666 0.079495 0.078863 0.081057 -0.064939 0.085253 -0.131005 -0.062244 0.066884 -0.197947 -0.230434 -0.001549 -0.120600 -0.301872 -0.170563 0.031112 -0.156024 0.019807 -0.125890 0.032671
policy 0.065163 -0.070593 -0.016840 -0.034276 -0.210587 0.161460 0.140319 0.164913 0.003266 -0.067667 0.227687 -0.067660 -0.273346 -0.100730 -0.070419 -0.146019 -0.155700 0.108020 -0.128280 -0.097839 0.028589 -0.238464 -0.006802 -0.052444 0.016161 -0.279801 0.074060 0.152711 -0.139186 -0.258309 -0.005069 0.160526 -0.049799 -0.091956 0.086035 0.015133 0.081920 -0.308782 -0.068305 0.196772 -0.185412 -0.077324 -0.071273 -0.080941 -0.158817 -0.234817 -0.242664 -0.030029 0.032460 0.031504
political -0.100248 -0.101580 -0.060969 -0.163862 0.187537 -0.026289 -0.034863 0.052993 0.098492 0.011671 0.048838 0.179958 -0.342940 -0.063358 -0.131150 0.121786 0.122900 0.024833 0.158138 -0.283989 0.165484 0.114518 -0.196310 0.010693 -0.062521 -0.112438 -0.059261 0.068201 -0.105292 -0.024942 -0.025065 0.084592 -0.094245 -0.107516 0.316353 -0.255422 0.124046 -0.123339 0.145480 -0.004813 0.083720 -0.088621 -0.127828 -0.191402 0.093872 0.055940 -0.199703 -0.019337 0.000482 0.329543
politics -0.067231 -0.243003 -0.050275 0.147521 0.186898 0.027707 0.016105 -0.212907 0.347497 -0.245346 -0.015019 -0.060116 -0.167229 -0.000848 -0.038926 -0.148196 0.141701 0.162731 0.154318 -0.090510 -0.079337 -0.260355 -0.181876 0.152775 -0.305139 0.058504 -0.108193 0.007301 -0.115845 -0.127712 0.010024 -0.066879 0.013237 0.048928 0.070298 -0.042452 -0.037021 -0.028435 0.152001 0.043664 -0.199328 -0.004752 0.043268 -0.113767 0.043201 0.135087 0.056420 0.265181 -0.000305 -0.241389
polluted 0.034719 -0.044846 0.079213 -0.052000 -0.151678 0.244491 -0.063140 -0.213086 -0.085790 0.027819 0.012324 -0.185032 0.017322 0.020065 0.031140 -0.161034 0.029629 0.311120 -0.129684 0.041871 0.156854 0.090465 0.133698 0.038127 0.226081 0.188507 -0.072188 0.199219 0.385729 0.106501 0.002582 -0.217425 0.042292 0.055996 -0.061685 0.022756 0.296489 0.022132 -0.140663 0.164522 0.120961 -0.000756 -0.162005 0.167309 -0.117850 -0.004447 0.205616 0.055213 0.050954 -0.054674
polluters -0.027692 0.289591 -0.073595 0.032301 0.016160 0.125472 -0.087851 -0.103894 0.048801 0.020249 0.239617 -0.148586 -0.134048 -0.072224 -0.060769 0.125360 -0.051430 0.241433 0.029203 -0.170172 0.159328 -0.089430 -0.119324 -0.158203 0.174998 -0.009333 0.225326 -0.001060 -0.133400 -0.010862 -0.076682 0.082957 -0.081865 -0.039223 0.138476 0.144056 0.065207 -0.047759 -0.025022 0.132217 0.281919 0.194695 -0.283641 0.214057 0.232594 0.250878 -0.091223 -0.084968 0.038553 -0.153063
pollution 0.076723 -0.014206 0.220444 0.218599 -0.309506 -0.156093 -0.068383 0.060495 -0.014503 -0.077286 0.213874 -0.190166 -0.327148 0.084878 0.160509 0.073028 -0.011497 -0.031860 0.062573 0.089112 0.129220 0.121746 -0.071023 0.420114 -0.148828 -0.222685 -0.146321 -0.105769 0.059123 -0.273305 0.011714 -0.066865 0.028497 -0.045563 0.058108 0.022496 0.024784 -0.042030 -0.099824 0.026911 -0.023180 0.051515 0.017721 -0.074444 -0.110798 0.019075 0.242393 -0.047782 0.013820 0.140241
pool -0.205682 -0.002223 0.207181 -0.108996 -0.165958 -0.107642 -0.217578 -0.002328 0.158515 -0.013385 -0.073401 0.172947 -0.180940 -0.172892 -0.082056 0.035944 -0.135392 -0.183763 0.058573 -0.115184 -0.012080 0.210663 0.031932 0.223326 -0.081068 0.107797 -0.022055 -0.258389 0.088628 -0.045711 0.028852 0.014852 0.223523 -0.267490 -0.196314 0.157066 0.065823 0.055022 -0.025618 -0.168689 -0.072041 0.111222 0.004703 -0.001043 0.258264 -0.011570 -0.165151 0.116415 0.268254 0.078060
population 0.016169 0.196352 0.070459 0.173785 0.177948 -0.017370 -0.005566 0.219779 0.137627 -0.183791 0.107337 0.115337 0.177920 0.085102 -0.084006 -0.034719 0.026823 0.149178 0.068742 0.275720 -0.281602 0.086361 -0.044971 0.047415 0.068435 0.155481 -0.007127 0.050040 -0.153073 -0.063864 -0.071289 0.102398 -0.144366 -0.164175 0.246683 -0.109363 0.099981 -0.308368 -0.074179 0.057751 0.019065 0.253205 0.032764 -0.124402 -0.025527 0.091130 -0.102190 0.320525 0.034696 0.113475
populations 0.193228 -0.099092 0.092049 -0.301338 0.038485 -0.197779 -0.195583 -0.003032 0.217144 0.201906 -0.089843 0.113293 -0.095617 -0.242806 0.002499 -0.145315 0.026839 0.014632 -0.025661 0.123176 -0.102713 0.141265 0.180446 0.013823 -0.144942 0.135919 -0.140044 0.053526 0.117004 -0.045844 0.056443 -0.246929 0.332826 0.107824 0.055325 -0.037263 -0.212412 -0.027223 0.036123 0.092237 -0.178088 -0.210553 0.003043 -0.086993 0.020812 0.171015 -0.061237 -0.158707 -0.085371 0.150589
portfolios 0.071318 0.104619 -0.058972 -0.128440 -0.102870 -0.071595 -0.068079 -0.040840 -0.010576 -0.045461 0.181227 -0.007493 -0.067456 0.106468 -0.072675 -0.071943 -0.084967 -0.063168 -0.152844 0.063835 0.090449 -0.112839 -0.034055 -0.140716 -0.075593 -0.453856 0.146851 0.052092 -0.134853 0.090788 -0.193665 -0.155418 0.019849 -0.054953 -0.047329 -0.138443 -0.059129 0.126419 -0.217542 0.154840 0.416989 0.192148 0.036059 0.159443 -0.059043 0.291121 -0.027551 0.133979 0.125016 -0.016671
possess -0.036296 -0.016278 0.088708 0.262500 0.046460 0.101173 -0.282010 -0.072557 0.071281 0.142197 -0.202688 0.032636 0.092393 -0.241929 -0.367066 0.117377 -0.072600 -0.114708 -0.034318 0.120875 0.106276 0.177011 0.076818 -0.125044 -0.052626 0.204153 -0.073209 -0.054788 0.112132 -0.145416 0.229420 -0.094681 0.067030 -0.032942 0.147545 -0.127019 -0.071103 0.053388 0.264413 0.104522 0.063725 0.068497 0.173558 -0.020507 0.285380 0.162262 -0.043147 0.109455 -0.024446 0.034389
post -0.126510 0.131943 -0.404546 0.143682 -0.332669 -0.027462 0.166662 -0.301324 0.009791 -0.083466 -0.032148 0.025648 0.077480 -0.074212 0.026771 0.158546 0.102572 -0.012272 0.068704 -0.184703 -0.184916 -0.177251 -0.125485 -0.012933 -0.296913 -0.097294 0.047067 0.070600 -0.286302 -0.220121 -0.059410 0.057468 -0.001123 0.133679 -0.087170 -0.044484 -0.023141 0.209884 0.159362 0.034971 0.039355 0.054777 -0.086170 -0.068660 -0.081609 0.015637 -0.030854 -0.051835 -0.084513 -0.005739
potential -0.073903 0.039264 -0.125336 -0.048926 0.094945 -0.205461 0.170243 0.158794 -0.127107 -0.031079 -0.036510 -0.193707 0.099856 -0.014376 -0.125781 -0.125399 0.170924 -0.212097 0.059226 -0.155542 -0.008007 0.220601 -0.106929 0.098690 0.067448 -0.381201 0.067241 0.143051 0.133078 -0.153113 -0.171493 -0.111017 -0.033729 -0.090406 0.176731 0.001934 0.141286 -0.024271 -0.025562 -0.217771 -0.013429 -0.090888 -0.001260 -0.031510 -0.315706 -0.082353 0.097842 0.063496 -0.040442 -0.319251
pouring 0.104983 -0.250423 0.106983 0.216105 -0.046246 -0.122975 0.115511 -0.084734 0.129512 -0.141439 0.081121 0.242900 -0.120232 0.226002 -0.038777 -0.031633 0.017394 0.040202 -0.032304 -0.041507 -0.014856 -0.130089 0.337953 0.240864 -0.057958 0.071490 0.313588 0.071263 -0.039045 0.078428 -0.101171 -0.096165 -0.053814 0.158236 -0.096884 0.064444 0.094830 -0.023435 0.299750 -0.259122 0.166845 0.126097 -0.006357 -0.070362 -0.104257 -0.038881 -0.049447 -0.210387 -0.041403 -0.096419
poverty -0.035750 0.195931 -0.259059 -0.214880 -0.000923 -0.024320 0.159552 -0.057459 -0.039255 -0.086407 -0.048912 -0.214652 0.113346 0.235464 0.153883 -0.244371 -0.013347 0.061433 -0.060814 -0.091298 0.019678 -0.077585 0.221642 -0.002806 0.216936 -0.214950 -0.144244 -0.076110 -0.080883 0.053217 -0.094888 -0.067991 0.116476 -0.058416 0.083099 0.007285 -0.223848 0.191141 0.285626 -0.096803 -0.075392 -0.103444 0.204317 -0.188128 -0.246850 0.081377 0.095720 0.060377 0.091642 0.101615
power -0.130422 -0.244413 0.122140 -0.019736 0.165777 -0.330101 0.012278 0.183623 0.251111 -0.077069 -0.101340 -0.085236 -0.044123 -0.064463 -0.057347 0.059571 -0.007313 -0.173816 0.113925 0.047325 -0.146672 0.242504 -0.034721 0.066225 -0.080870 -0.296893 0.023649 0.089473 0.157584 0.394263 -0.115728 0.159691 0.155078 0.013560 -0.067041 -0.203279 0.015000 -0.089062 -0.062763 -0.029294 -0.122629 0.082334 0.035932 0.007010 0.096641 0.144950 -0.074880 -0.008808 -0.094060 -0.182475
powers -0.150409 -0.123621 -0.020763 0.039080 -0.254325 -0.061496 -0.005118 0.190015 -0.145416 -0.171936 -0.105842 -0.014989 0.285243 -0.114598 0.110278 0.137635 0.114754 -0.133715 0.001935 0.072306 0.266128 0.109805 0.057849 -0.065334 0.098097 -0.054312 0.125695 -0.114875 0.138925 0.104664 0.002352 0.039936 0.322879 0.017146 -0.252102 -0.148581 0.057703 -0.021246 -0.254582 -0.141602 -0.204915 0.122846 0.149087 0.054122 -0.043131 -0.091702 -0.245697 -0.142186 0.122643 0.025572
practice -0.053133 0.037521 -0.235088 -0.162518 -0.032695 -0.069089 0.115331 -0.052482 -0.050206 0.113228 0.065042 -0.031207 0.083034 -0.077608 -0.022082 0.418925 -0.013616 -0.128021 -0.083519 -0.003629 0.162560 0.091717 0.034394 -0.064227 0.196377 -0.151772 -0.046567 -0.224809 -0.108906 -0.164054 -0.024095 0.011320 0.098445 0.103715 0.080440 -0.242518 0.124906 0.253644 0.084208 0.207737 -0.015555 -0.268928 0.033421 -0.041219 0.187383 0.016374 0.120372 0.291151 0.138442 -0.141931
practices 0.197950 0.043145 -0.000995 0.002694 0.166022 -0.270886 0.057003 0.256607 -0.125382 0.069919 0.006436 -0.086103 -0.017789 -0.010711 0.048245 0.133723 -0.301697 -0.025449 -0.034994 0.147396 -0.031553 0.239173 0.092767 -0.098073 -0.111493 0.132550 0.033357 -0.104976 -0.141785 -0.062796 0.021294 0.230590 0.096652 -0.139328 0.260700 -0.202541 -0.041398 0.084540 -0.202680 0.100798 -0.153347 -0.063920 -0.217947 0.073822 -0.103083 -0.034185 0.111427 0.201768 -0.005273 0.293281
pre -0.022042 0.006123 0.247475 -0.094534 0.030821 -0.062988 0.145060 -0.044583 -0.038516 -0.206812 0.215096 -0.109746 -0.025767 0.318053 -0.052544 0.116485 -0.008484 0.062379 -0.026053 -0.047994 0.014630 0.039096 0.263662 -0.092381 -0.085206 0.074121 -0.390495 -0.122414 0.126837 0.020370 -0.130267 -0.141702 -0.124278 -0.176477 0.274732 0.024378 -0.174552 -0.163772 0.057595 0.036962 0.025141 0.298900 0.138313 0.055288 0.115383 -0.168324 0.084249 -0.117071 0.017906 0.023462
precedent 0.145492 -0.090326 0.059937 0.151989 0.015263 0.108519 -0.035071 -0.020577 -0.031887 0.060639 0.160509 0.263666 0.106461 0.235458 -0.251295 -0.176748 -0.062924 0.073675 0.084055 -0.351669 -0.025541 -0.248586 -0.114348 -0.143369 -0.011559 -0.225503 -0.270715 0.162695 0.084737 -0.076215 -0.095849 0.060640 -0.118067 -0.015945 -0.117376 -0.134263 0.138113 -0.084260 0.071984 0.090601 -0.119688 0.090590 0.136899 0.112807 0.044038 -0.135017 0.135251 0.271486 -0.065999 -0.017242
predatory 0.352825 0.198856 0.293897 0.275100 0.238738 0.302233 0.390505 0.205823 0.282887 0.323586 -0.166952 -0.131996 -0.086468 -0.067735 -0.096507 -0.092083 -0.105739 -0.051871 -0.103180 -0.091173 0.064216 0.035935 -0.010190 0.018175 0.016147 -0.010387 -0.003642 -0.046804 -0.004959 -0.061074 -0.036267 0.032354 0.036335 -0.036124 0.003806 0.018919 -0.018075 -0.014840 0.035812 0.061862 0.023863 0.035819 0.007764 -0.056890 -0.077287 0.001856 0.005035 0.023549 -0.050828 -0.022785
premiums -0.277395 0.007934 0.037289 0.095523 0.076196 -0.002176 -0.099829 -0.124819 0.168318 0.003307 0.057428 0.008223 -0.029249 0.022678 0.048083 0.034997 -0.078437 0.147737 0.017657 -0.023492 0.088001 -0.018533 -0.169465 -0.001597 0.103187 0.380891 -0.141306 0.146027 -0.440643 -0.228772 -0.145724 -0.075619 0.109816 0.307294 0.055257 0.233379 -0.049285 -0.108927 -0.183628 -0.030224 0.080375 -0.049794 -0.049112 0.183556 0.058005 -0.153262 0.051701 0.111439 0.084782 0.035593
prerogative -0.168553 0.325463 -0.100623 0.089671 0.080916 -0.011088 -0.206092 0.054993 0.065071 0.103374 0.234184 -0.064344 0.006301 0.306425 -0.098067 -0.101244 -0.117787 -0.063012 0.080372 0.251906 -0.001321 -0.102656 0.119720 0.029254 -0.053222 0.086941 0.157288 -0.076375 0.099258 0.210075 0.075629 -0.039958 -0.039292 0.183823 0.060902 -0.190357 0.035517 -0.063902 -0.437558 0.119287 0.212410 -0.012311 -0.052588 0.055449 -0.033250 0.074878 -0.184265 -0.093251 0.032223 0.063639
prescription -0.081408 0.221911 -0.118620 0.050217 0.069526 0.008623 0.215419 -0.348777 -0.006365 0.138877 -0.137098 -0.019074 0.166474 0.009382 0.032514 -0.168979 0.038519 -0.055946 0.310562 -0.172060 0.028985 0.024809 0.040353 0.002240 -0.079544 -0.232507 -0.088259 0.172674 -0.094998 -0.017546 0.091959 -0.162649 0.171286 -0.043334 0.032483 -0.115708 0.285191 -0.164144 -0.031671 -0.119376 -0.048827 -0.038002 -0.009804 -0.249632 -0.237669 -0.104145 0.189736 0.086515 0.108380 0.157130
presented 0.135499 -0.114793 0.149044 0.214882 0.281144 0.302806 -0.064317 -0.138431 0.028541 0.138393 0.140228 -0.059828 0.029146 -0.071709 -0.159153 0.034181 -0.083444 -0.018477 0.022294 -0.089602 -0.123440 0.187627 0.025384 -0.028009 -0.098760 0.021189 -0.064826 -0.009313 -0.145113 0.071942 -0.442645 -0.027434 -0.144468 0.062873 0.064201 -0.105719 -0.009560 0.047722 -0.250343 0.064552 -0.108647 -0.123477 0.222716 0.285558 -0.058461 0.037616 0.147475 -0.072440 -0.150912 0.055658
preserve -0.188654 -0.124279 -0.042398 -0.227535 0.098585 0.019860 -0.145651 -0.194120 0.009216 0.097348 -0.116368 -0.000982 0.128956 0.159436 0.187217 -0.034045 -0.160874 0.332143 0.055407 0.084643 -0.183561 0.036922 -0.211253 0.092409 -0.229304 0.154090 0.135673 0.126743 0.027470 0.062110 0.204789 -0.180638 0.015094 -0.085810 -0.152915 0.036900 -0.040028 -0.188091 -0.138665 0.220452 -0.065824 0.106901 -0.068149 0.282156 0.159110 -0.055313 0.106098 0.070178 0.118420 0.068158
president 0.031302 -0.224268 0.157723 -0.229720 0.013185 -0.018981 0.100150 0.160903 0.078986 -0.030617 0.095647 0.239500 0.043800 0.007242 0.085685 0.207636 0.065530 -0.169992 -0.332123 -0.059558 -0.065115 -0.002395 -0.213960 0.071705 -0.025204 -0.033406 -0.091978 -0.160746 0.071955 -0.181933 0.010545 -0.012411 0.031127 -0.160413 -0.125289 -0.038433 -0.024304 -0.193809 -0.231122 -0.214592 -0.127966 0.129895 -0.002214 0.235723 -0.040275 0.249558 -0.021936 -0.082010 0.242817 -0.176992
prevents -0.145421 -0.005970 -0.279510 0.142152 -0.175916 -0.056125 -0.192385 0.128687 -0.175588 -0.145522 0.034512 -0.040591 0.123483 0.137458 0.014324 0.122673 0.022242 -0.042818 -0.109826 0.059574 0.262965 -0.097849 0.080949 -0.071304 0.165699 -0.020425 0.063781 0.450892 -0.273406 0.011113 0.147465 -0.298474 0.058875 -0.089471 0.029791 -0.054402 -0.117062 0.003890 -0.157904 0.235833 0.091715 -0.115737 0.065418 0.006064 0.059787 0.010999 0.088562 -0.044523 0.044635 0.089976
previous 0.139334 -0.099695 -0.094616 -0.207598 -0.288703 -0.009099 0.032603 0.051189 -0.274292 -0.116050 -0.013196 -0.069843 0.106921 0.039784 -0.010893 0.261572 0.010305 -0.247654 -0.131578 -0.079062 0.062730 -0.071193 0.180562 -0.014556 -0.052501 0.133467 0.180959 0.194262 0.037197 -0.174115 0.245430 -0.066952 -0.047792 0.091419 -0.111576 0.005297 -0.027373 -0.069037 0.181681 0.046581 0.232379 -0.138093 -0.048063 0.014571 -0.131112 0.277730 -0.255622 -0.157377 0.123030 -0.053900
price -0.171437 -0.049574 -0.057338 -0.082329 -0.104229 0.020002 0.007830 0.202723 0.039530 0.304872 -0.104519 -0.144004 -0.028018 0.160127 0.144708 0.042715 0.118828 0.120762 0.053469 -0.096857 0.021267 -0.236034 -0.028969 0.029191 0.050080 0.061226 -0.193777 -0.125530 0.250435 0.167426 0.132732 -0.229413 0.077973 0.110967 -0.141759 0.012333 -0.165689 -0.142365 -0.072603 -0.037477 0.308123 -0.006164 0.127779 -0.014813 0.169541 0.073498 -0.329694 0.219171 -0.117566 0.040963
prices -0.057552 0.129162 -0.137055 -0.297498 -0.076517 0.031086 0.004128 -0.083239 -0.105605 0.272466 0.149859 0.099449 0.079414 -0.029256 -0.166502 0.029618 -0.012201 -0.115105 -0.186853 -0.052257 -0.102252 0.252424 -0.082421 -0.070696 -0.025829 -0.005451 0.286683 -0.211868 -0.201953 0.116179 0.052554 0.111597 0.164787 0.157844 0.120271 -0.046168 -0.140006 -0.269184 -0.029784 0.067615 -0.153959 -0.089266 -0.046740 -0.006805 0.126628 0.061699 -0.015929 -0.254844 -0.231987 -0.179504
pricing 0.264656 0.172579 -0.064462 0.158387 0.270805 -0.062013 -0.111829 -0.162549 0.244528 0.076836 -0.068593 0.200212 -0.109288 -0.316441 0.219153 0.020324 -0.197635 0.074260 0.058800 0.121519 0.110606 0.041262 -0.026232 -0.038637 -0.018831 -0.142508 -0.057876 -0.069302 -0.024911 0.194933 0.169916 0.017516 -0.058564 0.001055 -0.062354 0.279861 -0.143146 -0.123520 -0.077880 0.139085 0.189591 0.028858 -0.034554 0.112457 0.080939 0.027137 0.023695 0.094396 -0.248625 -0.179711
primarily 0.060724 -0.100128 0.010660 0.248969 0.072804 0.018449 -0.099188 0.026446 0.016955 -0.128517 0.124307 0.150108 -0.083621 0.170011 -0.082121 -0.163919 -0.128037 -0.180187 -0.142458 -0.109310 -0.067742 0.166344 -0.075333 0.047423 -0.195974 -0.076541 0.136525 -0.051355 -0.027077 0.029827 -0.138154 -0.334193 0.104010 0.018755 -0.086620 0.165388 -0.212339 -0.228213 0.172550 -0.146033 0.278951 0.038854 -0.037940 -0.010922 0.187103 -0.202952 0.166014 -0.176253 0.218728 0.081530
primary 0.020544 -0.011779 -0.051466 -0.000346 0.298591 -0.133509 -0.004299 0.109316 -0.051015 0.216155 0.075118 -0.159209 0.058944 0.417519 -0.042901 -0.011079 -0.148643 -0.225888 0.060691 -0.102250 0.062034 -0.030237 -0.034944 -0.370611 0.136997 0.168537 0.012457 -0.039248 0.110912 0.102470 -0.104694 -0.051529 0.046544 0.087833 -0.018176 0.061415 -0.161800 0.134095 -0.091205 -0.074552 -0.128181 -0.314579 0.130731 -0.024258 -0.081910 0.063297 0.184768 -0.180059 0.063575 -0.124404
prior -0.083001 -0.011031 0.093262 0.025569 -0.154477 0.177441 0.221099 0.138172 -0.176683 -0.042996 -0.020645 -0.176687 -0.021610 0.118536 -0.010309 0.171768 -0.059297 -0.029446 -0.324122 0.051786 -0.179955 0.080666 0.224243 0.021575 -0.056669 -0.004120 -0.069689 0.134521 0.149883 0.112031 -0.254174 -0.365853 0.131093 -0.021709 0.230894 -0.072636 -0.097776 -0.185903 -0.141825 0.010123 -0.116885 0.166582 -0.066837 -0.067759 -0.046677 0.029698 0.184722 -0.089665 -0.229280 0.034922
prioritize -0.194423 0.049782 0.152503 0.115322 -0.193656 0.084203 -0.001649 -0.023645 -0.206136 -0.069011 -0.162690 -0.070883 0.115993 0.268833 -0.112945 -0.292865 0.096400 -0.085825 0.036121 -0.387060 0.254858 0.166011 -0.030722 0.182565 -0.191429 -0.152217 -0.003017 -0.065234 0.093266 0.008545 -0.059495 -0.099990 0.005943 0.088448 0.135938 -0.019300 -0.100313 -0.057648 0.046347 0.090264 0.022830 -0.077984 -0.142051 0.090269 -0.067603 -0.194973 0.162828 0.194120 -0.196332 0.058395
prison 0.077906 -0.034918 -0.216305 -0.197071 0.097965 -0.079840 0.052650 -0.016733 0.265173 -0.106700 0.139931 0.085663 -0.204908 0.073847 0.071627 -0.051645 0.059336 0.036368 0.026335 0.014426 0.030106 0.074899 -0.043341 -0.078269 0.026236 0.089279 0.129794 0.211483 -0.146172 0.240100 -0.103317 -0.375584 -0.085398 -0.201314 -0.023787 0.073926 -0.173417 0.097057 -0.239058 -0.318025 -0.062121 -0.075394 -0.221931 -0.039784 -0.203991 -0.071676 -0.143943 0.058348 -0.028390 -0.138790
privacy -0.106852 0.054433 -0.127384 0.097926 -0.194048 0.231655 0.004313 -0.082667 -0.091454 0.125507 -0.017989 0.103042 0.145834 -0.034655 0.065210 0.112469 -0.169753 0.003584 0.107927 -0.020133 0.128684 -0.089082 0.138465 0.114088 -0.351675 0.087371 -0.082005 0.094550 0.185543 0.182262 -0.068721 0.035982 0.030762 0.057728 -0.043364 0.087633 -0.009361 0.341125 0.211875 0.015140 -0.347812 0.159797 0.045227 -0.052947 0.116936 0.063001 0.137994 -0.151996 0.201022 0.205023
private 0.101560 0.144427 0.123834 0.065300 0.043723 -0.073825 -0.033405 0.144025 0.194138 -0.110949 0.135163 -0.076882 -0.205536 0.042319 -0.228945 0.042997 0.018874 -0.177339 -0.004862 -0.287511 0.047624 0.053930 -0.185153 -0.006185 0.018210 0.235513 -0.060750 -0.062294 0.147070 0.085793 0.252230 0.216557 -0.247457 -0.110594 0.197197 0.168531 -0.187569 0.127227 -0.062453 0.076802 0.165223 -0.054718 -0.023952 0.129350 -0.195036 -0.054901 -0.116998 -0.253814 -0.026145 -0.145927
privatization 0.077699 -0.223335 -0.009080 -0.141666 -0.117644 0.192471 -0.130978 0.069839 -0.141373 -0.137326 -0.068896 0.117638 0.077910 0.361225 -0.078857 0.074659 -0.088270 -0.226330 -0.092534 0.242827 -0.018864 -0.047850 -0.090137 0.075727 -0.101090 0.015579 0.139369 0.048932 0.098150 0.082967 -0.254100 -0.158564 0.173166 -0.126975 0.168013 0.117667 0.200672 0.000326 -0.280989 -0.074387 0.089482 -0.144810 -0.185333 -0.008944 -0.207719 -0.086708 -0.007315 -0.140643 0.053410 -0.118261
privileged 0.134901 0.038009 0.154756 0.089800 -0.182447 -0.014905 0.070217 -0.022043 -0.162120 -0.244614 0.188901 0.175489 -0.034142 0.059679 -0.065757 0.185659 -0.054934 0.112857 -0.024822 -0.150605 0.064151 0.126326 -0.026110 -0.009068 -0.066336 0.184042 0.139181 0.203127 -0.068488 0.065106 -0.045842 0.011155 0.076369 -0.130299 -0.286702 -0.245263 -0.002814 -0.445401 0.124577 -0.097287 0.013767 -0.075317 -0.064226 0.099694 -0.114487 -0.052682 -0.137570 -0.029476 0.271245 0.160114
pro -0.120468 0.076189 0.010839 -0.229657 -0.036033 -0.064250 -0.064797 0.110212 -0.210467 0.347051 -0.120963 -0.189991 0.059771 0.008264 -0.244348 0.151930 -0.222001 -0.166781 0.142868 0.230279 0.074939 -0.008934 -0.105445 -0.062405 0.012016 0.084640 0.029409 -0.072997 -0.002713 0.096308 0.072107 0.033128 -0.087628 0.177618 0.149063 0.005147 -0.209816 0.012924 0.058917 -0.340161 0.182459 0.062468 0.120047 0.079077 0.045535 -0.082396 0.126800 0.184180 -0.243593 0.043817
procedures -0.287184 -0.250701 0.013233 0.135967 0.015728 -0.064722 -0.047401 0.054775 0.201612 -0.262653 0.144920 0.112828 0.083410 0.078629 0.056241 -0.121004 -0.120283 -0.169589 0.116329 -0.052210 -0.103385 0.024244 -0.147865 -0.081141 -0.175904 0.163160 -0.069099 -0.055218 -0.077638 0.029138 0.122949 -0.069403 -0.151286 0.072975 0.053753 -0.190594 0.179668 0.270855 0.049427 -0.106594 -0.029101 -0.202812 -0.173018 0.085994 -0.115709 -0.290031 -0.051225 0.076907 -0.282380 -0.092951
process -0.086033 0.025792 0.085283 0.312521 -0.176400 -0.216912 -0.069415 -0.072041 0.036251 0.104040 -0.169473 -0.030270 -0.302689 -0.172279 0.024035 -0.044195 0.125299 0.064579 -0.244085 -0.117100 -0.135808 0.022820 0.346340 -0.162880 -0.151550 0.053536 0.077279 0.102940 0.406852 0.089990 -0.109264 -0.201295 0.065878 0.130900 -0.091351 -0.047917 -0.036159 0.103204 0.113657 0.032634 -0.052448 0.078292 0.042003 0.021067 0.030415 0.034561 -0.044902 0.035957 0.044846 -0.171837
processing 0.109180 -0.235502 -0.088823 0.069995 -0.027139 0.062106 -0.228503 0.001670 -0.040520 -0.463185 -0.156123 -0.071678 -0.068425 0.011781 0.009523 -0.097348 0.255580 -0.008021 0.143823 0.095625 -0.036295 -0.082322 -0.044104 -0.093732 0.063202 0.064090 -0.291132 0.197264 0.119279 0.131973 -0.157011 -0.047272 -0.100755 -0.033908 -0.168123 -0.013145 -0.152602 -0.052624 -0.108571 0.029849 0.139536 0.115234 -0.054263 0.049947 0.000059 0.377285 0.031812 -0.068835 -0.174962 -0.056781
procurement 0.203712 -0.027575 0.000107 -0.587630 0.007431 0.147905 -0.168350 0.199628 0.107130 -0.070768 0.043016 -0.027170 0.040215 0.080415 0.017638 -0.096635 0.026222 0.055961 -0.002801 -0.026875 -0.112802 0.138582 -0.022894 0.020354 0.220032 -0.192714 0.253146 0.115459 0.093887 -0.005666 -0.212669 0.034266 0.248102 0.038155 -0.083528 0.177311 0.039604 0.195800 -0.124851 0.042116 -0.071768 0.017775 -0.216115 -0.026211 -0.068375 0.012465 0.034559 -0.038555 -0.038525 0.096540
produce -0.139930 -0.225127 -0.156455 -0.010629 -0.010234 -0.082058 -0.131911 0.107956 -0.042928 0.240238 -0.081119 -0.014966 -0.306657 -0.249345 -0.266254 0.007005 -0.146881 -0.055618 0.253283 -0.002783 -0.015377 -0.129513 -0.003430 0.136898 0.060723 -0.104631 -0.133790 -0.079339 0.234243 0.004849 -0.090861 -0.006913 0.178483 0.091567 0.073920 0.263230 -0.175672 0.020589 0.055943 -0.048248 -0.064285 -0.180241 -0.248163 -0.192303 0.109242 0.082266 0.135021 0.103387 0.081688 -0.088925
producers -0.044406 0.089374 0.132550 0.023209 0.278767 -0.055113 -0.049620 0.023619 0.020079 -0.126987 0.295856 -0.056601 0.063367 -0.332874 0.087354 -0.241935 -0.317819 -0.041368 -0.189739 -0.028097 -0.032439 -0.056712 -0.180317 -0.127022 -0.004046 0.139775 0.110504 0.130556 -0.246020 -0.120706 -0.110425 -0.122156 -0.170459 -0.000054 -0.018600 0.214773 -0.085820 0.062073 0.002836 -0.057704 -0.078013 -0.263560 0.094362 -0.177173 0.089753 -0.067569 -0.123309 -0.144254 0.030040 -0.031622
production 0.071714 0.011591 -0.048434 0.053915 0.062732 0.040586 -0.008036 -0.083018 0.178686 0.031585 -0.044617 -0.120512 -0.247702 0.276898 0.115819 0.030106 -0.260331 0.081778 0.262798 -0.040645 0.049937 0.213875 0.295198 -0.164878 0.103331 0.101119 0.124825 -0.032500 -0.288266 -0.056767 -0.025244 -0.288360 0.065559 -0.091716 0.011739 -0.100705 0.034746 -0.096962 0.088872 0.000610 -0.210009 -0.176081 0.065271 0.080261 0.181205 -0.264397 0.058071 -0.013550 0.074689 0.143435
productivity 0.019611 0.053868 0.171079 0.152596 -0.295499 -0.074298 -0.007236 -0.184568 -0.134291 0.202599 -0.021757 0.039125 0.131605 -0.046974 -0.153302 -0.012447 -0.108759 -0.013029 0.148597 0.056262 0.196781 0.052275 0.064349 0.212667 0.060027 -0.044114 0.110798 0.111502 -0.086095 -0.011651 -0.201735 -0.075843 0.271180 0.044509 -0.159750 -0.190400 -0.171263 -0.008558 0.150131 0.149254 0.184828 -0.078588 -0.159436 0.146446 0.011817 0.003753 -0.226213 -0.099160 -0.372517 -0.044357
proficiency 0.008480 0.149618 -0.157265 -0.243539 -0.181398 -0.106986 0.120240 -0.047520 0.140818 0.129595 -0.021435 0.125095 -0.131284 0.097410 -0.162430 0.121196 0.159535 -0.074105 -0.055431 -0.131732 -0.092686 -0.297784 -0.215396 -0.120267 0.285599 -0.089465 0.158718 0.065167 -0.150653 0.096527 -0.006405 0.134799 0.149192 0.283322 -0.137206 0.062186 -0.022252 0.123973 -0.105193 -0.018785 0.035313 -0.012043 -0.023900 0.186898 0.082818 0.266383 -0.145489 0.058833 0.028484 -0.201286
profit -0.127956 -0.122391 0.064740 -0.112368 -0.035160 0.244524 0.238571 0.084085 -0.043146 -0.068892 0.160834 -0.051030 -0.047694 0.058716 -0.198789 0.089350 0.206970 -0.095333 -0.040844 -0.221259 0.198607 -0.008379 -0.255926 0.381267 0.092888 -0.055571 -0.048448 0.052593 0.180054 0.102880 0.108828 0.306991 0.078082 -0.030719 0.046429 -0.066534 0.240758 -0.064182 0.027836 -0.077147 0.122547 0.108965 -0.075085 0.038929 -0.108360 0.075238 0.147038 0.198923 -0.015329 0.156084
profits -0.021836 -0.009993 -0.014967 0.209952 -0.167098 0.025411 -0.076414 0.035232 -0.172275 0.361114 0.023826 0.014379 0.065981 0.132786 -0.080370 -0.277042 0.141676 0.039423 -0.026739 -0.070003 -0.035618 0.142156 0.075292 -0.033256 -0.084042 0.072407 -0.214036 0.054883 -0.211117 0.185463 -0.146896 -0.131129 -0.002882 -0.311237 -0.089217 -0.182737 0.167491 -0.197467 -0.253138 0.054907 -0.164034 0.063887 -0.256988 -0.016446 0.102566 0.082198 0.009131 -0.050626 0.132481 -0.109127
programs 0.217165 0.107287 0.152390 0.005941 -0.125497 -0.071705 0.056561 0.023808 0.031323 0.220155 0.070967 -0.085443 0.004336 -0.112320 -0.217034 -0.176935 -0.045057 0.387154 -0.064597 0.131207 0.200292 0.048734 -0.430169 0.164742 -0.044117 0.084347 -0.006924 -0.045011 0.066267 -0.091120 0.033004 -0.228178 0.010416 -0.028815 0.027365 -0.163112 -0.075500 0.037391 0.125803 -0.160236 0.081547 -0.037404 -0.051521 -0.019100 0.151220 -0.129883 0.107391 -0.036279 -0.069676 0.300356
progress -0.044133 -0.094602 -0.097575 -0.098311 0.155746 0.100028 -0.229062 -0.093600 -0.045598 -0.111726 0.007197 -0.038639 -0.063404 0.215916 0.051169 0.209593 -0.073364 -0.228816 -0.027329 -0.006507 0.109563 0.015018 0.374752 0.104977 -0.136718 0.105068 0.244374 -0.003721 -0.247629 0.000387 -0.043112 0.142026 -0.084100 -0.059643 0.073412 -0.145749 0.104295 0.182628 0.177170 -0.002959 -0.048385 0.014205 0.216170 -0.266266 -0.029753 0.022397 0.312152 0.138766 -0.107078 0.059087
progressive 0.304419 0.385277 0.348006 0.297658 0.248896 0.243358 0.206008 0.328624 0.252556 0.226225 -0.105764 -0.136559 -0.058070 -0.097541 -0.098749 -0.092630 -0.059107 -0.115546 -0.151115 -0.108583 0.011280 0.011369 0.057267 -0.016817 -0.018109 -0.089172 0.010522 -0.056039 -0.028423 -0.060799 0.019017 0.053355 0.032079 0.016593 0.006129 0.034551 0.008379 -0.020385 -0.024913 0.059298 -0.114596 0.018543 -0.024012 0.013959 -0.020165 0.020255 -0.040967 0.020781 0.012677 -0.050358
prohibiting -0.017133 0.092002 -0.143229 0.010394 -0.176802 -0.067838 0.028292 0.049667 -0.205669 0.090376 -0.002901 0.188600 -0.225389 0.069001 0.025091 -0.028914 -0.062796 -0.061934 0.247387 0.033444 -0.162865 0.325185 0.209511 0.036708 0.031756 -0.263623 -0.175189 -0.089295 -0.029410 -0.386017 -0.071960 0.057606 -0.118409 0.065472 -0.340181 -0.015608 -0.231172 0.058822 0.073584 0.006917 0.007106 -0.023475 0.162441 0.127024 -0.096726 0.141877 -0.029088 -0.018612 -0.036165 -0.038994
projected 0.011840 -0.020627 -0.005060 -0.029595 -0.004922 -0.023314 -0.065866 0.053483 0.007860 -0.050339 0.051696 0.052524 0.028382 -0.046984 -0.057152 -0.055946 -0.041141 -0.098490 0.006738 0.012112 0.260866 0.302150 0.301520 0.341411 0.207793 0.341944 0.408803 0.305286 0.221703 0.302441 -0.013276 0.031244 -0.008846 0.018835 0.009027 0.051540 -0.089516 0.058238 -0.017465 -0.055902 0.031143 -0.020453 -0.010102 0.004736 0.046047 0.036151 -0.013741 -0.039007 0.078742 -0.043237
projecting 0.035974 0.030218 -0.007246 0.003427 -0.064918 -0.004962 -0.046257 0.025519 -0.015661 0.000879 0.059951 0.027602 -0.037114 -0.064580 0.050164 -0.010086 -0.011584 -0.035439 0.017790 0.045339 0.256405 0.245733 0.355552 0.213538 0.368961 0.320190 0.318704 0.250315 0.339376 0.351254 -0.042944 0.032699 0.011265 -0.004429 -0.049454 0.008513 -0.035731 0.018564 -0.007277 -0.028777 0.027947 0.072397 0.041062 0.049900 0.071292 0.003663 0.029156 -0.065900 0.032113 0.070610
projections -0.025909 -0.024010 -0.042505 0.051352 0.009382 0.035301 -0.017936 -0.034718 0.001981 0.044511 -0.006447 0.054246 -0.013419 0.058212 0.002971 0.017767 -0.012075 0.050954 0.031902 -0.038990 0.265723 0.401138 0.307219 0.350630 0.334628 0.279518 0.350917 0.218396 0.224102 0.277806 -0.067576 -0.032098 0.036543 0.048451 0.013414 0.011902 0.011832 -0.029536 0.110983 0.061622 0.018644 -0.016504 -0.003360 -0.061409 0.022372 0.051150 0.042322 -0.044033 0.001819 -0.046201
projects 0.031144 0.042360 -0.043452 -0.006963 0.008683 -0.049005 0.012804 -0.000168 0.035279 -0.035059 0.007870 0.072748 0.024643 0.075083 0.016846 0.041303 0.014426 0.039935 0.048282 0.086208 0.315884 0.272622 0.203942 0.352209 0.322850 0.255705 0.341783 0.380210 0.286196 0.300123 0.023460 -0.001327 -0.011530 0.019703 0.028322 0.013472 0.058817 -0.036979 0.027211 -0.052241 -0.015274 0.009083 0.020469 0.077746 -0.009855 0.005180 0.006414 0.016101 -0.040028 -0.056102
property -0.179090 -0.041327 -0.110373 -0.107776 -0.148863 -0.122261 -0.068917 -0.159345 -0.220684 -0.033150 0.263733 0.280135 0.317197 0.268152 0.289163 0.282212 0.346625 0.250559 0.219363 0.286237 0.045432 0.024864 -0.039239 0.006729 -0.006655 0.003039 -0.064873 -0.056784 0.003779 -0.037911 0.032002 0.031216 0.034063 -0.065191 -0.023327 0.029467 0.008346 0.020684 0.002199 0.006752 0.022720 0.003617 0.031536 0.006173 0.009771 -0.014717 0.015575 0.038356 -0.045150 -0.019565
proposal 0.042632 -0.205352 0.001500 0.023799 -0.199547 -0.003780 0.177083 -0.148581 -0.141493 -0.212735 -0.148772 -0.240450 0.067891 -0.292024 0.032810 0.089120 -0.092517 -0.170778 -0.026226 0.076109 0.076557 -0.067408 -0.014487 -0.197246 -0.025020 -0.126744 0.036570 -0.114195 -0.080589 -0.084734 -0.263234 0.209869 -0.098556 0.069695 0.075096 -0.148841 -0.120693 -0.243387 0.098152 0.093801 0.150445 -0.093781 0.134287 -0.364387 -0.064527 0.127965 0.125177 0.062806 0.075061 -0.060098
proposals 0.024347 0.007332 -0.002387 0.122140 -0.182582 -0.146353 0.204920 -0.019458 -0.322106 0.211647 -0.158615 0.101108 -0.151239 -0.118314 -0.136560 -0.046946 0.063777 0.149254 0.015470 -0.110212 -0.167663 -0.115007 0.175032 0.005933 -0.165983 -0.146359 0.010200 -0.026430 -0.102289 0.079683 0.278199 0.073483 0.143958 -0.112940 0.174435 -0.036383 0.019233 -0.151893 0.010863 -0.197601 -0.350328 -0.011586 0.010081 0.051839 0.042494 0.098431 0.261612 0.004959 0.143863 -0.177159
prosecutors -0.042573 0.107834 -0.095044 0.184501 0.073474 0.105867 0.059444 -0.013276 -0.031798 -0.005614 0.086687 0.006555 -0.066919 -0.055193 -0.061710 -0.166093 -0.193365 -0.005881 0.023498 -0.058182 0.227560 0.092229 -0.051460 -0.080831 -0.068517 0.049049 0.252053 0.156397 0.262255 0.082897 -0.031905 -0.055445 -0.086847 0.230407 -0.172049 -0.122711 -0.116733 0.323447 -0.317630 0.133596 0.127584 0.070538 -0.309216 -0.124570 -0.041766 0.125739 -0.131052 0.219065 0.082540 0.160612
protect 0.007155 0.019006 0.068724 -0.209989 -0.117665 -0.158505 -0.357545 -0.242840 -0.022051 0.064315 0.075371 -0.007919 0.106729 0.116744 -0.067586 0.047200 -0.095014 0.132715 -0.202149 0.235299 -0.020868 -0.094782 -0.048164 -0.067841 0.305724 0.027019 -0.000510 -0.061864 -0.261402 -0.123807 0.284591 -0.011661 0.077950 -0.000502 0.006141 -0.058425 -0.038606 0.024079 0.262900 0.023550 0.041351 0.084879 -0.043023 0.001882 -0.291431 0.249080 -0.055281 -0.037895 0.078061 -0.176603
protected 0.194926 -0.115207 -0.007477 0.127258 -0.060022 -0.191172 -0.039843 0.121862 -0.005821 0.072402 -0.040600 0.070650 -0.090920 0.009448 -0.035766 0.080668 0.131673 0.065714 0.312403 -0.100117 -0.276995 -0.079429 -0.032460 0.036906 0.096681 0.084114 0.035705 0.047578 0.106260 -0.220623 0.133798 0.229074 -0.020518 -0.144905 -0.026141 0.214423 0.114941 -0.002551 0.265268 -0.094799 -0.229199 -0.218821 -0.149580 -0.135524 -0.194471 0.284764 0.100972 0.065321 -0.075746 -0.204673
protecting -0.020641 0.058393 -0.043697 -0.030264 -0.023420 0.174468 -0.088607 0.135924 -0.017744 0.139957 -0.053653 0.126186 -0.190174 0.327819 0.160883 0.163291 0.182959 -0.059491 -0.045170 -0.104808 0.174911 -0.039820 0.005860 -0.108886 -0.175874 0.088684 0.033332 -0.163090 0.003833 0.285169 0.200902 0.150715 0.088340 -0.171790 0.087987 0.018021 -0.145428 0.112831 -0.117860 0.079515 -0.046454 0.157954 0.250295 0.208894 -0.037350 0.037637 -0.224191 -0.235987 -0.224772 0.062935
protection 0.059931 -0.180759 0.183512 0.028731 0.023598 -0.002156 0.091291 0.226333 -0.002431 0.037105 -0.146728 -0.134996 0.381050 0.061756 0.339966 0.193284 -0.218600 -0.043327 -0.081500 -0.122058 0.094191 0.053571 0.029035 0.052381 0.152409 -0.166940 0.033856 -0.301814 -0.144016 -0.017361 -0.069407 0.096864 -0.170731 -0.074502 0.111758 0.264376 0.164247 -0.144720 -0.073074 0.050853 0.064854 -0.103032 -0.052147 -0.046522 0.048303 -0.168954 -0.038437 -0.121496 0.052104 -0.135827
protections 0.279765 -0.092005 0.040385 0.096574 -0.129972 0.096664 0.163745 -0.238773 0.030443 -0.143119 -0.080714 -0.016504 -0.064459 0.244359 0.123288 0.227673 0.006181 -0.056055 -0.130459 0.022962 -0.159215 0.117759 0.160632 -0.041583 0.041512 0.082780 0.023756 -0.074807 -0.035600 0.222423 -0.282514 0.225650 -0.057570 0.143866 -0.132735 0.203204 0.123705 0.098609 -0.159247 0.080682 -0.055629 -0.209502 -0.041759 0.010428 0.108552 -0.192710 -0.151879 -0.297933 0.004936 -0.005822
protects 0.123293 0.073677 -0.185340 -0.260977 -0.254890 -0.211058 -0.175636 -0.147022 -0.010614 -0.170724 0.061886 0.124479 -0.024217 0.267456 -0.241021 -0.120452 0.141317 0.134732 -0.127593 0.026908 0.183601 0.154732 0.172045 -0.186680 -0.229473 0.115326 -0.042139 0.131833 -0.150288 -0.148479 0.065458 0.077838 0.091910 -0.001613 0.012688 0.126061 -0.029202 0.025075 -0.110629 -0.123641 0.128907 -0.134998 0.088149 -0.082665 0.093701 0.281269 -0.033598 -0.024647 -0.105277 -0.025405
protocols 0.008859 -0.071048 -0.176778 0.053567 0.242219 -0.091316 -0.007329 -0.116479 -0.095117 -0.038683 0.069434 0.151119 -0.070442 0.243235 0.136474 -0.146126 -0.161680 -0.201323 -0.039469 0.004446 0.111854 -0.082508 -0.089310 -0.202861 -0.181594 0.115109 -0.017177 0.043323 0.160465 -0.126841 -0.077479 0.268466 0.076935 0.167488 0.139480 0.017401 -0.104951 -0.142289 0.104425 0.107184 -0.242755 -0.047712 0.308169 -0.017212 0.080559 -0.115607 0.339601 -0.111722 0.132931 -0.060167
proven -0.025356 0.149610 -0.061675 -0.105488 -0.334258 0.144766 0.119137 0.058595 0.073258 -0.168201 -0.248725 0.003739 0.065671 -0.183227 0.047506 0.133469 0.055178 -0.161643 0.083256 -0.118760 -0.014752 0.120405 0.287359 0.055189 -0.101535 0.186468 -0.065436 0.261618 0.022166 -0.097853 -0.181589 -0.034675 0.188933 0.028127 0.078085 -0.323384 -0.031539 -0.073120 0.063915 0.147113 0.043245 -0.136177 -0.132804 0.004252 -0.090623 -0.074877 -0.186755 0.220510 -0.062940 -0.164506
provide 0.010105 0.378921 -0.053073 -0.067770 0.030760 0.067609 0.153615 0.071147 -0.043747 -0.010663 0.003025 -0.076642 -0.020291 -0.118790 -0.122774 -0.095712 0.000140 -0.093583 0.040523 -0.038298 -0.061525 -0.083700 0.179104 -0.117810 0.028179 -0.149330 0.306708 0.038568 -0.132912 -0.160802 0.158099 -0.016280 -0.269027 -0.209310 -0.172599 -0.004832 -0.285898 0.058679 0.068072 -0.349000 -0.005733 -0.207735 -0.065757 -0.098244 0.004117 -0.129302 0.089112 -0.050512 -0.262920 -0.029656
provider -0.126106 -0.185434 -0.142747 0.174497 -0.084570 0.007909 -0.142495 -0.128400 -0.002814 -0.013607 0.153616 -0.201472 0.071285 -0.188426 -0.063531 -0.152857 0.026912 -0.076696 0.188752 -0.029952 0.085232 -0.024231 -0.013465 -0.023939 0.086774 -0.134120 -0.124887 -0.098206 -0.160729 -0.077616 0.019009 -0.104208 0.126009 0.214365 0.077157 -0.374900 0.217184 0.053874 0.136163 -0.075017 0.189742 0.271680 -0.303648 0.029479 -0.068985 0.052461 -0.058329 0.154380 -0.155115 0.180753
provides -0.205231 -0.037977 -0.120559 -0.103937 0.187426 0.334560 0.098211 -0.061589 -0.123699 -0.083540 -0.233568 -0.161899 -0.013339 0.164069 0.008031 0.246263 -0.025088 -0.079905 -0.184401 0.115284 -0.125034 0.170112 0.262155 -0.156394 0.137066 0.099393 -0.135389 0.034571 -0.247791 -0.254041 0.041543 0.104318 -0.102011 -0.078794 -0.045643 0.215012 -0.040865 -0.117974 0.066071 -0.203376 -0.100261 -0.087830 0.056037 0.014747 -0.003118 -0.005600 0.085845 -0.004675 0.195084 0.089953
public 0.278592 0.270711 0.326126 0.363711 0.197049 0.216108 0.270894 0.253719 0.325857 0.273249 -0.089307 -0.203241 -0.122852 -0.152715 -0.091797 -0.162602 -0.083576 -0.119141 -0.065321 -0.150019 0.040248 -0.014098 -0.010552 -0.043178 0.013770 0.080215 -0.024390 -0.012278 -0.025871 -0.007832 -0.010198 0.029866 0.035419 -0.008328 -0.037340 -0.020288 -0.042059 0.016258 0.046324 -0.045554 0.025877 0.008435 0.038327 -0.073732 0.033042 -0.019810 0.005606 0.008630 0.008489 0.065010
published -0.031213 0.057561 -0.039300 0.004358 0.107364 -0.043610 0.005441 0.044546 0.006193 0.044063 0.049015 0.016284 -0.063276 0.055359 -0.101209 0.048587 -0.021341 0.055391 0.085522 -0.020575 0.378223 0.192044 0.197735 0.356819 0.274335 0.370796 0.240709 0.326458 0.316241 0.293687 0.032732 -0.017795 -0.032786 -0.023587 -0.008405 -0.026718 -0.051424 0.085372 -0.009557 0.000469 0.043471 0.009322 -0.006974 -0.007055 -0.042526 -0.041524 -0.017116 -0.103176 -0.042618 0.032519
punishing 0.003604 -0.120961 -0.082893 -0.072289 -0.166615 -0.174586 -0.186075 -0.073439 -0.052087 0.271514 -0.219630 -0.195280 -0.334705 0.199090 -0.025995 -0.058385 -0.010779 -0.033868 0.102765 -0.151518 0.034846 0.119848 0.024823 -0.030521 -0.124458 -0.102702 0.086857 0.021157 -0.034157 -0.220251 0.047047 -0.167798 -0.071369 -0.220282 0.118628 -0.148799 -0.003566 0.008350 0.221447 -0.181849 -0.080293 0.053410 0.104814 -0.004029 0.021028 0.254801 0.172170 0.220474 0.219044 -0.080882
punishment 0.179802 0.039582 0.373291 0.202916 -0.039642 0.063022 0.141401 -0.069501 -0.180104 0.230454 0.018853 -0.014296 -0.136022 -0.101093 0.038984 0.067221 0.124542 0.177769 -0.131352 0.123941 -0.102363 0.120927 0.156885 0.121838 0.154672 0.018895 0.056882 -0.036599 -0.051918 -0.184479 0.154386 0.045758 0.058294 0.144664 0.042457 -0.034826 0.009125 0.092970 -0.095337 -0.384583 0.149722 -0.117634 -0.111294 -0.025720 0.147203 -0.158354 -0.030728 -0.255482 0.180219 -0.103674
purchasing -0.047913 -0.212517 0.092348 -0.117797 0.019829 0.101283 -0.146025 0.067602 -0.113700 -0.078677 -0.002111 0.019246 -0.011045 -0.123958 0.006596 0.362804 -0.146169 -0.044632 0.038992 -0.136713 0.067293 -0.198027 -0.094184 -0.130791 0.122198 -0.301418 0.067824 -0.193695 -0.001335 -0.195827 0.129500 0.106707 -0.274070 0.130587 -0.110721 -0.162170 -0.203446 -0.091577 0.002979 0.062057 0.106051 -0.060053 -0.207770 0.073651 -0.079694 0.233781 -0.081008 0.288504 0.019302 -0.016152
pushing -0.060277 0.266041 0.264955 -0.152447 -0.113154 -0.009879 0.101279 -0.076960 -0.227680 0.152877 0.120796 -0.042757 0.041052 -0.099969 0.046943 0.198837 0.046270 -0.202625 0.084140 0.138426 0.377736 -0.091944 0.017313 0.001795 -0.059022 0.106692 0.072377 -0.014900 0.080664 0.203744 -0.038529 -0.110084 -0.099130 0.164452 0.177277 0.320344 0.060325 0.043454 0.033425 0.062182 0.089281 0.059861 -0.168207 0.149659 -0.170978 0.087531 0.117452 0.109756 0.144821 0.166745
quarter -0.217117 -0.254490 -0.009984 0.074684 -0.006090 -0.054859 0.024201 -0.311611 0.073833 -0.106672 -0.117049 0.273683 -0.150149 -0.095227 0.239596 -0.053501 0.144936 0.119778 0.027306 -0.218785 -0.081133 0.047698 -0.220679 -0.101127 -0.083209 0.072781 -0.057098 -0.011928 -0.033083 0.107251 0.109818 -0.056588 0.074490 0.054600 0.255328 -0.016524 0.035400 0.107068 -0.041298 0.375503 -0.216174 0.072741 0.036959 -0.137553 -0.039496 0.231955 0.118831 -0.097080 0.038791 0.083636
quarterly -0.096757 -0.030967 -0.014435 -0.001031 0.001389 0.055674 -0.031648 0.005340 -0.008045 0.056453 -0.054789 -0.024708 -0.009563 0.011996 -0.001472 0.012400 -0.000125 0.052274 -0.064270 0.058172 0.285455 0.295346 0.331357 0.269896 0.338584 0.345657 0.276448 0.295739 0.331522 0.259173 0.051812 0.076860 -0.008916 -0.002050 -0.001612 -0.066493 -0.045949 -0.013635 -0.041058 0.013518 0.050599 -0.057927 0.047632 -0.034768 0.067538 -0.049736 0.054148 0.027462 0.006217 -0.063099
queues -0.171436 -0.031108 0.064023 -0.190709 -0.158275 -0.095113 0.144528 -0.067674 -0.214972 0.170732 -0.067482 0.119486 -0.129726 -0.243012 0.219331 -0.023659 -0.156844 0.046948 -0.048928 -0.054301 -0.346947 0.013096 0.240428 0.023039 -0.402298 -0.006783 -0.049451 0.052483 0.023881 -0.004845 0.111603 -0.041147 0.001255 0.083955 -0.045645 0.110362 0.123655 0.028471 -0.093120 -0.263562 -0.153252 0.132997 -0.118473 0.054093 0.093579 -0.027169 -0.160313 0.088538 0.069881 -0.190793
racial 0.357167 -0.238010 0.012588 -0.047655 0.052570 -0.065239 -0.099271 0.036439 -0.002480 0.201257 -0.167881 -0.038671 0.134221 0.218657 -0.079928 -0.158617 -0.049457 -0.098881 -0.306918 0.255102 0.041312 0.100740 0.015102 -0.071462 -0.031095 0.090608 0.282151 -0.066973 -0.006668 0.361978 -0.096794 -0.232928 0.054191 0.010053 0.054732 -0.009179 0.118631 -0.056209 -0.011846 -0.042822 -0.181906 0.018991 0.107254 0.139140 0.026601 0.154555 -0.122886 -0.000310 -0.128999 -0.070392
racism 0.113208 -0.116768 -0.017189 -0.310366 0.126584 0.156404 -0.181561 0.036761 -0.044127 -0.245667 -0.053790 -0.008397 0.136434 0.203405 0.002682 0.093745 0.225844 0.032374 -0.253009 0.229089 0.046649 0.030976 0.000810 0.110283 0.050069 0.130527 -0.016418 -0.004889 -0.085944 -0.027684 -0.063851 -0.088083 0.262062 -0.182856 0.387512 0.185696 -0.137374 0.046693 -0.136296 0.034882 -0.012963 -0.139857 -0.231032 -0.067666 -0.062280 -0.074414 -0.002803 0.166199 -0.044691 0.008477
radical 0.121687 0.150710 -0.083062 0.064410 0.074836 -0.040139 0.093556 -0.034941 -0.015491 0.029248 -0.043624 0.209782 -0.179403 -0.065149 -0.013820 0.196563 0.028236 0.023999 -0.201045 -0.044228 0.076881 -0.008355 0.005670 0.107917 -0.063111 -0.224023 0.139176 -0.014186 -0.155851 -0.046077 -0.201187 0.150039 -0.097835 0.070892 0.150977 0.098028 -0.152903 -0.078798 -0.240090 -0.082443 -0.386091 -0.251833 -0.134886 -0.352824 -0.059990 0.214337 -0.113920 0.080204 -0.127614 -0.077482
rail 0.033812 0.112894 -0.042823 0.084338 -0.012481 0.111884 0.219529 0.081490 -0.155662 -0.292912 -0.345667 -0.120239 0.238365 0.187838 0.104181 0.066666 0.190040 0.003844 0.067707 -0.027644 -0.155729 -0.035624 0.120214 -0.011067 0.090194 0.059861 -0.063860 0.075782 -0.025774 -0.078363 -0.078493 -0.182601 -0.086868 -0.168386 0.098908 0.100608 -0.056219 0.099584 0.101429 0.003261 -0.268662 -0.233064 0.239838 -0.170519 0.046367 -0.038907 0.054214 0.148938 -0.002976 0.296300
raise 0.053844 -0.131421 0.217311 0.006269 -0.070657 0.075552 0.017883 0.134309 0.005105 0.300361 -0.151985 0.094097 -0.109605 -0.165898 -0.203087 -0.239163 -0.082070 0.000762 -0.024245 0.129163 0.045553 0.138089 0.018590 0.049538 0.091420 0.156285 -0.040642 -0.039352 -0.156430 0.233201 0.058178 -0.053396 -0.129062 -0.003581 0.013549 0.049918 0.175424 -0.026422 0.186609 0.030151 -0.063563 -0.128682 -0.218322 -0.040786 -0.282560 0.272616 0.173288 0.150570 -0.270416 0.194546
raising 0.329857 0.134031 -0.026335 0.306692 0.107663 -0.045121 -0.052489 -0.358008 0.018831 -0.052352 -0.065090 0.028669 0.127320 -0.079990 -0.056029 -0.202999 0.083476 -0.098397 -0.094820 -0.068405 -0.207204 0.148956 0.143117 0.199361 0.063302 0.169959 -0.112241 -0.158382 -0.045930 -0.056354 -0.053503 0.060332 0.058465 0.112842 0.106211 -0.040106 -0.014358 -0.254609 -0.119050 -0.060812 0.016310 0.202209 0.272760 -0.098877 0.101298 -0.041698 -0.192597 -0.081135 -0.081867 0.145361
rampant 0.161967 0.201061 -0.082937 0.188210 -0.128621 0.055750 -0.105782 0.065917 0.253534 0.005023 0.040859 0.040061 -0.007217 0.032614 0.141027 -0.183651 0.161031 0.024965 -0.000434 -0.026909 0.363788 -0.172768 0.036249 0.086720 -0.084740 -0.162080 -0.202640 -0.148469 -0.169916 0.071894 0.106276 -0.161246 0.030209 -0.011493 0.103605 -0.115389 -0.033220 0.184430 0.039466 -0.258188 -0.170722 -0.111450 0.111525 -0.121483 -0.148803 0.088936 0.044252 -0.126440 0.296997 0.184256
ranchers 0.116351 0.101050 0.130046 0.315003 -0.390385 0.170909 0.022744 0.005435 -0.042046 0.108513 0.145677 0.067574 -0.110959 -0.036382 0.016796 -0.206001 -0.048440 0.047622 -0.206589 0.126893 0.032448 -0.046567 -0.064484 0.096373 0.065860 -0.262851 0.245641 0.142261 0.176154 -0.048503 -0.179815 -0.189418 0.076636 0.133838 -0.070753 -0.032380 0.142357 -0.256702 0.044781 0.201190 -0.026052 0.086287 0.150171 0.118210 0.074134 0.042927 0.006660 0.051171 0.182897 0.004372
rapidly -0.120326 -0.195725 -0.053098 0.094848 0.079388 0.319263 -0.008972 0.132360 -0.062706 -0.124727 0.063641 -0.148467 0.024098 -0.045390 0.112245 -0.109266 0.090634 -0.059305 -0.182204 -0.121992 -0.137756 0.252689 -0.037245 -0.263126 -0.066811 0.173669 -0.077031 -0.019340 -0.170107 0.019204 -0.044161 0.349040 0.134164 0.271672 -0.103606 -0.234412 0.013469 0.330293 0.023685 -0.106358 -0.007769 0.013001 0.070835 -0.033878 -0.138695 0.028392 0.048054 0.123223 -0.080900 0.020373
rate -0.243939 0.112073 0.003044 0.080297 -0.034842 -0.263796 0.016706 -0.013721 -0.218310 0.056404 -0.303685 0.014377 -0.002751 0.353249 -0.137102 0.259334 0.037504 0.090430 0.140222 0.005383 -0.083762 -0.044380 0.206868 -0.054522 -0.009556 0.066621 0.018062 -0.142529 0.185734 -0.238454 -0.024703 -0.216631 0.170066 0.195152 -0.054627 0.150141 -0.061188 0.066407 -0.095903 0.112237 0.084057 -0.012873 -0.093276 -0.098778 0.201751 -0.097187 -0.043299 -0.063609 0.025789 0.207584
rates -0.008299 0.012087 0.010106 -0.018057 -0.074803 0.029824 -0.024386 0.002069 -0.003399 0.010043 -0.032416 0.074282 -0.034943 0.044181 0.003629 0.004031 -0.008090 0.027151 -0.021263 0.011904 0.289877 0.360207 0.387042 0.246739 0.262152 0.240327 0.314680 0.323346 0.319168 0.290823 0.058232 0.066948 -0.006812 0.054415 0.021766 -0.079138 0.027458 0.030878 -0.025301 0.081808 0.055258 -0.002705 -0.015825 0.051558 0.044364 -0.026663 -0.022187 0.006424 0.034387 0.054853
rather -0.036136 -0.142593 0.067792 -0.030592 -0.094465 0.160708 0.135640 -0.040035 0.150277 -0.059093 -0.363971 -0.037478 -0.181874 0.078055 0.096633 0.359367 0.019862 0.117568 -0.039086 -0.122516 -0.078230 0.120747 0.001296 0.157884 -0.005669 0.195425 -0.052309 -0.008243 0.169733 0.137729 -0.028800 -0.094988 -0.002478 -0.085612 -0.166288 0.117978 0.120422 0.123730 0.105167 -0.008818 -0.046547 0.098787 0.067349 0.440477 0.058836 -0.112942 -0.071447 0.037124 -0.259286 0.123138
ration 0.003877 0.176558 -0.030508 0.063825 -0.064145 0.147877 -0.155033 -0.153808 -0.055090 -0.009228 -0.147384 -0.116597 0.165558 0.230275 0.019387 -0.047469 0.087369 -0.094642 -0.003657 -0.092779 0.183282 0.102317 0.074372 0.121280 -0.061369 -0.280989 -0.112395 -0.128066 0.050769 -0.061811 -0.189387 -0.116185 0.044525 0.253108 0.053167 -0.177529 -0.001039 -0.000428 -0.325484 -0.166562 -0.173087 0.101486 -0.037617 0.251933 -0.239479 0.077693 0.150556 -0.013480 0.069508 -0.285161
rationed 0.064717 -0.035961 0.075031 0.129435 -0.016908 0.094927 0.028909 -0.132003 0.222224 -0.245952 -0.015621 0.034900 -0.170968 0.078548 0.008449 -0.009265 0.230536 0.032896 0.134039 0.154948 0.079445 -0.012298 0.097457 -0.292751 0.009181 -0.307045 0.017204 0.031140 0.160349 0.246221 -0.254642 0.037228 -0.134365 0.140296 -0.081543 -0.194077 -0.011342 -0.112809 0.062506 -0.035887 0.150980 -0.089451 0.046913 0.095584 0.117707 0.210518 0.218006 0.098744 -0.229636 0.202994
ratios -0.179427 0.069248 -0.176686 -0.102513 -0.212322 0.109599 0.292529 0.149392 0.048617 -0.015407 -0.231836 -0.098352 0.061226 0.246804 0.016246 0.176209 -0.211565 0.146086 -0.013783 0.136789 -0.165027 -0.090811 0.146326 0.140463 0.100607 -0.156471 0.095819 -0.309559 0.082040 -0.094891 -0.091379 0.201406 -0.029285 -0.021877 -0.012426 -0.085451 -0.170052 0.061789 -0.108695 -0.067223 0.044600 0.256173 -0.104242 -0.038507 -0.026971 0.032417 -0.070219 -0.023691 0.056801 0.283013
re -0.078846 0.006553 -0.305959 0.078925 -0.185852 0.014010 -0.171384 -0.088970 0.035064 -0.092427 -0.069271 -0.052140 -0.213631 0.131564 0.143221 -0.025497 -0.211986 -0.082423 -0.179532 -0.018168 -0.054014 -0.093426 -0.158135 -0.091837 0.150286 0.105561 -0.002744 0.129942 0.063465 -0.278149 -0.037043 -0.148157 0.067183 0.105438 0.264755 -0.134228 -0.038315 -0.071456 0.173937 -0.043127 0.061329 -0.210896 -0.250192 0.033045 0.008893 0.005232 0.083862 0.228424 0.255930 0.237871
reach 0.012664 0.123631 -0.113479 0.062802 -0.027221 0.384112 -0.054111 0.259877 -0.101414 0.163881 -0.093151 0.026144 -0.166207 0.058891 -0.040589 0.217665 0.000453 0.027721 -0.259694 0.149582 0.115584 -0.156791 0.185427 0.017755 0.239247 -0.039331 -0.048663 0.008739 0.026938 -0.002744 -0.190296 0.113988 -0.099332 -0.118858 -0.347935 0.120641 -0.177351 0.184361 0.017977 -0.070623 -0.081913 -0.082930 -0.035768 0.039583 -0.114325 0.110632 -0.238683 -0.119142 0.054507 0.041624
reached -0.106834 -0.092219 -0.015261 0.048302 0.169431 -0.214499 0.031623 -0.095050 0.115559 0.044432 0.105895 -0.177146 0.064148 -0.170361 -0.214566 0.225611 0.117151 -0.198524 0.088886 -0.041504 -0.008147 0.199381 -0.005037 -0.085676 0.015905 0.112813 0.230074 -0.169973 -0.168074 0.280564 0.124056 -0.145320 0.154728 -0.055275 -0.202199 0.022109 0.001120 -0.235977 -0.021784 -0.068010 -0.091046 -0.253330 -0.130025 -0.114084 -0.176293 -0.064975 -0.103098 -0.258929 0.019776 -0.107871
reading 0.127478 -0.154812 -0.217785 -0.079102 -0.147826 -0.053761 -0.035219 -0.137052 -0.088908 0.175254 -0.111613 0.024236 -0.306446 0.000406 -0.090018 0.005360 -0.016460 -0.046796 0.010407 -0.099323 -0.264351 -0.283271 -0.078332 -0.033656 -0.146842 -0.090109 -0.063415 0.056155 0.112129 -0.056225 -0.211564 0.107067 0.053450 0.050890 -0.140879 0.051799 0.023891 -0.314406 0.122761 -0.092792 -0.038760 0.165994 0.115514 0.039489 -0.289563 0.033218 -0.175875 0.109388 0.324017 0.033314
real -0.078818 -0.187958 0.084939 -0.213719 0.036397 0.223829 -0.021002 -0.102001 -0.105883 0.158080 0.092805 0.059135 0.181463 -0.143015 0.322378 -0.088246 -0.204079 -0.009006 -0.046438 0.037288 0.109280 0.007122 0.060480 -0.068603 -0.027794 0.003995 -0.192024 -0.245331 0.215545 -0.088922 -0.172453 0.127312 0.136420 0.108923 -0.005771 0.333583 -0.092279 -0.163195 0.018750 -0.118002 0.156800 0.065032 -0.193336 -0.046934 0.088089 0.168166 -0.061291 -0.198812 -0.162324 0.028580
reallocating -0.106478 0.155012 -0.093294 -0.181310 -0.233328 0.040720 -0.200377 -0.176039 0.241530 -0.161777 0.241459 -0.049735 0.077741 -0.138618 0.120174 -0.049519 0.051420 -0.037008 0.045984 -0.164412 -0.012568 -0.120271 -0.170207 0.004685 0.033602 -0.082693 -0.055663 0.158927 -0.190028 0.125795 0.019593 -0.005789 0.020506 0.211498 0.047608 -0.009695 -0.002506 0.145133 -0.254023 -0.052066 0.065566 0.053310 -0.284078 -0.056847 0.090480 -0.262689 0.014756 -0.201298 -0.218205 -0.224702
rebuilding 0.053447 -0.039692 -0.053364 0.055618 -0.256968 -0.299132 -0.279884 -0.105517 0.156659 -0.200903 0.037202 -0.046507 0.355389 -0.128073 0.024518 0.145616 -0.070382 -0.187923 -0.038463 0.021777 -0.153424 -0.043573 0.227851 0.038729 -0.282737 -0.002844 0.231033 0.042817 -0.097716 0.014940 -0.008919 -0.175791 0.229168 0.177409 0.012538 0.177784 -0.085928 -0.036694 -0.014565 -0.029890 -0.118730 -0.047776 0.113500 -0.036540 -0.117518 0.049347 0.126250 0.029267 -0.121905 -0.102996
receiving -0.093025 -0.024672 0.359529 0.209358 -0.042841 -0.119917 -0.256338 -0.097296 0.066061 0.114153 0.009598 0.000901 0.059359 0.018453 -0.098189 0.095579 -0.194903 -0.018399 -0.007789 0.176786 -0.044727 0.068495 -0.054929 0.126706 0.172988 -0.068732 -0.284059 0.071250 -0.093565 -0.139726 -0.147704 0.143599 -0.057916 0.340078 0.063152 -0.201864 -0.067573 0.056759 0.206112 0.067911 0.183480 0.169594 -0.028861 0.041696 -0.161850 -0.133971 -0.102814 0.096506 0.203162 0.103273
recent 0.122750 -0.183777 0.038793 0.018400 0.157006 0.017124 0.024363 0.015726 0.115732 0.063771 -0.154439 0.069022 0.108269 0.088897 0.017904 -0.105137 0.059272 -0.145940 -0.021386 0.099646 0.191751 0.159716 0.056153 0.180198 -0.242343 -0.212099 0.131710 -0.036953 0.117894 0.123460 0.195114 -0.158859 0.099761 -0.209370 -0.101480 -0.030725 -0.140440 0.016021 0.267575 0.006047 0.089259 0.016453 0.150971 0.105087 -0.304712 0.142993 0.237701 0.223908 0.011511 0.282305
recidivism -0.281014 -0.096014 -0.030210 -0.086541 -0.059230 0.139714 0.219993 -0.062214 0.032321 -0.116755 0.034445 -0.128120 0.042996 0.007142 0.021295 0.041458 0.400879 -0.047982 -0.202941 0.174569 0.009083 -0.011084 0.092478 -0.054514 0.073985 0.118450 0.070410 -0.042869 0.173259 -0.238652 0.191904 -0.083805 0.050806 0.034690 -0.068606 -0.037747 -0.302731 -0.023259 0.154229 -0.091427 0.224300 -0.190677 -0.068502 -0.131032 0.090973 -0.199172 -0.095942 -0.171258 -0.240859 -0.031223
reclamation -0.110663 -0.090798 -0.077796 0.072126 0.098555 0.197763 -0.151930 0.042553 0.074428 -0.082576 -0.167408 -0.028030 0.380548 -0.206857 0.300487 0.168771 0.259640 -0.245431 0.264095 0.186772 -0.031996 -0.129581 -0.031625 -0.062645 -0.033165 -0.240651 -0.004156 0.046195 0.175221 -0.016641 0.174976 -0.141336 -0.116640 -0.090603 0.064505 0.076371 -0.038140 -0.052128 0.029858 -0.114543 0.065963 -0.062048 0.020776 -0.139468 -0.003870 0.108653 -0.202558 -0.127040 0.021062 -0.041517
recognition 0.173023 -0.034590 -0.211252 -0.104156 0.043916 0.197188 -0.018656 0.022479 0.053787 -0.029777 0.087647 0.211031 -0.199518 -0.002339 -0.327970 -0.050699 0.078005 0.239456 0.090089 0.082364 -0.231161 -0.186729 0.014033 -0.131742 -0.295687 0.006037 -0.074425 0.059924 -0.009189 -0.046110 0.178274 0.237617 -0.026048 0.046146 -0.062887 -0.113814 0.334998 0.100821 0.068658 0.024784 -0.158319 0.019406 0.121744 0.099331 -0.228361 0.092296 0.069650 -0.001019 -0.099113 -0.147124
recognized -0.106922 0.053613 -0.235849 -0.187517 -0.014859 -0.071795 0.123444 -0.015504 -0.040600 0.062513 -0.123425 0.081967 0.084710 -0.079736 -0.138905 0.061177 0.294838 -0.106885 0.107817 0.217300 0.109558 0.204936 -0.051824 -0.125098 -0.141165 0.205857 0.047144 -0.096037 -0.202149 -0.012923 0.020682 0.103526 -0.004572 0.096639 -0.017188 -0.202678 0.364639 0.212956 -0.243447 0.111152 -0.051926 0.069162 -0.019946 -0.043072 0.244365 -0.023150 -0.198413 -0.075377 0.176343 -0.087840
recommended 0.110595 0.327546 0.070301 -0.059804 0.126389 -0.112383 -0.190658 0.083233 0.010737 0.013345 -0.280574 -0.167898 -0.305875 -0.057998 -0.033938 0.061020 0.302617 0.050002 -0.143815 0.083111 -0.185266 0.049953 0.135660 -0.042842 0.129520 -0.014045 -0.136280 0.255314 -0.080225 -0.037299 0.119278 0.120207 -0.111017 0.120379 0.217247 -0.008601 0.105350 0.048700 -0.125356 0.179025 0.034561 0.059681 0.093245 -0.045628 -0.106857 0.191762 -0.025698 0.201909 0.186025 -0.006380
recoup 0.024070 0.049551 -0.058895 -0.237513 -0.085148 0.078979 0.107154 0.092491 0.107139 0.162496 -0.246174 -0.145159 -0.122365 0.081154 0.119456 -0.197517 0.017653 0.177980 -0.012192 0.165731 0.008733 0.191051 0.057434 -0.062258 -0.123284 0.005946 0.070348 0.006151 0.375622 0.010227 0.038258 0.164049 0.248432 -0.110742 0.066946 0.331005 -0.208048 0.211001 0.210735 0.079458 0.097667 0.051544 -0.100592 0.028170 -0.031298 0.078242 -0.226057 -0.060545 -0.066938 0.000509
recovery 0.195663 0.056537 -0.141191 0.216614 0.005696 0.259952 -0.007241 -0.117062 -0.083734 0.028943 -0.239227 0.028775 0.235467 -0.146434 0.159074 0.207800 -0.241562 0.004144 0.161269 -0.107898 0.177405 -0.091654 -0.083040 -0.145027 0.006367 -0.078978 -0.128216 -0.186956 -0.036503 -0.033705 -0.080708 -0.131680 0.002698 -0.139468 -0.055900 -0.273988 -0.036716 0.155653 -0.164606 0.096834 0.098718 -0.260189 0.125150 0.143517 -0.119710 -0.136576 -0.046823 0.160080 -0.126867 -0.030105
red -0.142237 -0.053212 -0.114302 -0.008736 -0.337038 -0.120033 0.119281 -0.084019 0.000171 -0.051499 0.019049 0.161810 -0.019762 -0.011920 0.168365 0.125708 -0.200516 -0.052447 0.112164 -0.285520 -0.131114 -0.247288 -0.063315 0.038320 0.113222 0.104344 -0.119838 -0.081437 -0.147765 -0.183337 0.130939 -0.066880 -0.259395 0.318639 -0.162081 0.095189 -0.093795 -0.051890 0.189517 -0.006418 -0.059913 -0.020831 -0.062440 0.003972 0.302708 0.148262 0.065405 0.000794 -0.107639 0.094710
redirecting 0.033249 0.159105 0.023059 0.038223 0.197126 -0.128783 0.034759 0.106776 0.221206 -0.055838 0.116191 0.175691 -0.022608 -0.222921 -0.123516 0.079652 -0.051580 0.218467 0.157332 0.066696 -0.087926 0.007533 0.068924 0.254474 0.115302 -0.226419 -0.251479 0.114615 -0.108867 0.309036 0.131982 -0.093817 0.190130 0.116244 -0.059352 0.065868 0.089990 0.105332 0.002057 -0.272490 0.126504 -0.129319 0.034957 0.040493 0.126284 0.085756 0.139752 -0.213349 -0.029021 -0.167806
reduce -0.276079 0.133684 -0.141100 -0.314133 -0.033822 -0.032812 0.278623 0.236604 -0.086689 -0.059615 -0.273271 -0.192169 0.086185 -0.015651 -0.119941 -0.029542 -0.035811 -0.345836 0.204416 -0.093818 -0.179319 0.025156 0.006434 -0.163204 -0.056831 0.094361 -0.128393 -0.052503 0.109346 0.114596 0.057968 -0.011282 0.063577 0.170607 -0.177741 -0.049034 0.035149 -0.125322 -0.091406 -0.100262 -0.052588 -0.031967 -0.048405 0.005241 -0.017471 -0.295271 -0.098349 -0.027536 -0.032082 0.085968
reduction 0.090365 -0.018089 0.054920 -0.055149 0.091337 0.296491 0.035822 -0.061600 0.114091 0.121373 -0.122866 -0.165638 0.016639 -0.011614 0.164840 -0.143429 0.049300 -0.089507 0.011521 -0.221189 0.090370 -0.157501 0.385398 -0.235855 0.039946 -0.027322 0.067720 -0.013765 -0.266856 -0.172360 -0.029934 0.203717 -0.180255 0.020573 -0.047470 -0.045189 0.171993 0.230204 -0.082447 -0.184362 0.073933 0.034131 0.144952 0.061162 0.234592 -0.124289 -0.183981 0.057855 -0.084973 -0.108473
reform 0.264766 0.189265 0.259131 0.257918 0.293638 0.345314 0.338733 0.290128 0.314841 0.250514 -0.209798 -0.048764 -0.150468 -0.187326 -0.075464 -0.075914 -0.090113 -0.138563 -0.090946 -0.125935 0.035982 -0.024540 0.007168 -0.039310 0.013647 -0.000156 -0.007918 0.026487 0.033019 -0.020442 0.002318 -0.035101 0.000495 0.026217 -0.041434 -0.030649 -0.065392 -0.019946 -0.011003 0.029003 0.016627 0.018806 -0.042626 -0.020966 -0.034431 -0.028684 0.053040 0.049101 0.013533 0.025318
reforms -0.250145 0.049096 -0.014725 0.340159 0.192870 -0.105130 0.075806 -0.064140 -0.051062 -0.001467 -0.178162 -0.052424 0.211032 0.122293 -0.093888 -0.060440 0.193910 0.041472 0.168797 -0.146231 0.048378 0.327223 -0.059241 -0.020497 0.278130 -0.059868 -0.152831 0.049185 -0.028545 0.002912 0.126756 0.110034 0.178034 -0.134604 0.136759 0.217888 0.006291 -0.080615 -0.112226 -0.103849 -0.023321 -0.147092 0.099111 -0.171133 0.222357 0.142238 0.069304 -0.045388 0.145869 -0.093012
refuge 0.054121 0.076134 -0.155147 -0.120281 0.072357 0.056152 -0.206655 -0.240462 -0.018287 0.190039 0.154286 -0.253505 -0.105536 -0.074123 -0.037387 -0.143787 -0.143351 -0.026516 0.057832 0.152974 -0.181920 0.004599 0.127614 -0.120662 0.101330 0.069001 -0.058489 0.020166 0.074653 0.130311 -0.272648 -0.034133 -0.198611 0.128678 -0.190711 0.010216 0.001222 0.175853 -0.219051 0.341604 -0.253175 -0.149434 -0.061373 0.073877 -0.241483 -0.014725 0.058031 -0.009171 -0.075308 0.018370
refusing 0.083414 -0.165674 0.052633 0.014192 0.262863 -0.005731 0.071675 -0.065373 -0.009860 0.129707 -0.073795 -0.097057 -0.022705 -0.251279 0.087154 0.078743 0.100040 -0.333230 0.053737 0.097475 -0.117236 -0.109913 0.258999 0.109535 0.174906 -0.152338 -0.040283 -0.015015 0.010329 -0.056851 0.140227 0.095302 0.153619 -0.007013 -0.199024 -0.136240 0.005819 0.010794 0.146700 -0.330445 -0.106317 0.082536 0.133721 -0.194876 0.092395 0.049161 -0.222948 0.224991 -0.024521 -0.224114
regarding -0.127984 -0.213455 -0.357039 0.161071 -0.021598 -0.101098 0.244656 0.219789 0.023524 -0.006670 -0.025048 -0.148692 -0.019701 0.204378 -0.025327 -0.185862 0.117270 -0.207208 0.215715 0.042571 0.092380 -0.037479 0.034755 0.006912 -0.160115 0.000561 -0.199876 -0.178576 -0.168852 0.379969 0.153161 -0.068878 -0.040759 -0.045815 -0.106335 -0.104390 -0.045288 -0.003563 -0.129831 0.002010 0.068418 -0.082678 -0.046390 -0.104930 -0.064207 0.012987 -0.016152 0.231694 -0.082537 -0.125294
regardless -0.116314 0.315491 0.158586 -0.183426 -0.141652 0.225843 0.077903 -0.011826 -0.004760 0.041344 0.124524 0.030880 0.145003 -0.210452 -0.073345 -0.243933 0.072240 0.007329 -0.097916 -0.126355 0.243078 0.230523 -0.051913 0.015482 -0.000750 0.045819 0.152882 -0.068289 -0.026376 -0.116715 -0.071590 -0.050965 -0.239062 0.089919 0.049175 -0.037150 -0.120533 -0.093310 -0.150182 -0.147684 0.020752 0.024669 0.192542 0.045111 -0.187541 -0.105135 0.065176 0.149054 -0.165216 0.357127
regenerative 0.174467 0.015950 -0.028606 -0.124990 0.002588 -0.282711 -0.086354 -0.099796 0.116791 -0.180225 -0.068425 -0.057415 -0.155825 0.157170 -0.259546 0.027235 0.272593 0.158985 0.181683 0.044965 0.207295 0.159758 0.210889 -0.112179 -0.082861 -0.017251 -0.063892 0.025442 0.145057 -0.068583 0.067811 -0.204888 0.159881 0.082998 0.023969 -0.161030 0.058443 -0.013910 -0.154885 -0.074359 0.092924 0.341808 0.055280 -0.149187 -0.202979 0.085147 -0.054702 -0.183623 0.005831 -0.109038
regimes 0.032951 -0.195187 -0.041640 0.048000 0.067525 0.111543 -0.306191 -0.073507 0.156888 -0.293297 -0.028518 -0.187390 0.026411 0.049066 -0.070250 -0.006915 0.249954 0.171512 0.238504 0.076583 -0.181268 -0.121355 -0.150052 0.054294 0.052855 -0.178399 0.034811 0.004231 0.316960 0.030913 -0.212843 0.205301 0.013676 -0.063063 0.096967 -0.167450 -0.054153 0.064571 0.121202 0.064460 0.162133 0.216737 -0.040182 0.127707 -0.146460 0.014658 -0.167870 -0.077137 0.077545 0.114055
regional 0.141441 0.253599 0.090793 0.059406 0.192896 0.048331 0.076013 -0.063049 -0.007618 0.176150 -0.062473 0.021040 -0.142379 -0.050214 0.096343 -0.087819 0.030680 -0.126668 -0.251996 -0.137721 -0.232464 0.047948 0.085048 -0.042950 0.260951 0.155707 -0.084217 0.070424 0.005171 -0.235361 0.194569 -0.155195 0.054917 0.008912 -0.167680 -0.102955 0.002900 0.029114 0.476191 -0.108289 0.151483 -0.036742 -0.163704 -0.048359 -0.063376 0.063323 -0.162753 -0.139982 -0.033878 0.054033
regions 0.044009 0.018801 -0.214941 -0.179524 0.049982 -0.154792 -0.155919 -0.077392 -0.003110 0.166413 -0.112659 -0.189633 -0.057132 -0.002664 -0.009521 0.116453 0.023295 0.056520 0.047150 -0.056267 0.111042 -0.294283 0.035841 -0.072947 -0.208234 0.121674 -0.097368 0.046330 0.260990 -0.080065 -0.126580 0.063289 -0.232595 0.139721 0.106995 0.055492 -0.212517 -0.111003 -0.020739 -0.139854 -0.016506 -0.026256 -0.014721 -0.085096 0.167214 0.030906 0.154852 0.389500 0.257129 -0.213229
registration -0.044566 0.102144 -0.272059 0.081081 0.087019 -0.113224 0.065024 0.076590 -0.025523 -0.046455 -0.195741 0.047077 -0.140443 0.139299 -0.200563 0.117896 -0.054879 0.127730 0.183437 0.039072 0.194235 0.005640 0.070590 0.097987 0.211844 0.197345 -0.084295 0.192686 0.139244 -0.041296 0.084259 0.252121 -0.004640 0.065058 -0.136168 -0.105789 -0.129914 -0.337139 -0.079250 0.093704 -0.153031 -0.096698 -0.006722 0.219762 0.272529 -0.089332 -0.010399 -0.062510 -0.027300 0.256003
registrations -0.125106 0.028149 0.230492 0.053786 0.147026 0.153273 0.120170 -0.063032 -0.033740 0.034701 0.076384 0.160192 0.143713 -0.075077 0.241879 -0.106331 -0.223328 0.174123 0.051373 0.128359 0.088503 -0.169706 0.226039 -0.284598 0.110429 -0.031732 -0.141331 0.081110 0.025367 -0.207124 -0.025462 -0.051663 0.026695 -0.031388 0.043308 0.004062 -0.109698 -0.064556 0.246188 -0.167026 0.252907 0.374883 -0.104142 0.179029 0.015982 -0.017614 -0.018460 -0.125345 -0.080477 -0.025248
regulate -0.067978 -0.314131 -0.248908 0.091552 -0.158306 0.115639 -0.161892 0.086694 -0.195481 0.024838 0.037222 0.010946 0.042997 0.036011 -0.134770 -0.147897 -0.195661 -0.079248 -0.001474 -0.007236 0.004128 0.142871 0.023516 0.023985 -0.122671 -0.219304 -0.120192 -0.030936 0.051638 -0.180382 0.041445 0.009947 -0.087497 -0.139918 0.191158 0.112687 -0.095478 -0.044383 -0.365795 0.204331 -0.104416 -0.212012 0.059794 -0.002850 0.082562 0.067060 -0.035728 0.114059 0.118738 -0.355946
regulation -0.102013 -0.005282 0.071289 -0.053848 -0.191232 0.136160 -0.063625 0.347103 0.021263 -0.349560 -0.102082 -0.092654 0.191999 0.093951 -0.057687 0.033087 -0.058791 -0.085968 0.346551 -0.004777 0.127246 -0.229653 -0.014870 -0.057367 0.169528 0.111021 -0.163381 -0.040175 -0.044055 0.233028 0.181082 -0.028192 0.065750 0.095977 -0.049373 -0.052810 -0.108271 0.048434 0.191290 -0.297716 -0.152171 0.019847 -0.064720 -0.007407 0.218578 0.004473 0.004947 -0.084529 -0.079315 0.021555
regulations 0.104711 -0.029005 -0.191687 -0.116077 0.051278 -0.112065 -0.118696 -0.057886 0.000903 0.064029 -0.076766 -0.183721 0.069843 -0.021294 0.078297 -0.110686 0.062267 -0.039459 -0.115652 -0.130907 0.039140 0.090656 -0.244845 -0.057044 0.169794 -0.159198 -0.278330 -0.087991 -0.113403 -0.176168 0.149608 -0.087912 0.181876 0.087726 0.415574 0.072249 0.134025 0.051242 0.183237 -0.200820 -0.085166 -0.171873 0.172661 0.203951 0.038147 -0.261162 0.042553 0.014905 0.147570 -0.027142
regulators -0.211750 -0.179133 -0.150990 -0.129996 -0.038782 -0.042180 -0.283039 0.082911 0.037662 -0.090689 0.048785 0.047198 0.103218 0.012554 -0.070065 0.098014 -0.120108 0.130509 -0.236699 -0.308715 -0.118698 -0.160506 0.005306 0.132078 0.020994 -0.103972 -0.224365 -0.009771 0.070817 0.137320 0.061012 -0.250672 -0.011308 0.150402 0.174937 -0.010787 -0.159326 0.093389 0.258583 0.115166 0.217362 -0.048623 -0.182382 0.105443 -0.063577 -0.094999 -0.081527 -0.062451 -0.223328 0.161603
regulatory 0.017874 0.070116 -0.014873 0.000150 -0.166404 0.066568 -0.227484 -0.057946 -0.032405 -0.248338 -0.023803 -0.229269 0.070853 -0.050857 0.174409 -0.050326 0.154842 -0.236919 -0.010124 -0.122688 -0.022037 -0.137833 0.019952 0.305340 0.069086 0.009418 -0.066356 -0.051521 -0.035206 -0.065387 0.072429 -0.223078 0.069114 -0.044631 -0.128117 -0.391399 -0.042594 0.200129 0.060271 -0.117380 -0.266960 0.005342 -0.248247 -0.032906 0.127847 0.032517 -0.053238 -0.185182 0.065572 0.203960
rehabilitation -0.142537 0.130669 0.260835 0.162252 0.119961 0.052108 0.072908 -0.132638 0.019659 -0.115080 0.040953 0.084686 -0.011451 -0.003979 0.056723 -0.067912 -0.097956 -0.230880 0.153554 -0.205676 -0.086690 0.188900 0.017727 0.360501 -0.109170 -0.033921 0.105751 -0.283471 -0.148257 0.184407 -0.052018 0.091292 -0.205301 0.026604 -0.052732 0.188844 0.060137 0.080143 0.020484 0.036639 -0.077920 -0.053770 0.248866 0.107454 0.097667 0.049655 -0.121451 -0.170009 -0.154560 -0.262293
reimbursement -0.084326 0.029252 0.069190 -0.162212 -0.262493 -0.157284 -0.015393 0.041770 0.180297 -0.288562 0.061635 0.142529 -0.032636 0.096308 -0.087888 -0.121530 -0.130711 -0.081152 -0.161003 0.250707 0.072663 -0.192749 0.036189 0.044950 0.060496 0.112569 0.073285 0.289414 0.050655 -0.076187 -0.229695 -0.275919 0.138122 0.089759 -0.014050 0.126494 -0.060887 0.309818 0.059552 0.015332 0.193066 -0.014712 -0.066418 -0.023601 0.158862 -0.123232 0.118892 -0.102655 0.156397 0.113275
reinstate 0.134998 0.161497 0.033023 -0.027310 -0.062466 -0.023348 0.057900 0.343390 -0.123683 -0.111861 0.074541 -0.085843 -0.047209 0.046533 -0.101039 0.038235 -0.138731 -0.131846 0.238817 0.061759 0.169785 0.132109 0.120733 -0.239083 0.084900 -0.050278 0.040344 0.024473 -0.001790 -0.357398 0.213146 0.108543 -0.092861 -0.087208 0.023076 -0.103451 -0.044003 -0.098569 -0.244120 0.157679 0.054391 -0.247267 0.010384 -0.005736 -0.006529 0.175504 0.023793 -0.111060 0.050727 0.353277
relations -0.008654 -0.096874 -0.034523 -0.060940 0.076078 0.130326 0.073430 0.167663 -0.036444 -0.110253 0.248774 -0.039967 0.047155 -0.161041 -0.251554 -0.066060 -0.128860 -0.052167 0.219743 0.197695 -0.104507 0.196477 -0.186737 0.063882 -0.047144 -0.058614 0.024434 -0.140029 -0.044458 0.452324 0.046888 -0.080325 -0.053987 0.069016 0.106661 -0.220749 -0.091450 0.049116 -0.049722 -0.106166 -0.127418 0.275241 -0.238169 -0.086515 -0.044272 -0.112962 0.046722 -0.222445 -0.070625 -0.021196
release -0.023445 -0.087147 -0.011657 0.013504 -0.188278 -0.002557 0.097898 -0.005757 0.090669 -0.043831 0.134267 -0.225124 0.121859 -0.366857 -0.139381 0.104440 -0.187352 0.027829 -0.004460 0.029451 -0.040953 -0.029516 -0.119773 -0.049867 0.026722 0.082493 -0.160588 0.164387 -0.201390 0.031683 0.187258 -0.321268 0.315653 -0.143941 0.072243 -0.126081 0.089890 -0.131946 0.093243 0.075288 -0.019634 -0.259556 -0.022556 0.120479 0.042487 -0.129417 0.255970 0.188735 -0.087208 -0.011337
released 0.018475 -0.001385 -0.009545 -0.012414 -0.036297 0.011557 -0.007205 0.005486 -0.017130 -0.035225 -0.021872 -0.010668 0.015480 0.030380 0.062213 -0.048366 0.140690 -0.029787 0.012800 -0.081320 0.277894 0.352842 0.307699 0.260161 0.259434 0.276632 0.307375 0.289959 0.391192 0.266701 -0.026702 0.069328 0.016194 0.008115 -0.010630 0.006859 -0.025250 -0.070681 0.010399 -0.026869 -0.009178 -0.020961 -0.003444 -0.154528 0.018990 0.049164 -0.011063 -0.068333 -0.024724 -0.072268
reliability 0.086926 0.055633 -0.070525 -0.250050 -0.331339 0.108224 0.061342 0.006541 0.204907 0.115994 -0.055403 0.169557 0.129911 -0.012635 -0.287978 -0.016766 0.190952 -0.275618 -0.127767 0.103731 0.021440 0.208420 0.086149 -0.066092 -0.049881 -0.034827 0.021606 -0.143229 -0.086312 -0.011723 -0.156714 0.220208 0.019627 -0.057147 -0.091789 0.135276 0.238036 0.133763 0.046339 0.002392 -0.160521 -0.057625 0.002720 -0.072362 -0.098921 0.025284 -0.358020 -0.103843 -0.106248 -0.080169
reliable -0.088108 -0.049823 -0.251747 -0.132405 0.195440 0.067035 -0.152655 -0.102269 0.152630 -0.021212 0.046464 0.299989 0.097028 -0.364941 0.027811 0.288473 -0.233043 0.013987 -0.040529 0.025087 0.043424 -0.186554 -0.019777 0.126851 -0.101270 -0.138833 0.172952 -0.075176 -0.023903 0.063113 -0.241753 0.111041 0.063553 0.147158 -0.239919 -0.187884 -0.079649 -0.030274 -0.101192 0.024749 0.066037 0.114172 0.182306 0.063364 -0.002091 0.016443 0.012861 -0.069834 0.031633 -0.204711
reliance 0.127402 0.050999 0.103260 -0.048946 -0.139400 0.098545 0.115943 0.179430 -0.102002 0.025653 -0.162820 0.075177 -0.097012 0.009239 -0.063204 0.050101 0.343211 0.026762 -0.134219 0.206925 0.279561 0.051927 -0.122038 0.216213 0.103113 0.276850 -0.281344 0.385848 -0.103233 0.062205 0.042600 0.003826 0.110319 0.076910 -0.029962 0.093834 0.016953 -0.137867 0.147307 0.101640 0.104694 0.003615 -0.179246 0.061558 -0.064795 -0.174509 0.023625 -0.041923 0.127218 -0.037996
relief -0.066340 0.373787 0.267945 0.235351 0.042719 0.105568 -0.071209 0.021934 -0.016170 0.279972 -0.098725 0.041122 -0.023691 0.167605 -0.035363 -0.150823 -0.138584 -0.045826 0.022687 0.090437 0.184755 -0.117101 0.053593 -0.171234 0.121893 -0.081507 0.166364 0.044973 -0.024004 -0.003244 0.135718 0.003609 0.014101 -0.238515 0.101361 0.131080 0.204866 -0.174448 -0.326002 0.036629 -0.054891 -0.099063 -0.036512 -0.275247 0.054880 0.053345 -0.114628 -0.113183 -0.027003 -0.012657
religious 0.070635 -0.067524 -0.059511 -0.090761 -0.120440 0.000978 0.033971 0.094936 -0.233978 0.076045 0.016810 0.106099 0.059685 0.241176 0.050583 0.037686 -0.069035 -0.013639 -0.120149 -0.119013 -0.024595 0.314404 0.141533 -0.247423 -0.022978 -0.308906 0.093259 0.303225 -0.052124 -0.118610 0.223885 0.060729 0.098097 0.124465 -0.042290 -0.179049 -0.024919 0.207305 -0.154526 -0.091539 0.088944 0.190706 0.129327 -0.033333 0.094677 -0.084345 -0.165348 0.009392 0.171390 0.254881
relocate -0.062548 0.120585 -0.237069 -0.031529 0.129513 0.073426 0.083122 -0.082284 0.074131 -0.059159 -0.246407 0.325811 0.036155 -0.110960 0.198571 0.006674 0.194376 0.123885 0.101342 0.104086 0.008172 0.165963 0.220438 0.005278 -0.155199 0.122642 -0.006525 -0.126121 -0.011402 0.023795 -0.221080 0.156370 0.126160 0.018654 -0.126003 -0.092590 -0.033089 -0.127488 0.170972 -0.053766 -0.186444 0.086357 0.094231 0.028843 -0.238566 0.073300 0.184172 0.371602 0.019677 -0.056446
remained -0.185742 -0.265468 0.259049 0.014302 0.015308 0.085190 0.208472 0.083334 -0.129488 -0.014368 0.107538 0.146234 0.069167 0.004282 0.055589 0.012631 0.107207 -0.008224 -0.180730 0.192978 0.333417 0.018360 -0.319722 0.175719 0.041871 -0.087603 -0.087555 0.164573 0.006280 0.126075 0.003409 0.203251 -0.014400 0.059707 -0.104910 0.260199 0.118732 -0.236713 -0.056227 0.087269 0.082207 0.165337 -0.027373 -0.073243 -0.155420 -0.060271 0.093163 -0.149108 -0.037900 -0.143553
removals 0.022611 0.060490 -0.138659 0.133510 0.145530 0.118141 0.077892 -0.160993 -0.012764 0.131327 0.106985 0.081043 -0.175972 -0.075188 0.209602 0.228473 0.132561 -0.016769 -0.155384 -0.057150 -0.231715 0.196795 -0.041506 -0.034813 -0.223260 -0.072695 -0.088730 -0.008513 -0.127265 0.082762 -0.085476 0.097789 -0.029290 -0.190675 0.175518 0.131730 0.266228 0.057447 -0.035491 -0.232330 -0.259014 -0.001197 -0.025268 -0.162872 -0.042435 0.278059 -0.149207 -0.229773 -0.116962 -0.054518
renewable -0.142277 -0.108109 -0.100308 0.055318 0.131328 -0.268720 -0.129223 0.041084 -0.008419 0.104433 0.147183 0.065163 0.168435 -0.072020 0.382498 -0.193448 -0.071357 -0.022133 -0.111620 0.084155 0.085613 -0.273234 0.110969 -0.074878 -0.028956 -0.067994 -0.175323 -0.048432 0.118928 -0.038452 0.021900 0.013355 -0.167925 0.225756 -0.024147 0.067655 -0.087934 -0.290536 0.029803 0.012726 -0.099949 0.279236 0.017860 -0.164434 0.258267 0.082202 -0.021464 0.000783 0.125790 0.174631
renewables -0.120771 -0.012041 0.107805 0.055987 -0.036028 -0.047681 0.109564 -0.181165 0.083932 -0.055942 -0.080895 -0.025708 -0.051919 -0.163655 0.075624 -0.314287 -0.214843 0.097895 0.035935 -0.164895 0.123686 -0.356527 -0.116015 -0.053712 0.013553 -0.023392 0.207008 0.207573 0.054716 0.218115 0.052504 0.099176 0.196022 -0.030828 -0.002981 -0.001844 -0.121172 0.261391 -0.109743 -0.042240 -0.155860 -0.115621 0.336525 0.177258 0.138297 0.099026 0.091846 -0.132364 0.000398 -0.067196
rent 0.054556 0.071144 -0.122113 0.017221 -0.104003 -0.019357 0.069861 -0.073798 0.072362 0.278864 0.151232 -0.042624 0.161822 0.216038 0.020151 -0.255088 0.092905 -0.135515 0.035648 -0.179010 0.125543 0.128321 0.184168 -0.085912 -0.201265 -0.083369 0.187650 0.124007 0.093433 0.038624 -0.163611 0.232833 0.023242 0.139761 -0.046626 0.148020 0.295993 -0.020365 0.177690 -0.033398 0.188864 -0.150506 -0.115732 -0.048691 0.132077 -0.024247 0.192950 -0.109427 0.021978 -0.281863
rental 0.103370 -0.151845 -0.064988 0.004367 -0.121033 0.000795 0.167238 -0.295727 -0.121987 -0.102636 0.000702 -0.223915 0.054819 -0.154330 0.022967 -0.163487 -0.442409 0.044487 -0.361090 -0.146035 0.024223 0.031130 0.054954 0.074076 -0.095805 0.027545 -0.163391 -0.028819 -0.041643 0.074180 -0.064358 0.069604 0.208425 -0.093701 0.122139 0.072835 0.023008 -0.153278 0.062442 0.163209 0.128745 -0.032570 -0.127204 0.012823 0.136003 0.137617 0.188373 -0.143370 0.102946 -0.155194
repairs 0.116297 -0.256887 0.020511 -0.104975 0.023787 -0.060542 0.090046 0.109555 -0.197337 0.081715 -0.119372 -0.025619 0.053566 0.073949 -0.031703 -0.085654 -0.293884 0.034733 0.311912 -0.000286 0.044177 -0.164329 0.031634 -0.190323 -0.125013 0.025993 -0.027682 -0.217089 -0.234007 0.143133 -0.125628 -0.078258 0.154361 0.206296 -0.126194 -0.266219 -0.110697 -0.165761 -0.091251 -0.203388 0.049614 -0.029542 -0.081365 0.208884 -0.192493 0.121509 -0.093278 -0.172920 -0.052326 -0.075839
repayment 0.017981 -0.077753 0.025628 0.193244 -0.094846 -0.061257 -0.175845 -0.294069 0.110927 -0.226803 0.045607 -0.020223 0.173428 0.003574 -0.025643 0.120915 0.038141 -0.130053 -0.154369 0.011462 -0.035623 0.025933 -0.019509 0.102966 0.368186 0.000486 -0.261531 -0.035388 -0.012647 -0.145318 0.271996 0.082444 -0.238619 -0.140550 0.096328 -0.139840 -0.007773 0.126954 0.103023 -0.026414 -0.079381 -0.052702 -0.141333 -0.096910 -0.115246 -0.006535 0.381373 0.070535 -0.019823 0.125548
repealing 0.092361 0.023220 -0.150714 0.191083 -0.053907 0.006920 -0.156501 0.116501 -0.018152 -0.118810 -0.086918 0.096770 -0.174440 0.033751 -0.056948 0.145711 -0.062138 0.166599 0.123412 0.126845 -0.169443 0.138246 -0.030202 -0.152586 -0.074457 0.008135 0.037918 -0.014365 -0.091239 -0.011829 -0.135526 -0.179988 -0.447010 0.195764 -0.142846 -0.022183 -0.222492 -0.266404 -0.066618 0.036826 0.077324 -0.102732 0.056321 -0.044017 0.061221 0.079660 0.127681 0.104979 -0.190817 0.347943
report -0.012808 -0.049257 -0.086523 -0.021131 -0.059107 0.073387 -0.071076 0.015949 0.011381 -0.008066 -0.071278 -0.040385 -0.061838 0.002820 0.079719 0.013735 0.055694 -0.043554 0.053103 0.050886 0.311570 0.304043 0.325507 0.341942 0.332390 0.297660 0.286143 0.279749 0.209742 0.287419 0.019284 -0.024142 0.021292 0.027934 -0.116344 0.094360 0.055806 -0.013853 0.044819 -0.030297 -0.037933 0.059812 0.002208 0.021822 -0.009026 0.060683 0.006885 0.023272 0.075531 -0.054459
reported 0.058083 -0.052487 0.059757 -0.047767 -0.041223 -0.054341 -0.018450 -0.004435 -0.094034 -0.037832 -0.066050 0.028693 0.013140 0.031254 0.063495 -0.035124 0.022894 0.002771 -0.083523 -0.056227 0.296552 0.351623 0.306122 0.266231 0.292603 0.206333 0.303269 0.285995 0.261088 0.420988 0.020631 0.012294 -0.021090 -0.040690 0.018701 0.028800 -0.094631 -0.052402 0.089380 0.022536 -0.007199 0.006088 0.034358 -0.017950 -0.007889 0.027243 -0.013890 -0.003650 0.004876 0.016062
represent -0.157613 0.049228 0.137494 -0.050535 0.103975 -0.192692 -0.030426 -0.030103 -0.166858 -0.083015 -0.212547 0.137402 0.116982 -0.054249 0.129183 -0.077648 0.195426 -0.136299 0.061001 0.268920 -0.004880 0.046901 -0.168280 -0.004566 0.046951 0.175912 0.141773 -0.083397 -0.234612 -0.082004 -0.151853 0.121423 0.121822 -0.029599 0.100545 -0.000279 0.066386 -0.221049 0.083432 0.127496 -0.104565 -0.454616 0.001794 0.041185 0.019455 -0.198325 -0.142723 -0.178217 -0.162007 -0.022695
representation -0.223188 -0.161034 0.068435 0.100932 0.042438 0.218749 -0.159051 0.004682 0.160613 -0.035651 -0.108122 0.100747 -0.167897 -0.016676 -0.238616 -0.147860 0.060340 -0.020089 -0.058510 0.086607 -0.092006 -0.103258 -0.119235 -0.055132 -0.015219 0.038658 0.428915 -0.160625 0.035195 -0.019559 0.015108 0.185001 -0.056298 -0.207468 -0.094264 0.074987 0.006821 -0.194063 -0.207451 -0.243467 0.146960 -0.076148 -0.027566 0.168745 -0.182444 0.154878 0.076171 0.215813 0.110687 -0.006544
representatives -0.140313 0.105801 -0.024285 -0.186846 -0.145254 0.089940 0.029256 -0.054015 0.134697 -0.070710 0.086781 -0.232916 0.170441 0.033216 -0.091920 -0.178563 -0.242099 -0.127639 0.201962 0.018777 0.019782 -0.230076 0.132282 -0.025249 -0.086544 0.255338 -0.249230 -0.014057 0.045212 -0.115459 -0.017071 -0.184837 -0.196942 0.041444 0.108831 0.175416 -0.104141 -0.237950 -0.064984 0.032362 0.233643 -0.021968 -0.103623 0.225668 0.034749 -0.080112 -0.183970 -0.050241 -0.237117 0.009850
represents -0.013186 0.106933 0.000412 -0.175040 -0.079898 0.023825 -0.007382 -0.102448 -0.050390 -0.113233 0.102681 -0.105103 0.243790 -0.018732 0.090766 0.282594 -0.200983 0.037739 -0.035935 0.041831 0.131958 0.046452 -0.042702 -0.190018 0.186671 -0.179028 0.178423 0.021886 0.007249 -0.123116 -0.071575 -0.265537 0.319648 0.277677 -0.016717 0.161530 0.113188 0.021968 -0.137091 0.021037 0.236625 0.065057 -0.028147 -0.102706 0.192052 -0.320105 -0.015658 -0.109045 -0.041264 -0.008218
reproductive -0.009379 0.296206 0.095257 -0.082657 -0.080156 -0.046929 0.329465 -0.018213 -0.148359 -0.380988 0.096857 0.205581 0.138079 0.024342 -0.236735 0.045831 0.026451 -0.021747 0.074050 0.044018 0.151144 -0.105108 0.107137 -0.230092 -0.003616 0.118932 0.016850 0.062874 0.013108 0.019319 0.103116 -0.032925 -0.132721 -0.024322 -0.142782 -0.145564 -0.340450 0.011990 0.037357 -0.065206 0.116295 0.183666 0.178788 -0.047826 -0.023188 0.126272 -0.179841 0.035199 -0.045494 0.171653
republic 0.232627 0.182220 0.305195 0.325767 0.238460 0.222409 0.354422 0.315591 0.222817 0.263342 -0.100330 -0.071922 -0.119290 -0.203159 -0.170211 -0.191459 -0.086952 -0.098967 -0.120981 -0.180799 -0.025436 0.035262 -0.092923 0.022548 0.015222 -0.031365 -0.139116 0.080347 0.047609 0.007616 -0.005397 -0.037127 0.010316 0.014214 -0.026244 -0.002305 0.026539 0.022876 -0.039140 -0.048698 -0.003301 0.005381 0.024507 -0.057298 0.029002 0.055274 -0.067035 0.024364 0.018689 -0.025374
republican 0.315920 0.312039 0.286371 0.286755 0.290448 0.244522 0.236277 0.302162 0.271403 0.316171 -0.095985 -0.111656 -0.099617 -0.194016 -0.108802 -0.098617 -0.075733 -0.114990 -0.030129 -0.190388 0.053386 0.018531 -0.023435 0.030272 -0.014869 0.023479 -0.044475 0.006250 -0.014479 -0.019341 -0.014239 -0.007134 -0.086064 -0.026272 0.047689 -0.022858 0.026103 0.019746 0.016087 0.030167 -0.026433 0.027328 0.027605 0.031656 -0.001019 -0.029459 0.029609 0.005205 -0.018809 0.002877
requirements 0.308391 -0.310000 -0.082886 -0.030863 0.035829 0.047460 0.012421 -0.137854 -0.062315 0.108266 -0.079745 0.262746 -0.141961 0.092537 -0.004222 0.061081 -0.135945 0.123210 0.004355 0.022128 -0.149798 0.015771 -0.151055 0.024100 -0.146888 0.372776 0.201651 0.011237 0.173737 0.067783 -0.028554 -0.104339 -0.122116 0.015567 -0.142378 0.233617 0.064229 0.170734 0.020442 -0.012599 0.183441 0.025287 -0.055604 0.243706 0.043417 -0.111866 0.114036 0.086910 -0.265213 -0.028709
requires 0.206943 0.211754 0.082738 -0.213945 0.220691 0.234715 -0.121227 0.304932 0.246021 -0.016047 0.071174 -0.037428 0.038377 -0.010633 -0.246403 0.000457 0.173604 -0.098692 0.057972 -0.026086 0.069483 0.056403 -0.123177 -0.085998 0.083083 -0.092747 -0.038326 -0.134480 0.082710 -0.049817 0.048895 0.097522 -0.011425 -0.094485 0.040053 -0.075081 0.250911 0.305955 0.150768 -0.010698 -0.141814 0.005697 0.195453 -0.164960 0.171887 -0.182165 0.028780 -0.183548 0.044113 -0.086313
rescue -0.118077 0.069411 0.324955 0.059950 -0.042905 0.040591 -0.217405 -0.000534 -0.066618 -0.156106 -0.275079 0.033549 0.141674 0.052913 -0.276811 0.062708 -0.112188 -0.226152 -0.022896 0.242903 -0.043512 -0.100212 -0.021542 0.068101 -0.056029 0.158658 -0.049778 0.175685 0.015479 -0.155619 -0.091248 0.156296 0.182326 0.034940 0.048275 0.220117 -0.190507 -0.231583 -0.033270 0.031981 0.011491 -0.128539 -0.015119 -0.056980 -0.037263 -0.162818 -0.255391 0.249572 0.015833 0.004400
research 0.024749 0.172367 -0.389035 0.052692 0.068510 0.013915 0.160295 0.119809 0.010991 -0.136975 0.181704 0.134747 -0.074189 0.113901 -0.002853 0.045092 -0.100760 0.262774 -0.021763 0.098734 -0.082437 0.288465 0.191866 -0.025441 -0.128384 0.061209 0.043572 0.119838 0.084784 -0.127175 -0.079881 -0.122721 -0.003710 -0.021180 0.089040 -0.046476 -0.289560 0.107015 0.018657 -0.103527 -0.140022 0.177490 -0.000618 -0.076184 -0.295320 0.030721 0.171530 0.003740 -0.262096 -0.147452
researchers -0.137997 -0.286636 0.028789 -0.044646 -0.232860 0.356209 0.019974 -0.001075 0.237984 0.122377 0.032626 -0.008080 -0.266052 0.234273 -0.014877 -0.062809 -0.173212 0.039281 0.171142 0.017872 -0.029856 0.056763 0.034706 0.068371 0.021422 0.127231 0.007312 -0.064167 0.139934 -0.078463 -0.034323 -0.137213 -0.015684 0.113114 0.145361 -0.085168 -0.037593 0.113570 0.035718 0.044697 -0.254152 -0.272211 0.281036 0.203863 -0.020149 -0.030097 0.141144 0.109546 0.120350 0.090667
reserve -0.000279 0.017093 -0.010650 -0.121364 0.100792 -0.053185 -0.039144 -0.028359 0.301885 -0.111421 0.150360 0.042283 0.305520 -0.222591 0.018049 0.048973 0.166104 -0.038118 -0.162765 -0.064035 -0.044313 -0.282649 0.138793 0.048215 0.178474 -0.233406 0.040893 -0.336937 0.223011 0.257057 0.097917 0.070907 0.015555 -0.068043 -0.077034 -0.060429 -0.008268 0.164372 0.046694 -0.123868 0.124337 0.061236 0.049403 0.071719 -0.058302 0.316020 -0.029558 -0.041379 0.090157 -0.033191
reservoir -0.098489 -0.032948 0.059459 -0.021446 0.028434 -0.120124 -0.215098 -0.127404 0.088264 -0.164976 0.069467 0.068218 -0.056095 -0.121800 -0.070966 0.180283 0.035580 0.106858 -0.036604 -0.031047 -0.236131 0.031845 0.137879 -0.373089 0.032072 -0.160964 0.035998 0.217630 0.095167 -0.045049 -0.194456 -0.131422 0.110724 0.216185 -0.035320 0.036115 0.071800 0.038456 -0.066981 0.236235 0.000144 0.109121 -0.097991 -0.292222 0.172460 0.019286 -0.177143 -0.240994 -0.283710 0.017292
resilient 0.209228 0.177896 -0.053074 0.162755 0.049981 0.090781 -0.031354 0.152418 -0.199955 0.246591 -0.153482 0.065082 -0.104494 0.002861 0.037185 -0.051671 0.197774 -0.067361 0.335514 0.039085 0.322558 0.063482 -0.036380 -0.040252 -0.027735 -0.026935 0.154746 0.177390 -0.034178 -0.147430 0.293917 0.094490 0.053727 0.194963 -0.146509 -0.067358 -0.007116 0.280641 0.070953 0.092069 0.056043 -0.063903 -0.131092 -0.048031 0.104746 0.073321 0.223924 -0.006536 0.042114 -0.136449
resources -0.107676 0.123261 0.031622 0.090988 -0.008281 0.030033 0.067384 -0.063377 0.012170 -0.048701 -0.198117 -0.100440 -0.117806 -0.029580 -0.017980 -0.184074 -0.025219 0.315982 -0.181066 -0.083129 0.230274 -0.101428 -0.189162 -0.008607 -0.151042 0.055999 -0.047678 -0.040785 0.145607 0.055238 0.058123 -0.107164 0.045333 -0.159998 -0.163332 -0.108307 0.127682 0.097396 0.112432 -0.046011 0.006590 -0.104966 -0.407449 -0.102738 0.001568 -0.202979 0.256399 0.066341 -0.305375 0.215410
respect -0.027653 -0.029295 0.038132 0.105341 -0.227298 -0.029840 0.042263 0.068078 0.117030 -0.155160 0.012106 -0.247507 -0.213403 0.031736 -0.039299 -0.215661 -0.088465 0.098349 -0.212306 -0.005376 0.135763 0.036944 0.329333 0.136445 -0.024184 -0.183708 0.010565 0.127626 0.068139 0.117038 -0.111950 -0.089079 -0.260632 -0.058754 0.040406 0.313437 -0.074052 0.132225 0.045288 -0.077075 0.222661 0.030828 -0.185412 -0.105322 0.024972 -0.043246 0.325199 -0.040756 0.092336 -0.131929
respects -0.076221 -0.056267 0.059189 -0.119536 -0.014544 -0.071544 0.154205 0.010557 0.063987 -0.028425 -0.237246 0.031810 0.030148 -0.138112 -0.174531 0.077307 0.011183 0.317672 0.189947 0.205362 0.099100 0.180541 0.000060 -0.007815 0.073121 -0.072942 -0.059199 0.088274 0.121923 -0.130615 -0.184305 -0.119627 -0.090305 0.086450 -0.134252 -0.133317 -0.104840 -0.363786 0.133820 0.009740 0.182753 -0.134503 -0.036851 -0.317999 0.131105 0.221713 -0.230427 0.027572 -0.098259 0.069731
response 0.030238 0.035105 -0.172111 0.060131 -0.011602 -0.065832 0.119449 0.152173 0.155329 0.020618 -0.123085 0.002467 -0.169673 -0.379316 0.240170 -0.126722 0.046974 0.169639 0.130195 -0.109998 -0.138665 -0.035349 0.010797 0.238933 -0.025026 -0.034654 0.299063 0.256714 -0.065147 0.108774 0.010860 0.011500 0.156726 -0.251455 -0.000280 0.010135 -0.000440 -0.078478 0.204090 -0.055612 0.095476 -0.034505 0.044367 0.192802 0.062525 0.189608 0.080926 -0.223080 -0.042596 0.197883
responsible -0.170570 -0.141397 0.109993 -0.033041 -0.005546 0.114329 -0.046065 0.234808 0.048482 -0.222065 -0.054392 -0.105674 0.200515 0.031604 0.054029 0.071995 0.165198 0.175702 -0.160438 -0.253294 -0.015807 -0.124861 -0.114520 -0.286760 0.086339 0.336142 -0.142862 0.141322 0.005706 0.024684 0.244049 -0.111477 -0.017165 -0.107222 -0.080477 -0.025964 0.120702 -0.010155 -0.132876 -0.036720 -0.112118 -0.202384 -0.036607 0.131676 -0.062653 0.123659 0.330266 0.005114 -0.033730 0.072673
restorative -0.217504 0.333478 -0.058867 0.121624 0.056979 -0.229057 -0.016773 0.251375 0.051618 0.074341 -0.014927 -0.046374 -0.051420 -0.258606 -0.281117 0.005194 0.183992 0.038100 0.144426 -0.072321 -0.138743 0.076505 0.084637 0.198941 0.093923 0.029235 -0.146391 0.000345 -0.029545 0.110179 0.125165 0.023670 -0.137882 -0.048237 -0.017381 -0.248612 0.025918 -0.159836 -0.114673 0.096433 0.157017 0.224442 0.065479 -0.037887 -0.100048 0.320640 0.101704 -0.096976 0.015761 0.075074
restore -0.034590 0.175211 0.263234 0.150138 0.080301 0.113019 -0.045847 -0.077083 -0.108118 0.215313 -0.031809 0.210663 -0.259399 -0.053513 -0.175133 -0.134860 0.079070 0.240255 0.170975 0.148798 0.019068 0.039242 -0.117170 0.107122 -0.018785 -0.139847 -0.277167 0.011127 0.025799 -0.093241 0.028859 0.222680 -0.080670 -0.169959 0.090226 0.019713 0.244543 0.037426 0.196441 0.125376 0.250510 -0.045521 -0.207600 0.012607 -0.142647 -0.114591 -0.047947 0.025659 -0.082789 0.129067
restoring 0.162278 -0.063634 -0.034590 0.133500 -0.172654 -0.181041 0.042323 0.077152 0.225332 -0.106908 0.114034 0.192106 0.020918 -0.090791 0.090735 -0.243245 -0.107143 -0.052389 -0.238664 -0.031325 -0.054854 0.103345 -0.233419 0.091694 -0.111839 -0.076015 -0.422040 -0.127273 -0.002678 -0.076520 -0.056773 -0.232701 0.004660 -0.137656 -0.232540 -0.021501 -0.049468 0.059705 0.088817 -0.140934 -0.038968 -0.048893 0.087542 0.036683 -0.076711 -0.277338 0.013060 0.142644 0.149849 -0.146722
restrictive -0.037062 0.352152 0.024334 0.083248 0.020900 -0.071101 -0.071888 -0.287357 -0.087686 -0.036969 -0.153073 -0.162854 -0.263925 -0.077361 -0.129801 0.171384 -0.143985 -0.097445 -0.309883 0.022216 0.011749 0.218249 0.038408 0.095493 -0.023241 -0.164822 0.300522 0.047117 0.061736 0.105723 -0.047153 0.095124 -0.111664 -0.017670 0.134711 -0.032707 0.030266 -0.071958 -0.169043 -0.207046 -0.064785 -0.253120 -0.055184 0.157197 0.068738 0.005110 0.160347 -0.000397 -0.081500 0.136795
result -0.101435 -0.359969 -0.262912 0.003805 0.051396 0.123373 0.121358 -0.169991 -0.202922 0.250852 -0.133227 -0.085636 -0.238491 -0.215797 -0.097404 -0.187573 0.089824 -0.199302 -0.196352 -0.046094 -0.018174 -0.046223 -0.178764 -0.019878 -0.077042 -0.058604 0.315270 0.031955 0.013469 0.082949 -0.042603 -0.000420 -0.098609 0.000832 0.088375 0.060568 -0.143892 -0.020137 0.144901 0.068298 0.032782 0.223241 -0.013256 -0.106775 0.016141 0.252608 0.096315 0.052668 -0.050769 0.033054
results -0.113336 -0.116511 0.146049 0.107159 0.225049 -0.014400 0.122826 0.013190 -0.006011 0.013752 0.090964 -0.179615 -0.175319 -0.040527 0.280028 0.117161 0.073173 0.141415 -0.078242 -0.042508 0.051398 -0.137214 -0.000963 0.255222 0.183331 0.285625 0.112971 -0.075802 -0.028651 0.246330 -0.170719 -0.040117 -0.154442 0.053636 0.055064 -0.161635 -0.004828 -0.057670 -0.234335 -0.080262 -0.324374 0.076658 0.007029 0.008936 0.295415 0.010759 0.174763 -0.107857 -0.042132 -0.019317
resurfacing 0.010863 -0.094492 0.149047 -0.108518 0.217139 0.029203 0.124543 0.126705 -0.213418 -0.008752 -0.096145 0.150041 0.190232 0.231364 -0.153698 -0.022557 0.012858 0.078222 -0.035618 -0.147812 0.364615 0.021579 0.226540 0.228614 -0.164209 0.167826 0.067454 -0.213025 -0.059630 -0.138082 0.008236 0.068778 -0.010035 -0.049690 -0.130827 0.049574 0.007472 0.076799 0.051265 0.198532 -0.198143 0.120598 0.013265 0.290294 -0.149816 0.028918 0.050941 0.225828 0.027884 0.035305
retail 0.068261 -0.003079 -0.100706 0.048745 -0.366545 -0.002727 0.079426 0.088457 0.050720 -0.232057 0.071268 0.138784 -0.134125 -0.235527 -0.002675 0.281232 -0.344712 -0.128667 0.097248 0.087524 -0.012596 0.026678 -0.113786 -0.084841 -0.100486 -0.115498 -0.198327 0.030404 -0.211147 -0.035469 0.002054 0.007321 -0.014137 -0.059163 0.100505 -0.007585 -0.247422 0.070738 -0.101311 0.026243 0.189833 -0.121377 0.284481 0.001992 0.003279 0.185027 0.056364 0.190248 0.122725 -0.080439
retaliatory -0.023967 0.179353 0.216839 0.163592 0.202189 -0.100264 0.035699 0.005586 0.069543 -0.041461 -0.020180 -0.150538 -0.043386 0.049129 -0.053413 0.026559 -0.066361 -0.153238 -0.075888 0.220563 0.222747 0.064889 0.175499 0.072151 0.026958 -0.063337 0.211325 0.062777 0.291621 -0.036904 0.147348 0.056082 0.018256 0.156035 0.016807 0.348856 -0.075577 -0.184342 0.076415 -0.214328 0.045485 0.143806 0.049767 -0.029674 0.185487 -0.235960 -0.003966 -0.084425 0.211523 -0.246636
retreating 0.194606 -0.051093 -0.261105 0.039845 -0.188665 0.133530 -0.166845 -0.133477 0.046187 -0.036056 -0.212775 0.204121 -0.002098 -0.041132 0.341137 -0.301381 -0.235407 0.043399 -0.131133 -0.117188 0.053045 0.048383 0.051697 -0.013820 0.009705 -0.297023 0.088082 -0.025968 -0.247245 -0.018859 -0.130314 -0.047051 -0.078765 -0.088899 -0.229916 -0.048952 -0.153019 0.083971 0.112057 0.110377 -0.040196 -0.052465 -0.099951 0.026336 0.078916 -0.090959 0.037238 0.121984 -0.180955 -0.120791
returns -0.092330 -0.074805 0.000410 -0.168655 0.177116 0.027658 -0.062868 -0.080473 -0.052486 -0.338953 -0.042253 -0.009772 0.085096 -0.085963 -0.210811 -0.020588 -0.142194 0.041919 -0.200931 0.037662 -0.256490 -0.015222 -0.147587 0.055945 -0.269058 0.190348 0.150001 -0.092748 0.081363 0.011813 -0.144246 0.062988 0.033353 -0.297273 -0.005804 0.068716 0.067883 -0.187568 -0.156402 -0.010632 0.182292 0.274269 0.253314 -0.091716 0.128661 -0.062589 -0.172498 -0.060824 -0.121158 0.040596
review 0.106387 -0.045159 -0.038416 0.134731 -0.043619 0.036680 -0.119135 0.008689 0.133231 -0.048483 -0.113935 0.003465 -0.128272 -0.004875 -0.066818 0.151769 -0.212498 0.094993 0.046975 -0.139434 0.080373 -0.104183 0.017857 0.281696 -0.110776 -0.109179 0.025437 -0.056549 0.334492 0.115251 -0.105514 0.186479 -0.024730 0.217805 0.001096 -0.151014 0.009542 -0.179609 0.088811 -0.156388 0.211851 -0.041550 0.206574 0.048999 0.216315 -0.047649 0.376506 0.203922 -0.124336 0.159398
reviewing -0.116387 0.154689 0.072560 -0.049777 -0.048729 -0.125549 -0.021001 -0.086638 -0.064975 -0.119907 0.135769 -0.014738 -0.142513 -0.071699 -0.351629 -0.236321 -0.106482 -0.174529 -0.093250 0.157633 0.283542 -0.162023 -0.023443 0.068140 -0.164785 0.086133 -0.094924 -0.079832 0.112437 0.254544 -0.197762 -0.131134 0.043325 -0.302718 0.102727 -0.185304 -0.010604 0.001240 -0.109842 -0.342553 -0.059797 0.059328 0.052274 0.037343 -0.049172 -0.026877 -0.114623 -0.001282 -0.132804 0.050601
revised -0.184820 0.326297 0.051299 0.228391 0.039816 0.066820 0.114120 -0.039965 -0.081115 0.151737 0.229419 0.271829 -0.035096 -0.070060 0.057129 -0.006671 0.185363 0.277255 -0.025831 0.124750 -0.101699 -0.154709 0.003551 -0.056437 0.022885 0.140888 -0.240759 0.073566 -0.114177 -0.063552 -0.039915 -0.190383 0.035651 -0.023017 -0.365339 -0.201594 0.088256 0.094976 -0.022921 -0.083294 0.025952 0.105177 -0.002545 0.058861 -0.199215 -0.119612 0.022377 0.158352 0.127237 -0.059828
revitalize 0.040031 0.173157 -0.129102 -0.063611 -0.020141 -0.130513 -0.143422 -0.070746 -0.153665 0.168146 -0.250941 -0.011658 0.099568 -0.016359 0.219814 0.025242 0.236406 0.126728 -0.018880 -0.074587 -0.134534 -0.246018 0.037316 0.049257 -0.245252 -0.197032 -0.303254 -0.090269 -0.177140 -0.063044 -0.041491 0.271746 -0.043125 0.066403 -0.058525 -0.032231 -0.052297 0.067157 0.198191 -0.037079 0.145815 -0.145586 -0.107220 -0.034624 -0.292220 -0.080542 0.056661 0.179507 0.110606 0.083142
reward 0.042006 -0.269747 -0.101172 0.053858 -0.056809 -0.184740 0.053798 0.223757 -0.213594 -0.006451 0.018576 0.042398 0.035275 0.241445 -0.010574 -0.056235 -0.067947 0.152092 -0.083474 0.061415 -0.085281 0.197003 -0.116465 -0.012532 0.273235 -0.056057 -0.132509 -0.209418 0.157222 0.267965 0.060848 -0.079403 0.139765 0.068589 0.176657 0.125688 0.007135 -0.090359 -0.411246 0.023760 -0.046344 0.198642 -0.002094 0.073535 -0.120551 0.123250 -0.070413 -0.115886 -0.049808 0.143537
rewarding 0.027045 0.133742 0.015160 -0.090334 0.026696 0.023365 0.188668 0.034724 0.008514 -0.150048 -0.277211 -0.005024 0.012645 0.100107 0.082044 -0.022797 0.018796 0.129378 0.178892 -0.120331 0.156904 0.090396 0.067582 -0.084454 0.054578 0.172468 -0.049802 -0.069085 0.105357 0.111460 0.199496 0.268442 -0.021399 -0.195468 0.329538 0.269269 -0.130722 -0.192782 0.096081 0.173932 -0.023529 -0.045304 0.173294 0.079263 -0.131469 -0.091123 0.295248 -0.140625 -0.203936 0.089830
riches 0.069591 0.046054 -0.186798 -0.268031 -0.126394 0.036221 -0.024297 -0.024879 -0.105372 0.165099 -0.032852 0.024966 -0.090107 0.203968 0.217584 -0.072965 -0.181134 0.001298 -0.047935 -0.163828 0.027320 -0.020546 -0.090123 0.197615 -0.002803 -0.025000 0.077028 -0.177646 0.072566 0.227736 0.024940 -0.001956 0.004966 0.010736 0.365204 0.103232 -0.021967 -0.077117 -0.197127 -0.234483 -0.043931 -0.315671 0.016973 -0.079466 -0.233801 -0.092357 0.122588 -0.097626 -0.250304 -0.127114
right 0.121706 0.012461 -0.156281 0.216674 0.079494 -0.216371 -0.037439 0.129075 0.105520 -0.038398 -0.032833 0.139437 -0.142436 0.108299 0.084931 -0.040710 -0.060663 -0.155161 -0.155147 0.109683 0.019075 0.058137 -0.193761 -0.117546 0.279927 -0.095498 -0.125838 -0.089988 -0.159277 -0.363945 0.022883 0.153695 -0.214815 0.214272 -0.156414 -0.043348 -0.172883 0.083954 0.047126 0.042905 0.113797 -0.032461 0.060393 0.024046 0.024044 0.203230 -0.054972 0.300771 -0.207613 0.002324
rights -0.060227 -0.083855 0.112356 -0.179475 0.189159 -0.068787 0.218360 0.002764 -0.152515 -0.049424 0.031562 0.198800 0.189589 0.052579 0.154192 0.172375 0.191007 -0.146267 0.111512 -0.007244 -0.252924 0.125126 -0.226992 0.071278 0.104712 -0.295914 0.065728 0.110931 -0.077446 0.071199 0.164445 0.017254 -0.024298 0.035942 -0.065230 -0.251352 0.129539 0.042269 -0.211649 -0.186283 -0.020814 0.026695 -0.132978 -0.058525 -0.105646 0.269947 -0.063890 0.220815 -0.025682 -0.102760
rigorous -0.153875 0.057674 0.079986 -0.012883 0.033379 -0.153182 0.022933 -0.149922 0.044454 0.044753 -0.247866 0.015615 0.033677 0.147318 0.276715 -0.252360 -0.035357 -0.020121 -0.138213 0.094946 0.082334 0.028558 -0.033010 -0.079397 0.008687 0.179821 -0.479029 0.101005 -0.268312 -0.006007 -0.048139 0.184213 0.096507 0.065568 0.015001 -0.067885 0.111296 -0.048247 -0.038842 -0.185937 -0.086881 -0.164328 -0.092695 -0.084841 0.015911 0.020307 -0.223660 -0.103694 -0.134421 -0.256673
rise 0.062359 0.035078 0.151323 0.094366 0.050160 -0.086082 0.189267 -0.050061 -0.239561 0.050282 0.222969 -0.177436 -0.079030 0.112635 0.042029 -0.012740 -0.164402 -0.092647 -0.094849 -0.073811 0.086210 0.163511 0.206526 0.061903 0.013719 0.131624 -0.024590 0.068706 0.169203 0.112889 0.089569 -0.150073 -0.087478 -0.082846 -0.040154 0.078765 -0.126621 0.264314 -0.248585 -0.036186 -0.081448 0.045378 -0.111993 0.092168 0.177346 -0.248797 -0.140656 -0.310989 0.316669 -0.127240
risk -0.005830 -0.037070 0.147772 0.268887 -0.019293 0.115909 -0.040791 0.044846 0.089297 -0.234278 -0.040162 -0.095388 -0.010879 -0.086896 0.092533 -0.151731 0.260342 0.079508 0.077209 0.182695 -0.077983 0.136809 -0.110639 0.245348 -0.291684 0.040539 0.120292 -0.381134 -0.050904 0.120411 -0.182719 0.086222 0.059957 -0.115028 0.081103 0.040263 -0.040682 0.047987 -0.060747 -0.282883 -0.020455 0.185697 -0.170412 -0.171699 0.095363 -0.057357 -0.187182 0.025831 -0.068230 0.015678
risks 0.290671 0.179888 -0.058247 -0.065687 -0.300110 -0.082133 -0.157950 -0.042923 0.126424 -0.029301 -0.064214 0.016394 -0.110081 -0.153710 -0.222689 0.113232 -0.046510 0.062330 0.115942 0.165355 -0.275647 -0.031195 -0.015659 0.075781 -0.142304 0.176414 -0.034280 -0.091021 0.076709 -0.012623 0.037753 -0.098118 -0.099998 0.080372 0.160985 0.022265 -0.001698 0.154899 -0.194312 0.097398 0.189570 0.143616 0.211667 -0.224494 0.165252 0.119036 -0.094243 0.169620 0.268087 0.088723
risky 0.185524 0.004606 -0.059047 0.007954 0.110482 -0.133448 0.197739 -0.252730 0.166854 -0.151320 0.047057 -0.024779 -0.116431 0.004386 0.161025 -0.011815 -0.006012 0.000943 -0.163057 0.203037 -0.134049 -0.156001 -0.103505 -0.000449 -0.045796 0.231127 0.004806 -0.243032 0.128001 0.070897 0.059775 0.440284 0.224284 -0.150983 0.018762 -0.004810 0.211771 -0.108595 0.042386 0.158130 -0.107121 -0.164885 -0.030104 0.135546 -0.060029 0.032170 0.164152 0.095651 -0.015973 -0.160190
river 0.101846 0.046576 0.090943 -0.068183 0.072247 -0.283886 -0.073362 0.051509 0.211420 -0.091036 -0.122189 0.195018 0.025646 -0.181705 -0.215675 -0.016501 -0.109539 -0.039787 -0.062736 0.155534 0.149929 0.102742 0.035778 0.047501 -0.180481 0.203182 0.112173 0.128061 0.134105 -0.031983 -0.134972 0.145337 -0.009239 0.206489 0.127444 0.028071 0.053706 0.045667 0.262286 -0.106283 0.091509 0.151321 -0.069968 0.243684 0.330493 -0.190967 -0.201125 -0.018358 0.076443 0.148760
roads -0.073863 0.026278 0.050021 0.145773 -0.099576 0.044700 0.090271 0.091030 0.013381 -0.082168 0.134256 0.020974 0.140457 0.079343 0.142888 0.001848 0.022306 -0.156852 0.202060 0.132773 0.084924 0.367660 0.155320 0.237636 -0.050900 0.327466 -0.116219 -0.033935 -0.000915 -0.066806 0.132286 0.098531 0.054010 -0.022999 -0.354276 -0.105213 -0.098177 -0.145515 0.225578 -0.105016 0.043651 -0.177055 0.155010 -0.101758 -0.178817 0.044273 -0.015287 0.244020 0.039314 -0.107560
robust -0.085462 -0.152109 -0.070087 0.128506 0.046215 -0.010794 -0.096569 0.078718 0.011671 -0.171485 0.116610 -0.289951 0.007989 -0.216165 -0.064720 -0.216175 0.123881 -0.051950 -0.274004 0.124152 -0.106006 -0.072758 0.276918 0.141576 -0.010227 0.083625 -0.003993 0.069438 0.131768 0.113350 -0.022876 0.074266 0.096305 -0.088022 -0.143489 0.174428 -0.193590 -0.114647 0.025448 0.162683 -0.373877 0.011509 0.065977 -0.116242 -0.221395 -0.109783 -0.129588 0.132523 0.102669 0.161047
rolling 0.072402 -0.217884 0.047562 -0.166219 0.191083 -0.105478 -0.101872 -0.206005 -0.243070 -0.023615 0.168771 0.054355 -0.012445 -0.158438 0.139328 -0.187294 0.054935 0.049521 0.003704 0.099142 0.198937 -0.075733 0.174567 0.339151 -0.043076 -0.048659 -0.004248 -0.037620 -0.153595 0.094223 0.090892 0.165757 0.101686 0.027372 -0.286838 0.013934 0.160806 -0.159541 0.048646 0.126513 0.034900 0.318819 0.136508 -0.016196 0.094570 -0.167955 0.146963 -0.064868 0.098197 -0.092320
rolls -0.046314 0.167977 -0.027091 0.175493 0.006609 -0.159493 -0.046008 -0.190238 -0.058376 0.097858 0.097821 -0.067871 -0.060194 0.346221 0.092193 -0.013779 -0.047385 -0.020963 -0.200154 0.045520 -0.079226 -0.169571 0.008602 -0.078676 0.164402 0.106333 0.097838 0.108430 0.054699 -0.045689 0.052480 0.213578 -0.209080 0.081491 0.044388 -0.030287 0.096461 0.120820 -0.218582 0.015031 0.046730 0.105947 0.177334 0.235267 0.320368 0.326537 0.242558 0.066255 -0.064543 -0.117233
rose 0.069111 0.072950 -0.055218 -0.110303 0.027033 -0.029635 -0.167018 0.216552 0.181164 0.174966 0.139981 0.101355 0.034834 -0.031884 -0.118657 0.030366 0.014819 0.012711 -0.135612 0.326800 0.093443 0.095087 -0.262096 0.055373 -0.227090 -0.117476 0.070519 0.270040 0.113805 0.214384 -0.145102 -0.016519 0.314861 0.132015 0.021311 -0.107496 0.162172 0.014406 0.096742 -0.075529 -0.151325 -0.142858 -0.097350 -0.112268 -0.032235 0.101408 -0.224400 0.113211 -0.091194 -0.175505
routes -0.062314 -0.203349 0.186375 -0.132539 0.153161 0.070142 0.159222 0.127257 0.076585 0.107486 -0.008995 0.120988 0.186061 0.386462 0.144864 0.004140 -0.102553 -0.072919 0.137921 0.037782 -0.018036 -0.075131 0.187209 -0.113227 -0.101044 0.079843 -0.099183 0.085235 0.130814 0.144487 -0.090927 -0.064233 0.050898 0.162331 0.168069 0.241742 -0.138336 0.070500 0.052093 0.043685 0.006699 0.292965 0.028485 0.109324 -0.096538 0.245538 -0.032426 0.201521 -0.257475 0.026039
rule 0.022685 -0.037544 0.139776 0.191309 0.151162 -0.161799 -0.058533 0.063395 0.152376 -0.143621 0.309875 0.160935 0.003456 0.124571 -0.194811 0.116378 -0.137097 0.011974 0.200600 -0.087722 0.209070 0.069380 -0.135828 -0.041821 0.085724 -0.061633 0.227598 -0.241598 -0.021360 0.279881 -0.084732 0.127908 0.070326 -0.040304 -0.244657 0.119397 0.035376 -0.053899 0.196190 -0.054787 0.049785 0.072132 -0.192517 -0.051180 0.012928 -0.111251 0.209760 -0.107032 -0.121393 0.192347
rules 0.140879 -0.273407 0.058090 0.050620 0.066083 -0.139167 0.194689 -0.094647 0.161021 0.018872 -0.058342 0.031863 -0.274380 0.060061 -0.021151 0.054049 -0.019175 -0.100491 0.125103 0.242008 -0.028742 -0.085895 -0.058962 -0.176306 -0.132063 0.207056 0.309146 -0.085491 -0.168657 -0.225930 -0.048504 0.290827 -0.029003 -0.091184 0.101153 -0.066129 0.147651 0.065694 0.229323 -0.073564 0.060737 -0.048998 -0.126685 -0.060558 -0.034660 0.008452 -0.180889 0.097786 -0.169433 -0.229983
rulings -0.017848 -0.186059 -0.256558 -0.170497 -0.110665 -0.152506 0.067784 -0.118513 0.224861 -0.065842 -0.087917 -0.272382 0.121135 -0.152097 0.004409 0.027859 0.195879 -0.079043 -0.052230 0.129616 0.043925 0.064671 -0.070291 -0.072291 -0.085021 -0.124090 -0.156652 -0.013357 0.048336 0.021994 0.154899 -0.064605 -0.018789 0.127760 0.475931 0.073616 0.071506 -0.137075 -0.264766 -0.016157 -0.026881 0.243303 0.011670 -0.025454 -0.082925 0.187649 0.041571 0.156628 -0.045995 -0.088384
run -0.173556 0.092273 -0.030077 -0.101081 -0.153801 -0.107323 -0.033467 -0.105537 -0.089361 -0.269066 -0.108159 0.047873 0.094821 0.156597 -0.045522 -0.001322 -0.156373 -0.274457 -0.103259 0.103048 -0.110850 0.029788 0.035134 -0.088989 -0.115374 0.126609 -0.133396 0.154121 0.204922 -0.339657 0.180731 -0.185365 0.110911 -0.011346 -0.155895 -0.046513 -0.015827 -0.081859 0.005462 -0.277410 0.034138 0.220397 -0.079857 0.185747 0.065767 -0.051625 -0.086450 -0.267974 -0.109482 -0.149920
runaway -0.172409 -0.113593 -0.071916 0.166039 0.120826 0.316291 0.185194 0.074423 0.104908 -0.050512 -0.118626 -0.093535 -0.243522 0.246093 0.048912 -0.062881 0.083959 0.232644 -0.110986 -0.000500 0.097126 0.181947 -0.093538 0.141058 0.072770 0.062551 -0.084653 0.080857 0.138687 0.025783 -0.164438 0.153462 0.078610 0.040618 0.150334 0.199222 0.062361 0.061599 0.259381 0.165567 0.014234 0.174312 0.013881 -0.288968 0.171369 -0.002593 0.193903 -0.123657 0.010031 -0.018713
runoff -0.185105 0.242607 -0.043143 0.097321 0.034273 0.105101 0.064009 -0.019648 0.081624 -0.076656 0.031484 0.140964 0.084928 0.098074 0.115248 -0.099661 -0.077102 -0.076248 0.101317 0.186122 0.241282 0.363569 0.093945 0.291475 -0.005937 -0.205477 -0.122162 -0.313936 0.061337 0.152500 -0.095577 -0.240026 -0.020195 -0.075066 0.152602 -0.206075 0.161254 -0.045781 0.078643 -0.021536 -0.041145 0.218333 -0.031937 0.170378 -0.028317 0.080342 -0.097995 -0.051594 -0.069572 0.068763
rural 0.065946 0.186893 0.059565 -0.108605 -0.224217 -0.186924 0.011870 -0.046485 0.060599 0.185686 -0.059138 0.247475 0.034302 0.052285 0.019315 0.074782 0.227438 0.030191 0.259041 -0.098439 0.013271 -0.020925 0.149203 0.320893 -0.058859 -0.071901 -0.114137 -0.014890 -0.056152 -0.206689 -0.000602 0.179601 -0.243182 0.115756 0.119493 -0.069222 0.168871 0.064778 0.067710 0.131880 -0.111402 0.101210 0.011726 -0.153499 -0.165630 -0.192446 -0.239364 -0.035812 -0.245447 0.117732
russia 0.007832 0.276513 -0.115042 0.065144 -0.196265 0.164879 0.045159 -0.070336 -0.220883 -0.163982 0.344168 -0.049713 0.319002 0.184221 -0.009034 -0.041498 -0.081856 0.148318 0.009781 -0.144606 -0.032142 -0.173795 -0.006069 0.166774 0.000432 0.104715 0.209126 0.165200 -0.051281 -0.078876 0.140174 -0.245267 -0.151201 0.106248 -0.078520 -0.160468 -0.041968 -0.223803 -0.058150 -0.077645 0.021361 0.014190 -0.187335 -0.059309 -0.180125 -0.015878 0.072269 -0.005192 -0.105900 0.063307
safe -0.081513 -0.034419 0.061922 0.023208 -0.063180 -0.038491 0.069229 -0.021828 -0.248032 -0.000928 -0.084403 -0.055034 -0.265076 0.227684 0.092638 0.042070 -0.116730 -0.147434 0.075009 -0.006926 -0.020877 -0.159770 0.047859 0.173492 0.184440 -0.174849 -0.190705 0.117316 0.226651 0.316124 0.207512 -0.091514 0.006185 -0.081631 0.011185 -0.071461 0.118482 -0.050457 0.022429 -0.110092 0.490476 0.086207 -0.091979 0.060404 -0.103400 0.123912 -0.089278 -0.140608 0.028132 -0.015700
safeguards -0.115281 0.004144 -0.066369 -0.031133 -0.097540 0.080356 0.129346 -0.027617 -0.001245 -0.055940 0.391330 -0.101427 -0.025684 -0.188314 -0.093350 0.280973 0.252984 -0.127390 -0.037619 0.004803 -0.159680 0.049773 0.197485 0.015568 0.106375 0.115364 -0.115039 -0.145349 -0.018001 -0.137372 -0.143273 0.197405 -0.173780 -0.005547 0.078951 -0.052717 -0.057736 0.197376 -0.042134 -0.276379 -0.031309 0.125277 -0.229330 0.198315 -0.126189 -0.088833 0.031357 -0.259608 -0.004284 -0.102234
safety -0.027086 -0.011424 0.171765 0.057174 -0.020640 0.268574 0.077264 0.095481 0.125250 -0.181731 0.040703 0.330257 0.025434 -0.084317 0.002627 -0.020680 -0.053066 0.134693 -0.000879 -0.144530 -0.219600 0.061863 0.314511 -0.146851 -0.089614 0.046536 -0.150166 0.128708 0.022555 -0.215478 -0.109933 0.129591 -0.145862 0.008974 0.236706 0.070464 -0.011805 -0.192090 0.076973 -0.065628 -0.046864 -0.163813 -0.159793 -0.211220 0.080632 -0.071331 0.307298 -0.149523 0.119737 0.007781
said 0.018651 0.180571 -0.067099 0.077727 -0.178359 0.107276 0.084001 0.037735 0.222850 -0.028708 0.173865 -0.110628 -0.018781 0.147088 -0.033755 0.192786 -0.021636 -0.067868 0.101532 0.052069 -0.055388 -0.289441 0.070830 -0.178312 -0.052401 0.237880 0.005115 0.034835 0.047358 -0.077011 -0.066833 0.340417 -0.024139 -0.007352 -0.049731 0.253523 0.242798 -0.099152 0.210635 -0.145175 -0.203576 -0.003349 -0.026051 -0.009118 -0.297582 -0.078271 -0.118142 -0.142142 0.210469 -0.060368
salaries -0.062503 0.016366 0.465703 0.108244 -0.018643 -0.221924 -0.120673 0.041883 0.019814 0.087636 0.102215 -0.006985 0.162367 0.076277 0.030129 0.079053 -0.123978 0.137903 -0.219383 0.026561 -0.118572 -0.257705 0.171969 -0.065679 -0.096998 -0.130145 0.022473 -0.062714 -0.009611 0.095104 -0.141285 0.092944 0.202777 -0.055092 -0.080498 -0.108413 0.171886 0.088186 0.055274 -0.201516 -0.079216 0.041983 -0.230611 0.199498 -0.060456 -0.244757 -0.070059 -0.110398 -0.157521 0.165665
sales -0.037808 -0.040652 0.037193 -0.050527 -0.023528 0.068957 -0.102249 -0.054454 0.084788 -0.050769 0.183384 0.054007 -0.088915 0.168465 -0.070826 0.145319 -0.247427 0.093101 0.038523 -0.195944 -0.177349 -0.032210 -0.025406 0.365825 -0.112146 0.145632 -0.047061 -0.156417 0.066042 -0.086359 0.075007 0.134514 0.154589 0.113923 -0.041122 -0.136976 0.132848 0.098897 -0.058964 0.014295 -0.201756 -0.214213 0.273453 -0.157471 0.161937 -0.142542 0.046295 -0.290747 -0.094121 -0.275863
sanctions 0.140207 0.145358 0.171751 -0.168961 -0.045663 0.052073 0.094716 -0.168528 0.203508 -0.025921 -0.009965 -0.060636 0.154946 0.096881 -0.122479 0.146480 0.025948 0.052177 0.089985 0.142676 -0.156588 0.133922 0.091680 0.260377 -0.136144 0.083517 -0.072530 0.091294 0.017078 -0.116606 0.131021 -0.239558 0.311047 0.291370 0.006766 -0.239037 -0.040715 0.085970 -0.178951 -0.074405 -0.030370 -0.222334 0.157781 -0.143094 0.203857 -0.023149 -0.084493 -0.070425 -0.148611 0.088231
sanctuary -0.073095 -0.077178 -0.229359 -0.074535 -0.120417 -0.055188 -0.148415 -0.098379 -0.141854 -0.067741 0.234043 0.293859 0.222720 0.223051 0.260229 0.281878 0.348795 0.312931 0.333493 0.310926 -0.071962 0.010709 0.003140 -0.002783 -0.037663 -0.059354 -0.014059 -0.054013 0.018248 -0.017087 0.054430 0.009187 -0.005338 -0.066858 -0.028316 -0.000787 0.030075 0.001565 -0.026875 0.008145 -0.021517 0.037951 0.028151 0.046085 -0.047495 -0.049274 -0.049159 -0.049681 0.026408 0.048157
satisfy 0.071116 -0.262898 0.089408 -0.107512 0.043421 -0.184104 0.128499 0.083553 -0.056322 0.147269 -0.015987 0.078013 -0.058012 0.092282 -0.023396 -0.222049 -0.077552 -0.098057 0.027354 0.278477 -0.146089 -0.060502 -0.305980 -0.121321 0.104172 -0.109651 -0.030493 -0.151594 0.134846 -0.085011 0.034742 0.004847 -0.090694 0.174933 -0.205687 -0.036336 0.116301 -0.057488 0.136595 -0.128004 0.253308 -0.077947 -0.204842 0.054257 0.111957 0.032823 -0.319556 0.027474 0.151263 0.254026
save -0.086270 -0.141695 0.014761 -0.031148 -0.287043 -0.021380 0.126073 -0.064583 0.163557 0.057805 -0.178509 -0.010661 -0.307056 0.143718 0.070419 -0.121209 0.174793 0.097384 -0.163097 -0.034315 0.186433 -0.001009 0.080489 0.040227 -0.071330 -0.027714 0.155778 -0.159557 0.163656 0.165343 0.051165 -0.187809 0.049875 0.039465 -0.050031 -0.240154 0.221757 0.075324 0.019774 -0.175319 -0.100042 -0.147713 -0.198185 0.124321 -0.151032 0.039399 -0.131169 0.358471 -0.016303 -0.079738
saving 0.063145 0.045927 0.084358 -0.029718 0.015526 -0.150571 -0.021615 -0.342384 0.187349 0.122214 -0.049654 -0.136201 0.057976 -0.047543 -0.057184 -0.121787 -0.127510 -0.109912 0.244303 0.259072 0.041479 0.190759 0.010004 -0.070500 0.082301 -0.019118 0.049690 -0.256474 0.094108 0.293008 0.032675 0.077446 -0.092165 -0.114236 -0.123795 0.039383 0.178994 0.138667 0.132792 0.093069 -0.082033 -0.132282 0.099773 0.107595 0.068679 0.024954 -0.216617 0.352041 -0.162598 -0.103253
savings -0.170837 -0.110764 -0.180876 0.102414 0.047519 0.225653 0.196005 -0.005743 -0.170638 0.051678 0.147967 -0.325091 0.002235 -0.309029 0.206636 0.280268 0.041235 -0.037993 -0.005873 0.138602 -0.075654 -0.191252 0.000764 0.240835 -0.014505 0.018969 0.090580 -0.082125 -0.123429 0.229815 -0.078057 0.037467 -0.071523 -0.050643 -0.057070 -0.036520 -0.162783 -0.137897 -0.082039 0.185433 0.142802 -0.008654 0.001307 0.008040 -0.064957 -0.040352 0.197796 0.233114 0.055566 -0.109544
scanning -0.047091 -0.130808 0.095978 0.300880 -0.129283 0.371334 -0.171403 0.056393 -0.065426 0.071663 0.015960 -0.016746 0.206803 -0.024371 -0.033496 -0.087360 -0.087314 -0.032159 0.136400 0.096847 -0.016267 0.035208 0.055419 -0.319674 -0.052684 -0.374664 -0.170641 0.193599 0.084378 -0.064508 0.006894 0.034365 0.008273 -0.043095 0.119124 -0.105929 -0.206793 -0.064545 0.061328 -0.118180 0.223912 0.057359 0.113252 -0.108520 -0.049899 -0.210394 0.141476 -0.026508 -0.018118 0.167960
schedules 0.016064 -0.163097 -0.221835 0.102823 -0.214992 -0.053022 0.059375 0.237392 0.065874 -0.116783 0.106021 -0.072589 0.068938 -0.115958 0.079214 -0.109797 0.034167 0.013506 -0.069205 0.182631 0.268351 0.111521 0.139374 0.241307 0.332206 0.039473 0.026733 0.131500 0.239537 -0.063440 0.017953 0.202835 0.014386 0.053664 0.224074 -0.038701 0.149925 -0.157993 0.063559 -0.116198 -0.132781 0.023570 0.114354 -0.018860 -0.080517 0.148552 -0.070705 -0.139759 0.189134 -0.242469
scheme 0.033403 -0.080861 0.026554 0.230039 0.026140 -0.176826 0.169903 0.055852 0.010422 -0.149573 0.328742 -0.240516 0.014323 -0.057824 -0.125919 -0.065632 -0.054213 -0.064587 0.108005 0.066209 0.042705 -0.009182 0.045423 0.026784 0.055857 0.088601 0.030366 -0.009186 -0.027821 0.227281 0.025763 -0.070960 -0.067185 0.290234 -0.046739 0.193942 0.081690 -0.149461 0.263952 -0.035024 0.010730 0.336406 -0.144669 -0.304358 0.002284 -0.033964 0.027914 -0.167238 -0.094473 -0.265678
schemes -0.305009 -0.068397 -0.007914 -0.056722 0.031089 0.088364 0.141174 0.277344 -0.094169 -0.118369 0.175360 0.117811 0.119824 -0.005691 0.142694 0.165441 0.279790 0.092579 0.107880 0.132391 0.062625 0.123328 0.025572 -0.142496 -0.148604 -0.128618 0.247301 0.003206 -0.371333 -0.043035 -0.024857 -0.096484 -0.026059 0.219341 -0.141577 0.050711 0.124918 -0.151292 0.045948 0.151304 0.135872 -0.078245 -0.035268 0.113738 -0.055083 0.207336 0.041922 0.054637 -0.025868 -0.181889
scholars -0.184592 0.213255 -0.137508 0.002699 0.106469 0.142566 0.168488 0.158815 -0.006726 0.047016 -0.129007 0.049713 -0.047472 0.101689 -0.147513 -0.088798 -0.175866 0.022373 -0.118911 0.184997 -0.329655 -0.222197 0.185296 -0.030632 0.055382 0.171901 -0.135900 0.037200 -0.030610 -0.016261 0.007674 0.198726 -0.281430 0.000319 -0.113383 0.111894 0.010269 -0.110681 -0.120200 -0.190507 0.015968 -0.064283 -0.010704 0.006911 -0.013767 0.016462 -0.347639 0.296485 0.028702 0.063673
school -0.141657 0.086080 -0.183866 -0.241005 -0.281240 -0.054293 -0.048288 -0.034088 -0.220364 -0.073920 -0.223224 0.024964 0.047156 0.063742 -0.011484 0.013832 0.087330 0.085750 0.249516 -0.017697 0.053064 -0.096008 0.124816 0.146232 -0.140591 0.157798 -0.133425 0.163910 -0.064809 0.030800 0.183584 0.005728 -0.083591 0.109770 -0.023972 0.006811 0.134123 -0.117073 0.136123 -0.232665 -0.054476 0.038524 -0.064677 0.135806 -0.096044 0.329635 -0.049220 0.348871 -0.184175 -0.047033
schools -0.114812 -0.073988 0.162810 0.019890 0.058387 -0.175140 0.098459 -0.013605 -0.136027 -0.088663 -0.033806 -0.168885 -0.044487 -0.106741 0.018358 0.296862 0.002141 -0.108485 0.144262 0.036872 -0.165183 -0.036769 0.175673 -0.320117 0.056705 -0.147910 0.104400 -0.056856 0.013641 0.027037 -0.146474 -0.045021 0.100597 -0.090323 0.293024 0.030641 -0.214234 0.147299 0.325756 0.144630 0.089546 0.100010 -0.002832 0.202248 0.128189 0.104281 -0.149179 -0.029644 -0.207033 -0.202799
sea 0.238489 -0.086016 -0.008707 0.086634 -0.093838 0.055382 -0.016598 0.059278 -0.093461 -0.133325 -0.109230 -0.144059 -0.028592 -0.216965 -0.216480 -0.155966 -0.199029 0.036556 -0.024645 0.193396 -0.225562 0.068547 0.105761 -0.161213 0.072654 0.033647 0.177701 -0.012798 0.043036 -0.061097 0.181570 0.145294 -0.011401 -0.004146 0.126103 -0.221574 0.446463 -0.015753 0.018288 -0.204662 0.248275 0.050401 -0.022995 -0.187330 -0.147241 0.079045 -0.028096 0.047042 0.047906 0.157196
seasonal 0.121212 0.221024 0.006729 -0.048745 0.163903 -0.009016 0.073745 -0.087311 -0.164219 -0.047911 0.096261 -0.138233 -0.198912 -0.024598 0.275290 -0.225807 0.242768 0.135348 0.174687 0.113472 0.185024 -0.046468 0.027837 0.050676 0.085281 0.150537 -0.089758 -0.182217 -0.272683 -0.104701 -0.221216 0.126478 0.356145 -0.149726 0.080185 0.050810 -0.047105 0.084801 0.008702 0.206158 -0.001111 -0.075161 0.117494 -0.010828 0.034847 0.071784 -0.012874 0.031041 -0.224196 -0.005398
second 0.004520 -0.143863 -0.118854 -0.108585 0.014578 -0.061151 -0.122914 -0.116335 -0.065793 -0.161222 0.293581 0.224065 0.235437 0.412827 0.177634 0.326185 0.308998 0.256454 0.244632 0.334167 0.038832 0.058282 -0.019044 -0.007649 -0.051704 -0.000664 -0.074711 -0.046076 -0.043280 -0.014240 0.034495 0.037064 0.029355 0.008198 -0.029491 -0.015421 -0.092622 0.048929 -0.062110 -0.001986 -0.038498 0.117014 0.006788 0.002025 0.028252 0.016591 0.019104 -0.014626 0.046527 0.035102
secondary 0.021871 -0.024173 0.091697 0.057402 0.001728 0.260696 -0.065713 -0.039398 0.132700 -0.143746 -0.133184 0.084182 0.174048 0.213296 0.087814 -0.167828 -0.164945 -0.018195 0.112529 -0.033751 -0.334001 -0.230640 0.075713 0.026088 0.204830 0.233154 -0.054119 -0.237926 0.081008 0.125568 0.237316 0.106533 -0.122670 0.118346 -0.332789 -0.031435 -0.102276 0.108279 -0.026082 0.022095 0.051230 -0.027745 0.233958 0.088979 -0.089762 -0.103412 0.149919 0.036992 -0.054865 -0.066958
section -0.331717 -0.047438 0.007414 0.156604 0.039062 -0.102494 -0.284972 -0.183602 -0.004291 -0.093269 0.069410 0.245458 -0.000269 -0.080161 0.000667 0.038905 0.155112 -0.015418 -0.028959 0.021996 -0.021563 0.068984 0.152115 -0.010559 0.149059 0.125543 -0.207936 0.068523 0.227198 -0.051411 0.017043 -0.011847 0.028283 -0.027968 -0.071505 0.076422 0.242316 0.182441 0.234097 0.177369 -0.129183 0.125840 -0.116886 -0.203064 0.181225 0.124184 0.001709 0.002273 -0.042793 -0.362541
sector 0.014252 -0.015109 -0.012977 -0.114444 0.073835 0.012863 -0.075479 0.267898 -0.114722 -0.387729 0.050432 0.079296 -0.169600 -0.045687 -0.015144 -0.063789 -0.233741 0.067893 0.086678 -0.046295 0.047006 0.030137 0.057176 -0.022921 -0.087992 -0.186223 0.057892 -0.002121 -0.079705 -0.258804 -0.319311 -0.042423 -0.281789 0.015431 0.058537 0.031135 -0.212140 -0.027192 -0.124614 -0.036522 0.100399 -0.243648 -0.234568 0.045364 0.146309 0.274262 0.146074 0.063021 0.005367 -0.043902
secure -0.022828 -0.039005 0.137767 0.059860 -0.007959 0.094108 0.226840 -0.136278 -0.058674 0.360835 0.117998 -0.176502 0.107383 -0.201509 -0.084956 0.064526 -0.066004 0.022165 -0.086001 0.105926 0.000719 0.116516 -0.147346 -0.004974 -0.113347 0.195378 -0.006768 -0.212569 -0.286630 -0.050103 -0.011440 -0.321400 -0.179834 -0.009689 0.226341 0.053410 -0.120961 0.273742 0.073754 0.040045 -0.020339 -0.274825 0.008069 -0.119420 -0.162377 0.002350 -0.021268 -0.047636 -0.076513 -0.052354
secured 0.006169 0.180953 -0.019464 -0.017008 0.119815 0.116571 0.012211 0.108714 0.184767 0.013167 0.147821 -0.143813 0.015845 -0.148349 0.119394 0.069394 -0.148380 0.077525 0.117134 -0.046517 0.086207 0.062144 -0.040954 0.158301 0.274039 0.053608 0.282690 -0.024825 0.359405 0.201514 0.221518 0.258886 0.121536 0.025673 0.108947 0.127714 0.006201 0.164461 -0.053891 0.046447 -0.166325 -0.115380 0.011356 -0.001947 0.021964 -0.232439 0.263886 -0.109778 -0.143543 -0.092094
securities 0.145862 -0.013127 -0.050399 0.019083 0.283798 -0.142004 0.166816 0.050667 0.125032 0.233212 -0.044694 -0.148146 0.179512 0.054375 0.247420 -0.170044 -0.082134 -0.145394 0.051789 -0.059044 -0.005477 0.032854 0.050602 0.048810 0.006136 -0.278486 0.237830 -0.057307 -0.052003 -0.092404 -0.102583 -0.237028 -0.057201 0.030292 -0.191279 -0.115912 0.123416 -0.318744 -0.063180 -0.132797 0.281677 0.194717 -0.071303 0.032546 0.052619 -0.118356 -0.020879 -0.073444 0.172211 0.037977
security -0.231312 0.308100 0.300285 -0.236695 0.165196 0.091900 0.068040 -0.055680 0.099168 0.084653 -0.072656 -0.139767 -0.130248 -0.071528 0.105765 0.077742 0.001162 -0.006226 -0.126375 0.049475 0.133807 0.175081 0.039277 -0.217997 0.109725 -0.253661 0.080478 -0.100435 -0.026538 -0.069155 0.334464 0.071871 0.071336 0.094597 -0.063364 0.016497 -0.090158 -0.149991 -0.151413 0.139485 -0.141554 0.059677 -0.071291 0.037112 0.137521 -0.088726 0.284503 0.135043 -0.032314 -0.028934
see -0.023973 -0.185484 0.226995 0.039397 0.290387 -0.003061 0.269629 -0.150758 -0.005266 -0.085317 -0.011061 -0.044316 -0.041323 0.041611 0.219252 0.235284 0.050964 -0.112863 0.152074 0.174215 -0.096468 -0.279155 -0.142693 -0.033459 0.073476 0.163506 0.176728 0.099164 -0.222315 -0.215253 0.233808 0.034224 -0.186298 0.080861 0.129460 0.117334 -0.027148 -0.047548 -0.051654 -0.037602 0.052108 -0.100580 0.042595 -0.121013 -0.094425 0.025190 0.248915 0.072103 -0.152778 -0.073505
seek 0.104347 -0.074636 0.106104 0.365447 0.295494 0.103175 0.113365 -0.216889 0.106800 0.103554 -0.224321 0.138692 -0.006219 0.140374 -0.023787 0.021255 -0.018760 0.081743 -0.391768 0.056522 -0.029255 0.314330 -0.173814 0.054499 0.075924 0.186016 0.012569 0.030376 0.053121 0.047430 0.121707 -0.084549 0.071245 0.006909 0.075010 0.126237 -0.011770 0.009981 -0.122179 0.218301 0.020251 -0.197876 -0.088647 -0.070232 -0.157148 0.003382 0.083490 -0.050887 -0.004349 0.165079
seekers 0.010326 -0.049745 -0.118596 0.019127 -0.002236 0.011672 0.195569 0.108643 0.016153 0.009333 0.052162 -0.204612 -0.143236 0.242014 -0.035745 0.292451 -0.111860 0.093160 0.120976 -0.226566 0.027230 -0.082800 0.061996 0.205870 -0.050551 -0.049534 0.291455 -0.021915 0.043711 -0.009412 -0.202945 -0.110282 -0.226472 -0.081223 -0.098006 -0.030582 -0.036247 -0.128507 0.127509 0.017121 -0.082337 -0.074642 -0.055177 0.053703 -0.207498 -0.226446 0.087555 0.369769 -0.135660 0.238717
seeking 0.286983 -0.157348 -0.040291 -0.017095 -0.134549 0.015262 0.111077 -0.054888 0.079531 0.006129 0.169621 0.055809 0.028747 0.068724 0.064654 0.048462 -0.002323 -0.028389 -0.286965 0.293226 -0.029958 -0.017418 -0.312729 0.100247 -0.218232 0.126196 -0.276311 0.010298 0.199651 0.157959 0.134331 -0.090526 -0.252403 -0.135728 0.091628 0.220166 -0.083981 0.051760 0.033279 0.251807 -0.082384 0.210089 -0.045911 -0.052993 0.021541 -0.120341 0.043540 -0.034456 0.043488 0.093278
self 0.016710 -0.045995 -0.100003 0.158286 -0.038270 0.107986 0.097619 0.021105 -0.135781 -0.141299 0.245048 -0.068200 -0.058894 0.034620 -0.088591 0.256902 0.033693 0.141808 -0.028855 -0.032526 0.075073 -0.069502 0.028744 -0.254379 0.124179 0.219250 0.171865 0.144280 -0.044839 0.005709 -0.194719 -0.047070 -0.155777 0.075039 -0.150588 -0.029793 0.041926 -0.165794 0.345671 0.192612 0.080104 -0.114206 -0.036493 -0.144536 0.146439 -0.198690 -0.169410 0.020264 0.025361 0.361975
senate 0.237585 -0.300709 0.140224 -0.180188 0.134756 -0.120217 0.198268 0.087940 -0.184949 0.240173 0.290625 -0.158852 -0.016060 0.363990 -0.083462 -0.110496 -0.127293 0.099249 0.069277 0.015123 -0.162885 0.137076 0.072265 -0.035967 0.070326 -0.066366 -0.009050 0.109643 -0.057094 0.006496 -0.087509 -0.126429 0.095261 -0.000458 -0.002210 0.122153 -0.248483 0.036175 -0.040506 0.037564 -0.147899 -0.122223 0.153407 -0.036699 0.100982 -0.130795 -0.003179 -0.197260 -0.134931 -0.016927
sense -0.013146 -0.269859 0.043640 0.013787 -0.091488 0.019863 -0.077336 -0.218334 -0.041715 0.073943 0.077686 0.059101 -0.097093 -0.107843 0.229054 0.113767 0.044483 -0.103029 -0.090218 0.071735 0.042192 -0.175339 -0.120407 -0.109273 -0.173247 -0.080575 0.069832 -0.059016 0.285080 0.047648 0.033147 0.035103 0.046685 0.049250 -0.035753 0.095702 -0.001387 0.156446 -0.002741 -0.263248 0.466446 -0.181698 -0.140300 -0.172719 0.035056 -0.082647 0.265951 -0.128612 0.194613 0.039738
sensible -0.101526 -0.141937 0.089716 -0.091080 0.266694 0.070782 -0.060448 -0.194440 0.196452 0.010759 -0.186459 0.052266 0.019775 0.128431 -0.074638 -0.338741 -0.200678 0.007820 0.005025 0.126691 0.084220 -0.226328 -0.065516 -0.316133 -0.273584 0.106766 0.025246 0.188170 0.229909 0.164724 -0.050851 0.026372 -0.166648 0.091112 -0.051938 0.048714 0.083231 0.045046 0.054375 -0.003741 0.050169 -0.198249 -0.003023 0.223787 -0.002755 0.132175 0.100459 0.010115 0.143351 -0.066845
sentences 0.063375 -0.016499 0.011388 -0.134116 -0.212491 -0.069858 -0.167757 0.017338 -0.000319 -0.095625 -0.142922 -0.036907 0.142700 0.195797 -0.020567 0.239692 -0.160984 0.076724 -0.090822 -0.109354 0.135635 0.064005 0.149172 0.162442 -0.112106 -0.140531 0.233408 0.019407 0.203150 0.106166 0.184803 0.070794 0.161112 -0.167723 -0.179965 -0.146796 0.253660 0.083571 -0.051640 -0.298768 0.082612 -0.067322 0.028070 -0.045797 -0.250095 0.071487 0.010188 -0.107254 0.290275 -0.023293
separation -0.005024 -0.063646 -0.013474 0.123159 0.015259 -0.175279 -0.269282 0.091202 -0.172157 -0.284411 0.152002 -0.215405 0.004354 0.176905 -0.176135 -0.190601 0.101557 0.014458 0.036533 0.249738 0.076033 -0.091618 0.170899 0.189852 0.014999 0.012037 -0.124765 -0.005141 0.444460 -0.063202 0.151368 0.154001 0.132783 -0.059287 -0.142579 0.015167 -0.059734 0.042561 -0.159295 -0.184444 -0.046246 0.031281 0.037143 0.031712 0.122817 -0.035244 -0.015663 -0.105444 0.055639 0.171871
separations -0.163523 -0.202308 0.093605 -0.031474 -0.087246 -0.017361 0.144138 -0.079940 -0.227039 -0.175767 -0.076872 -0.131105 0.037389 -0.423993 -0.079815 -0.068088 0.075898 -0.114885 0.032635 -0.106683 0.221174 -0.317783 -0.253171 0.089814 0.098854 -0.044334 -0.007269 -0.166880 -0.009751 -0.062205 -0.079885 0.043858 -0.184859 0.189557 0.087401 0.003029 -0.012059 -0.101448 -0.131216 0.069195 0.110281 0.014989 -0.082802 -0.169465 -0.046449 0.108122 0.020585 -0.155490 0.226846 0.190635
serves 0.062641 0.425885 0.069304 0.137663 0.210969 -0.055377 -0.027266 -0.203685 -0.071886 -0.083608 0.197071 -0.079239 -0.124221 0.262724 -0.039248 0.153296 0.065331 0.012062 0.011626 0.132476 0.131904 0.063684 -0.000271 -0.134415 0.100893 -0.094759 -0.093622 0.055113 -0.065470 0.136764 0.029993 0.079842 -0.093998 -0.107595 0.110654 0.068087 -0.091234 -0.054390 0.149545 0.037959 0.092134 -0.336001 0.205054 -0.064323 -0.043326 -0.103091 0.232922 -0.262533 0.185600 0.038033
service -0.046541 -0.051525 0.012144 -0.220446 0.139046 0.040014 0.032272 -0.032046 0.280542 0.131103 -0.258063 -0.022442 -0.009639 -0.171414 0.075666 -0.095965 0.071652 -0.136201 0.088847 0.006648 -0.298303 -0.093127 -0.119026 0.027712 0.105710 0.053962 -0.317319 -0.129404 -0.230103 -0.009740 -0.007159 -0.308140 0.195860 -0.023280 0.082698 0.142542 -0.329254 0.044931 -0.107445 0.058470 -0.012091 -0.175271 0.107223 -0.067015 -0.054721 0.064818 -0.168087 0.032846 0.125831 -0.039765
services 0.063869 0.131360 0.062197 -0.125599 0.022197 0.309914 0.078370 0.023291 0.048116 0.003751 -0.018300 -0.155399 -0.069159 -0.182967 0.252075 -0.132733 -0.195896 -0.027843 -0.066762 0.156388 -0.395651 0.086634 0.139824 -0.013973 -0.086766 -0.021899 -0.017478 -0.007378 0.193478 0.082223 -0.115467 -0.077160 -0.213649 0.175965 -0.046373 -0.063348 -0.008321 0.001679 0.226143 0.064057 0.026437 -0.079128 -0.158660 0.070250 -0.299170 0.039772 -0.105210 0.124963 -0.246067 -0.179959
several 0.126015 -0.014015 0.073299 0.108020 -0.148350 -0.197028 -0.170820 0.072042 0.173406 -0.169080 0.137655 0.180455 0.005194 -0.004028 -0.094515 -0.147576 0.061827 0.138859 0.022821 -0.141620 -0.091558 0.185965 0.071913 -0.149154 -0.091172 0.030162 -0.125173 0.143198 0.125894 -0.005677 -0.030542 0.178045 0.186199 -0.044682 0.128921 0.002632 -0.062209 0.052658 0.161178 -0.104490 -0.077934 -0.086665 0.302004 -0.003381 -0.011392 0.429468 -0.076009 0.090320 -0.083010 -0.340220
shadow -0.115879 -0.047564 -0.038078 0.115895 0.106326 -0.033666 0.086676 -0.124568 -0.226552 -0.077863 -0.008814 -0.015825 -0.004313 -0.019886 -0.144412 -0.221393 -0.216608 0.207087 -0.105246 -0.120739 0.137039 0.124219 0.024367 -0.122435 -0.077532 -0.097973 -0.110555 -0.143656 0.165210 0.326417 -0.105947 -0.112063 0.034377 -0.011448 0.146272 0.055215 -0.032812 0.015374 0.124063 0.078020 0.255334 -0.112393 -0.001320 -0.177159 0.365494 0.095128 0.085399 0.241337 -0.259313 -0.037866
shared 0.051771 -0.091037 -0.199039 0.010624 0.274141 -0.001496 0.109545 -0.123086 -0.003172 -0.221313 0.119432 -0.229507 0.008206 0.036656 -0.089632 0.076041 0.043312 -0.075858 0.031067 0.015003 -0.153364 0.270470 -0.026880 -0.001796 0.013249 -0.136349 0.181206 -0.217451 0.091654 0.088455 -0.313537 0.045813 0.113335 -0.161736 -0.094248 -0.160236 0.123320 -0.141746 0.181205 -0.099276 0.131552 -0.135678 0.172201 0.161383 -0.128476 0.174606 0.251053 0.139735 -0.110242 -0.097167
shareholders 0.022631 0.022719 0.068579 -0.079766 -0.268554 -0.109499 0.005183 -0.134454 0.410433 -0.139397 -0.061462 0.199347 -0.031529 0.080863 0.020230 -0.191840 -0.289392 -0.133542 -0.191442 0.099303 -0.272355 -0.018287 0.036282 -0.054698 0.095349 0.071135 0.107050 0.065648 0.099941 0.196088 0.222030 0.085534 -0.028256 0.086952 -0.059288 -0.104493 0.197206 0.188395 -0.099021 0.035688 -0.063613 -0.107624 -0.107006 0.230011 0.016730 -0.121614 0.131369 0.159425 0.011536 -0.039240
she 0.149566 0.073284 0.266416 0.151250 -0.105632 -0.164525 -0.191089 -0.051409 0.079360 -0.131914 0.108488 0.100345 -0.129706 -0.166744 -0.051613 -0.051179 0.111855 -0.215639 0.065453 0.214821 -0.054624 -0.180497 0.233014 0.075945 0.144678 0.065502 0.096124 -0.190394 0.161699 0.273887 -0.099565 -0.067790 0.056123 -0.106394 0.036321 -0.105898 -0.204389 0.168023 -0.308870 0.012006 -0.096174 -0.173624 0.034970 0.067231 -0.166185 -0.057475 -0.035733 0.143552 0.073871 -0.134787
shelters 0.058354 0.196166 -0.042700 -0.014328 0.050990 0.226457 0.151638 0.130167 0.106732 0.074796 -0.061237 -0.080559 -0.206420 0.148166 0.087736 -0.203060 0.157858 0.038132 0.015405 -0.060242 0.257765 -0.118304 -0.007798 -0.073189 0.016928 0.119958 -0.051630 0.327371 0.037680 -0.263706 0.109016 -0.164637 -0.039572 0.055885 -0.165132 0.209810 -0.221833 0.245125 -0.132412 -0.242446 0.036354 -0.094660 -0.060866 -0.252460 -0.039735 -0.097083 -0.057979 0.003433 -0.021431 -0.129766
shifting -0.034947 -0.364730 -0.008801 0.274487 -0.181209 -0.103959 0.043846 0.115620 -0.000158 -0.032251 -0.034460 -0.044034 -0.046469 -0.216022 -0.016615 0.177377 -0.098592 0.152005 -0.141975 0.185393 -0.144657 -0.273892 0.020888 0.078949 0.028210 -0.068504 0.103622 0.163860 -0.105066 0.338734 0.035751 -0.262063 -0.169506 0.042514 -0.197500 -0.045287 -0.139049 0.033768 0.106613 -0.003083 0.000713 -0.078403 -0.010748 -0.006975 0.133441 0.058656 -0.078237 -0.170415 0.206883 0.094447
shipping -0.123158 0.067780 0.018092 0.021216 0.045664 0.274413 0.008416 -0.125500 0.004406 0.200012 0.088047 -0.386663 -0.139946 0.116662 0.103542 -0.097615 -0.131307 -0.074330 0.261569 0.130629 0.044437 0.035450 -0.035911 0.098661 -0.042233 0.080854 -0.101993 -0.301275 0.008569 -0.098928 -0.032179 0.225697 -0.036374 -0.086793 -0.205328 0.100235 -0.145806 -0.188560 0.091509 -0.112304 -0.073602 -0.146873 0.101217 0.142806 -0.012284 -0.105346 0.343634 -0.085565 0.079308 -0.047528
shortages 0.200314 0.050845 0.044695 -0.013499 -0.155594 0.192858 0.165547 -0.010203 -0.165506 -0.100199 0.097543 -0.062681 0.133561 0.031350 -0.050783 -0.021162 0.070888 -0.049365 -0.179141 0.116716 -0.065278 -0.044405 -0.191813 0.175094 0.090730 -0.080736 -0.200585 0.057045 0.121867 0.049156 0.306426 -0.240416 -0.293554 0.119580 0.103397 0.060083 -0.046929 0.104200 -0.189510 -0.279974 0.124615 0.020147 0.017989 0.176376 0.205738 -0.122531 -0.206655 -0.138557 -0.025322 -0.173263
should 0.054902 -0.031850 0.035927 0.273647 -0.207848 -0.073318 -0.093412 -0.230722 -0.241300 0.199084 0.186752 -0.062585 0.006239 0.029090 0.139203 0.070011 0.217031 -0.131286 0.146560 -0.176217 -0.152457 0.054397 -0.213781 0.005019 -0.113159 -0.177376 -0.130494 -0.087935 -0.014364 0.041019 0.176747 0.124473 0.176871 -0.117194 -0.195431 0.090345 -0.002613 0.099260 -0.088272 0.102061 -0.033819 0.029788 -0.092669 0.037436 -0.088735 -0.166367 0.224585 0.291506 0.195070 0.022686
show -0.153744 0.120333 -0.093928 -0.163471 0.021821 0.135001 -0.285705 0.119415 0.267832 0.086516 -0.165114 -0.070219 -0.023091 0.233745 -0.141858 -0.162097 -0.126826 0.017581 0.157028 -0.135021 0.100703 -0.000968 0.062979 -0.058980 -0.067212 0.029112 -0.013226 -0.133517 0.012452 -0.044912 0.025189 0.035221 -0.153813 0.420394 0.033569 0.181158 0.136729 -0.265438 -0.088129 -0.085216 0.145637 0.118320 0.156197 -0.078350 -0.072041 -0.223290 -0.028688 -0.129223 0.129265 -0.030737
showed -0.191570 0.233271 -0.059141 -0.074554 0.248982 -0.089796 -0.024764 -0.064482 0.015154 -0.233746 0.094622 0.127481 -0.087545 -0.288590 -0.252672 0.010477 0.360677 -0.033291 -0.068742 -0.031388 0.119411 0.181624 0.181884 0.041636 -0.185084 -0.006557 0.139543 0.045111 0.025064 -0.044650 -0.167056 -0.185139 0.072696 -0.049326 0.031894 -0.234641 0.097468 -0.187668 -0.005262 0.052446 -0.106845 0.149674 -0.211901 0.146663 0.067274 0.120865 -0.006728 -0.105502 -0.014618 -0.091684
showing 0.081365 -0.308380 -0.010638 0.055047 -0.056082 0.248279 0.050568 0.128830 -0.070870 0.142851 0.013292 0.171755 0.153854 0.367753 -0.007734 0.248795 -0.123543 0.037373 0.240204 -0.107178 -0.134657 -0.072438 0.011914 -0.100206 0.170139 0.201100 0.033094 -0.086172 0.028350 -0.012654 -0.092482 -0.090903 0.130170 -0.121264 -0.052693 -0.212022 -0.100346 -0.148529 0.046337 -0.103074 0.168750 0.193311 -0.074683 -0.075026 0.052209 -0.017798 0.134176 -0.043908 0.053943 -0.304805
side -0.088854 -0.157119 0.128722 0.017669 -0.218152 -0.168783 -0.006311 0.166429 -0.012436 -0.007738 0.284603 -0.046220 0.150123 -0.180431 0.066589 0.114695 0.062639 0.178196 0.000458 -0.001000 0.270481 -0.251298 -0.009277 -0.211704 -0.355377 0.006943 0.110960 -0.077356 -0.006613 -0.022283 -0.198185 0.055465 0.022017 0.189399 0.214137 -0.096253 0.070794 -0.035281 0.275435 0.015291 0.018108 0.013596 0.008133 0.200830 0.068266 -0.151861 -0.063853 0.189250 0.019392 -0.059429
signals -0.128520 0.243224 0.066818 0.129775 0.123649 0.154191 0.052540 0.046036 -0.120491 0.128051 -0.112631 -0.151614 0.080759 0.125009 0.084195 0.109995 -0.174803 -0.040234 0.018563 -0.132954 -0.036462 0.002894 0.082579 -0.245772 0.214672 -0.090863 -0.295808 -0.240735 0.069145 -0.063004 -0.030279 -0.135357 0.086604 0.103978 0.113368 -0.111720 -0.027476 -0.007416 -0.208696 -0.114903 -0.073312 -0.048509 -0.069171 -0.373091 0.231841 0.173281 0.111523 -0.045135 -0.109467 0.203597
simply 0.113162 0.033899 -0.118192 -0.251024 -0.070953 0.110936 -0.002277 0.069619 -0.172188 0.005952 -0.189247 -0.090877 0.122183 0.067643 -0.109501 -0.063312 -0.167815 0.328832 0.100440 -0.062427 0.117656 0.002636 0.039663 0.079622 0.070574 -0.175983 0.035106 0.163802 0.236240 0.099209 0.226677 -0.044517 -0.119539 -0.320145 0.246498 -0.001857 -0.031923 0.073018 -0.068734 -0.255947 0.042016 0.094387 0.101284 0.299654 -0.212634 0.012773 0.017935 0.020751 -0.076173 -0.075841
single -0.000692 0.135845 0.073939 -0.137481 -0.160976 -0.228332 0.034540 -0.025236 -0.054949 -0.195187 0.210722 0.083099 -0.060917 -0.335377 0.183807 0.248074 -0.021965 0.056948 0.126083 0.111631 -0.050820 -0.131334 0.082632 0.163242 -0.219547 -0.178766 0.119556 -0.162244 0.089679 -0.194718 -0.077066 -0.142287 -0.087480 0.004779 -0.141705 0.144394 0.256254 -0.246554 -0.064775 0.034380 -0.096837 0.115209 -0.177146 -0.037001 -0.145572 0.024091 -0.057417 0.138155 0.084487 -0.088986
six -0.043572 0.108952 0.201488 -0.177239 0.025225 0.182814 0.115520 0.066110 0.071754 0.040501 0.062783 -0.197355 0.176707 0.007967 -0.296051 0.008459 0.050145 -0.014149 -0.121482 0.008739 0.084929 -0.043870 0.035391 0.026792 -0.050148 -0.049764 -0.219791 0.089747 -0.028989 0.212596 -0.003417 0.108473 -0.106725 -0.227447 -0.069259 0.210887 -0.103392 -0.274086 0.119734 0.127639 0.048560 0.141678 0.213659 0.002672 -0.081785 0.105678 0.173265 -0.082385 0.440022 0.027031
sixty -0.005448 -0.234387 -0.000075 0.113959 0.134662 0.110019 0.122262 -0.126238 -0.116252 -0.219257 -0.118263 -0.026688 0.085590 -0.160221 0.061900 -0.058291 -0.013174 0.158122 0.266829 -0.164482 -0.107434 -0.103303 0.051348 -0.096603 0.109240 0.045543 0.323363 0.153809 -0.030295 0.149940 -0.003830 -0.028156 -0.171503 -0.073628 0.031923 0.253216 0.078626 0.224854 -0.109965 -0.147952 0.169066 0.317702 0.011007 -0.039678 0.064393 -0.066366 -0.288387 0.105547 -0.066867 0.033582
slashes -0.192374 -0.053157 -0.213588 -0.113881 0.130124 0.035080 0.033847 0.112135 -0.011803 -0.042000 -0.116302 -0.137871 -0.041220 0.093752 0.003616 -0.100235 -0.261099 -0.039254 0.097194 0.088854 0.034345 0.061283 0.036301 0.023838 -0.130423 -0.141945 0.194727 -0.018562 -0.010006 0.116248 -0.139884 0.077360 -0.026516 0.030032 -0.035863 0.292444 -0.155033 0.015918 -0.425693 -0.082602 0.001742 0.238558 0.066327 0.361123 0.183772 -0.220713 -0.043444 0.141740 -0.096210 0.007821
small 0.009877 -0.007461 0.230337 0.167922 -0.031436 0.012270 0.129551 0.022696 -0.211870 0.118005 -0.218681 0.001602 0.084629 0.083077 -0.139593 0.002154 -0.190326 0.016701 0.163492 -0.066603 0.037188 -0.297381 0.031520 0.059405 0.013044 -0.237969 -0.146193 -0.096129 0.055198 -0.104303 -0.041221 -0.135435 -0.127833 -0.007575 -0.247848 0.104287 0.377649 0.188272 -0.083677 0.244305 -0.015276 -0.184024 0.047971 -0.028265 0.054759 -0.109738 0.265859 0.119883 0.008984 0.075805
so 0.056666 -0.011238 0.011640 -0.232798 0.201878 -0.048061 0.009998 -0.184493 -0.215946 0.032278 -0.112758 -0.131456 -0.015642 0.047149 -0.028955 0.011675 -0.248245 -0.006970 -0.381775 -0.044402 -0.240243 0.154601 0.257596 -0.010172 0.052230 0.014906 -0.019676 -0.005015 -0.200798 0.181549 0.060217 0.090805 -0.007380 0.249924 0.067063 -0.053698 0.071351 0.098246 -0.150833 0.213929 -0.221126 -0.010789 0.049932 0.023142 0.024269 -0.075336 0.153501 0.161108 -0.188075 -0.204147
social 0.349030 0.253277 0.230762 0.291857 0.293887 0.292119 0.329339 0.258463 0.249458 0.309490 -0.145549 -0.024476 -0.109664 -0.096922 -0.078831 -0.078211 -0.147147 -0.119160 -0.055384 -0.158356 -0.032293 0.047904 0.030870 0.057034 0.002300 -0.017336 -0.045595 -0.011036 -0.032291 -0.024153 0.043901 -0.040543 -0.018269 -0.053251 0.045786 -0.014813 0.029112 -0.014808 0.055350 -0.059153 0.057962 -0.055893 0.027851 -0.036696 0.031898 -0.022867 0.035582 -0.074972 0.075419 -0.000093
soft 0.024804 0.111646 0.147238 -0.032492 -0.152149 -0.049994 -0.031973 0.025727 0.402476 0.111206 -0.028847 -0.139556 0.004350 -0.046696 0.195496 0.110747 -0.073438 0.070324 -0.124572 0.034164 -0.541782 0.057169 -0.024608 0.057115 0.046700 0.201635 -0.002852 0.201313 0.124263 0.017899 0.135849 0.288650 -0.063562 0.096730 -0.073413 0.033875 -0.084521 0.109038 -0.032700 0.046255 0.128366 0.071911 0.028390 -0.223337 0.015183 -0.030618 -0.072542 -0.057184 -0.184050 0.053165
solar -0.016527 0.083670 0.127606 0.163383 0.005428 0.061601 0.028340 -0.029057 -0.042557 -0.039234 -0.106781 -0.240512 -0.043467 0.313956 -0.041437 -0.027810 -0.204704 -0.074976 0.233438 -0.003722 0.053858 -0.017281 0.249015 0.105731 -0.164187 -0.288712 0.220267 -0.080945 0.323458 -0.014780 0.058526 0.008576 0.100283 -0.159903 -0.186716 0.077044 0.050761 0.070960 0.089920 0.015339 -0.105549 -0.209903 0.143281 -0.152071 -0.096543 -0.034182 -0.187183 0.040845 -0.272780 0.061420
solitary -0.071606 0.144703 -0.194961 -0.210131 0.157055 0.049740 0.028314 0.010542 0.035533 0.143615 0.183351 -0.101700 0.199255 0.133662 -0.066081 0.068270 0.098127 0.074583 -0.054011 0.101673 -0.233026 -0.065773 -0.066347 0.175675 -0.080530 0.140412 0.172980 -0.246321 0.265870 0.080150 0.060264 0.040797 0.098262 -0.047911 0.234572 0.099790 0.160913 0.069364 -0.005857 -0.028235 0.169293 0.222649 -0.210503 -0.228706 -0.030698 -0.129348 -0.210407 0.096659 0.226243 -0.062762
solutions -0.174689 0.069970 -0.092414 -0.048489 -0.298673 0.003458 -0.162337 0.208234 -0.120341 0.329433 -0.129846 0.121041 -0.007896 -0.044617 0.005541 0.130287 0.008989 -0.078400 -0.187164 0.060040 -0.012013 0.111554 -0.052456 -0.017964 -0.011078 -0.085635 -0.037273 -0.113213 -0.381981 -0.006996 0.123730 0.130720 -0.015344 0.026457 -0.079194 0.128742 -0.055494 0.151017 -0.059515 0.159183 0.053373 -0.161613 0.117670 0.135092 -0.364054 -0.114266 0.171797 0.207536 0.026764 0.046241
some -0.114545 -0.046667 -0.147876 -0.027302 -0.047573 -0.160565 -0.030284 0.041245 0.001212 -0.026476 0.014201 -0.031002 0.161086 0.175053 0.154572 0.211923 0.027868 0.101960 0.116650 0.104310 -0.114920 0.193913 -0.003539 0.079676 0.097408 0.118869 0.090206 -0.146296 0.265212 -0.068466 0.153886 -0.066875 -0.156138 0.077125 -0.112839 -0.057534 -0.005363 -0.167742 0.258123 -0.260714 -0.323532 -0.312647 0.242118 -0.125536 -0.188528 -0.010886 0.164229 0.027894 0.024581 -0.071044
southwest -0.090608 0.230463 -0.004450 0.144814 -0.063885 -0.146805 0.019253 0.060693 0.002418 0.081430 -0.014502 0.151649 -0.015409 0.091798 0.031954 -0.150094 0.263580 0.002683 -0.223444 -0.124439 0.024642 -0.180612 0.057220 -0.044139 0.094995 0.128160 0.250029 -0.227116 0.223301 -0.068231 -0.159685 -0.303999 -0.116674 0.204489 0.117276 -0.082162 -0.000342 -0.294284 -0.303970 -0.062603 -0.038995 0.074685 0.081476 -0.171604 -0.144283 -0.056801 0.039278 0.039319 -0.034088 0.101417
sovereign -0.076462 -0.112853 -0.100279 -0.074418 -0.139113 -0.103690 -0.081435 -0.087167 -0.163097 -0.189973 0.372538 0.253187 0.334168 0.341292 0.305034 0.245974 0.273243 0.214625 0.213553 0.232017 0.007668 -0.067446 0.018897 0.018447 0.103059 -0.081417 0.023881 -0.023632 0.002429 -0.014356 -0.008882 0.023046 0.018583 0.006948 -0.038268 0.026582 -0.019060 0.038965 -0.005415 -0.093843 -0.021972 0.021822 -0.061057 -0.048297 0.012370 -0.056342 0.057123 0.042101 -0.027584 0.010981
sovereignty -0.146296 -0.146656 -0.132970 -0.052158 -0.091486 -0.090813 -0.030627 -0.122302 -0.073379 -0.074299 0.335262 0.344960 0.315637 0.363313 0.324298 0.185313 0.291532 0.250045 0.161279 0.266291 0.025926 0.055400 -0.018858 -0.019740 -0.046846 0.007224 0.064916 -0.012981 -0.010262 0.032182 0.002947 0.015916 -0.059210 0.091809 0.014695 -0.000751 -0.004736 -0.016716 0.046565 -0.022827 0.006484 0.002404 -0.043483 0.027222 -0.032729 -0.019162 0.012884 -0.115478 -0.000830 -0.031981
spaces 0.010538 0.196136 0.234829 0.109698 -0.066208 0.013482 -0.031045 -0.040044 -0.030091 -0.053438 -0.009276 0.091074 -0.051112 -0.085840 -0.199331 0.146581 -0.325893 0.010952 0.169837 -0.091995 0.152113 0.048483 -0.215031 -0.122199 -0.038585 -0.057939 0.050662 -0.198068 0.011288 0.078069 -0.242255 -0.101676 -0.141878 0.111104 -0.057143 -0.106321 0.180923 -0.176017 -0.119602 0.234286 -0.010680 -0.305793 -0.099529 -0.232921 0.285820 -0.025783 0.021537 -0.014166 0.016474 -0.174797
spanning 0.381077 -0.028771 0.298764 0.013933 0.151132 -0.054616 -0.049681 0.081726 0.045643 -0.126735 -0.116834 -0.131898 -0.120537 0.144600 -0.045266 0.026012 0.095016 -0.020884 -0.185711 0.026269 -0.127553 0.017940 0.169598 -0.096903 0.016593 -0.157057 0.210610 0.078480 0.019031 -0.167580 0.385571 0.208787 0.070536 0.179991 0.177387 -0.115760 -0.052847 -0.096553 0.160246 0.011528 0.158148 0.201001 0.104679 -0.079202 -0.011922 0.035008 -0.140717 0.135811 -0.040870 -0.050309
spark 0.018950 0.117170 0.140705 -0.123309 0.273120 0.047396 -0.087932 0.056654 -0.067270 0.278586 -0.262278 0.209068 -0.137588 0.047510 0.039186 0.105567 0.149859 -0.016760 -0.007395 0.030462 0.165160 0.045903 0.003218 -0.020735 -0.025117 0.239603 -0.218212 0.197876 0.127330 0.112321 0.085362 0.068358 -0.222819 0.191101 -0.025564 -0.082651 0.171052 -0.082697 -0.147262 -0.044183 0.107121 -0.226698 0.042985 -0.246669 0.118886 0.204888 0.097368 -0.210457 0.064016 0.050451
species -0.108380 0.165023 0.137357 -0.080051 0.062582 0.185996 -0.114629 -0.246196 0.063923 -0.062423 0.225550 0.016253 -0.134507 -0.103795 -0.181069 0.015076 0.297053 0.378275 0.180227 -0.131720 0.189918 0.144336 -0.045859 -0.163267 0.225841 0.064404 -0.005692 0.190905 0.048748 -0.009762 -0.198210 0.036871 -0.075283 0.039817 0.168138 0.038452 -0.159880 0.208732 0.178074 -0.033451 -0.028548 0.119743 -0.052147 0.100398 0.107066 0.074538 0.002174 0.099214 -0.081722 -0.021259
specific -0.086463 0.009502 0.137394 -0.172940 -0.063204 0.030344 -0.010045 -0.074243 0.028086 -0.217846 -0.061057 -0.077059 0.003992 0.034539 -0.141724 0.272509 -0.001666 -0.001154 -0.039810 -0.146826 0.069776 -0.018489 0.208291 -0.018905 -0.309062 0.255931 0.052717 0.005592 0.055469 0.234662 0.172023 0.091000 -0.055684 -0.238743 0.025649 0.126154 0.160045 -0.151179 0.132517 0.318075 0.127372 -0.065571 0.289702 -0.200049 0.106781 -0.031721 0.199101 -0.060671 -0.047279 -0.037369
speculative 0.104344 0.065943 -0.131070 -0.040980 0.106839 0.081831 0.075155 0.081870 -0.019046 -0.135779 0.121663 0.046355 -0.017025 -0.203786 0.115208 -0.257815 -0.071920 -0.016948 0.121734 0.011402 0.080483 0.291211 -0.164351 0.093520 -0.109674 0.136580 -0.030970 0.175675 -0.139996 0.184262 0.213973 -0.113656 -0.352939 -0.093824 0.054656 0.065664 0.091189 -0.051152 0.272344 -0.261916 0.157428 -0.030025 -0.098492 0.213311 -0.243127 0.023703 0.076114 -0.023337 -0.119568 -0.019078
speech 0.229387 -0.028122 0.160088 0.202198 -0.124344 0.246851 -0.091340 -0.006971 -0.203308 -0.093646 0.157431 0.079068 0.005176 -0.207642 -0.214964 -0.031086 -0.082055 -0.058310 -0.016338 -0.051182 -0.126764 -0.016282 0.044557 0.157223 0.035625 0.090667 0.139991 -0.044268 -0.237432 0.071700 0.128735 0.210221 0.194136 0.127688 0.161644 -0.001399 -0.160080 0.097317 -0.180084 -0.105129 0.006109 0.175933 -0.192457 0.039847 0.172312 -0.098203 -0.045838 -0.378404 -0.019827 0.033281
speed -0.023056 0.080172 0.213400 -0.142226 -0.230610 0.222061 -0.061085 -0.036277 0.056567 -0.038774 -0.183401 0.203119 -0.058455 0.071173 0.204088 0.188336 -0.259592 0.134616 0.146327 -0.098213 0.157718 0.012869 0.104678 0.263932 -0.088530 -0.152162 0.047771 -0.400356 0.124889 0.061303 -0.207443 0.174373 -0.050851 0.027981 -0.152993 -0.054052 0.051390 -0.085911 -0.094596 -0.126950 -0.007728 0.140095 -0.201028 0.069383 -0.022714 -0.062874 0.047309 0.072451 0.019382 -0.062663
spending -0.138971 -0.134791 -0.188136 -0.088171 -0.110169 -0.189169 -0.149204 -0.133481 -0.086300 -0.076774 0.226208 0.327316 0.179729 0.223947 0.159162 0.210787 0.375482 0.316527 0.317939 0.307849 -0.033530 0.033688 0.008723 -0.041230 -0.010738 -0.004200 -0.064450 -0.049923 0.043738 0.078539 0.014325 -0.025516 -0.015472 -0.006657 -0.042988 -0.035872 -0.017304 -0.008937 -0.054573 -0.054132 0.147053 0.028536 -0.010488 0.025124 0.021355 -0.114438 0.018784 0.048439 0.021006 0.033435
spikes -0.021306 -0.006123 -0.017782 -0.116765 0.063461 -0.217720 -0.007824 0.208316 0.113956 0.037012 -0.020584 0.387888 -0.064660 -0.048031 -0.112475 0.181429 0.204233 -0.181207 0.048028 -0.311607 0.193899 0.121246 0.034432 -0.018286 -0.035694 0.049336 0.163160 0.218930 -0.097727 -0.125615 0.241239 -0.156220 -0.030260 -0.054271 -0.029806 -0.055629 0.337577 -0.183359 -0.127429 0.013661 -0.152583 0.145778 0.022276 -0.067647 0.100281 0.000794 0.033577 0.062504 0.106416 0.107480
squarely -0.045218 -0.024805 0.144237 -0.183650 0.028253 0.011218 0.033135 0.318677 -0.016771 0.038964 -0.057961 -0.047286 -0.073159 0.029419 -0.061269 0.348433 -0.286631 0.095314 -0.078709 0.198191 0.133520 0.051331 0.077194 0.114447 -0.326681 -0.052888 0.031426 -0.159074 -0.034848 0.141475 -0.304195 -0.050485 0.050787 -0.008940 0.167884 0.053046 -0.068396 0.111216 0.092950 0.132576 0.068194 -0.034326 0.191107 -0.002090 -0.061466 -0.344785 -0.147486 0.088578 -0.017443 0.016338
squeeze 0.205036 0.037008 -0.214174 -0.167520 -0.021834 0.358144 0.017864 -0.029250 0.046687 -0.172145 -0.100918 0.146897 0.133155 0.081754 0.026462 -0.140946 0.016318 0.218734 -0.010238 0.232837 -0.156379 0.029644 0.073836 -0.129028 -0.169819 0.120692 0.301151 -0.042932 -0.123586 -0.054725 -0.142048 0.213132 -0.075809 -0.044908 -0.250654 -0.082817 -0.041788 0.060929 -0.148691 -0.063277 0.304053 0.185144 0.170311 -0.052373 0.016293 0.071628 -0.006473 -0.029232 -0.026807 -0.000489
stability -0.247895 0.174250 0.384612 0.144385 -0.111530 0.222269 -0.025277 -0.125984 0.005172 0.227021 0.041140 -0.199538 0.125721 -0.041587 0.174922 -0.021979 0.080899 0.006021 0.064898 -0.194997 0.076854 0.133541 0.064394 -0.000082 -0.034061 -0.029295 -0.081783 -0.051544 0.055872 0.102495 0.028323 -0.003083 -0.089317 -0.232776 -0.188300 -0.163056 -0.058637 -0.148134 -0.140771 -0.067866 0.226798 0.007400 0.225783 -0.223730 0.134310 -0.015408 0.162096 -0.077403 -0.172417 0.100289
stabilization 0.119788 -0.098116 -0.161051 -0.162670 -0.047855 0.018237 0.013657 -0.124213 -0.101003 0.089320 -0.010871 -0.062761 -0.158159 -0.015856 -0.295472 -0.114611 0.093756 -0.069795 0.041335 -0.000687 -0.244080 0.168991 0.060129 0.013049 -0.063787 -0.110229 0.410259 -0.060181 0.151016 -0.003253 -0.079287 0.107091 -0.162422 0.054249 -0.048050 0.137557 -0.028487 -0.128655 0.165520 -0.116716 0.303249 -0.106880 0.160719 -0.195541 -0.048240 0.246294 -0.026798 -0.206882 -0.148731 -0.128127
stable -0.194458 0.063699 -0.100355 0.064277 -0.107875 0.032269 0.021550 0.019669 0.032545 -0.264659 -0.120951 0.099016 0.299508 -0.033491 -0.042199 0.091806 -0.214366 -0.130791 0.114538 0.119158 0.048318 0.002224 -0.054672 0.155950 0.007076 0.251460 -0.191329 -0.031430 -0.193059 -0.094152 -0.150002 0.107567 0.142576 0.095983 0.024831 -0.310270 0.148625 0.023716 0.093656 0.021568 0.098183 0.206677 0.053817 -0.311348 -0.146953 -0.154400 0.017166 -0.257728 -0.079103 0.061655
staff -0.174461 0.367795 -0.088175 -0.160796 -0.054913 -0.038360 0.142242 -0.119126 -0.150729 0.101456 0.028187 0.056284 -0.022475 -0.144989 0.214577 0.310006 0.181035 0.150390 -0.076703 0.104690 0.012760 0.003496 0.126390 0.061374 0.024798 0.108197 0.134890 -0.009924 -0.069354 0.225774 -0.054841 0.263576 0.049662 0.010963 0.202590 0.098624 0.210881 -0.015433 0.189727 0.031978 0.135070 0.069776 -0.295114 0.105976 0.047198 0.067269 -0.127826 -0.138243 0.046680 -0.095751
staffing -0.081344 0.193746 -0.077935 0.256987 -0.007435 -0.134027 -0.001054 0.053161 -0.112121 -0.228759 -0.040427 -0.124291 0.030809 0.113940 -0.007239 -0.134505 -0.016113 0.155753 0.083551 -0.012478 -0.014138 0.048426 -0.004624 0.066659 0.298206 -0.070924 -0.463315 0.230678 -0.156330 0.012530 0.151458 0.083868 0.060875 -0.022589 0.048565 0.020049 0.115344 -0.043293 0.024850 0.065295 -0.035789 0.036943 -0.074901 -0.145028 0.054949 0.361816 0.079071 0.045058 0.220563 -0.215812
stagnate 0.225475 0.011021 -0.129096 -0.095589 0.076213 -0.184571 0.192244 -0.031725 -0.085091 0.038400 0.252063 -0.168927 0.146095 0.123198 -0.289463 0.019656 0.001213 -0.385358 -0.287504 -0.003467 -0.048984 0.051431 -0.071067 -0.123299 0.066990 -0.027602 -0.175347 -0.050382 0.055588 -0.231514 0.076364 -0.027345 0.095873 -0.085590 0.045719 0.079800 -0.010228 0.244079 -0.039487 0.085755 -0.040791 0.212821 0.053253 0.049296 0.160968 -0.028650 -0.115638 -0.195378 0.200217 -0.038566
stance 0.103165 0.084444 -0.157898 -0.171976 0.037768 0.402990 0.024424 -0.059804 0.011970 0.081582 0.199639 0.003676 -0.141962 0.090047 -0.143341 0.029981 0.149888 0.066543 0.025535 -0.034723 0.069933 0.021864 0.007462 -0.033863 -0.058198 0.164877 0.213608 0.032571 0.104813 0.050749 -0.168417 -0.124845 0.061818 0.196327 -0.371179 -0.173757 -0.193476 0.163505 0.079737 0.045080 -0.091792 0.091094 0.217457 -0.052739 0.053223 -0.095730 0.083990 0.204290 -0.119253 0.261838
standard 0.102611 0.059597 -0.210380 0.166088 0.104294 -0.148037 0.236405 0.115190 -0.095394 0.003854 0.094774 0.310260 0.189672 -0.124426 0.153568 0.334653 -0.049858 0.056249 0.066977 -0.142450 -0.139921 -0.005686 0.023043 0.065804 0.099734 -0.069315 -0.074701 -0.111634 0.026963 0.009328 0.290240 -0.004661 0.003671 0.106948 0.016069 0.217077 0.084491 0.097606 -0.160010 0.015220 -0.088236 -0.100233 0.031005 0.348353 -0.150056 0.055744 0.102744 -0.225218 0.080564 -0.055652
standardized 0.103871 0.028145 0.037177 0.072062 -0.259208 0.217733 0.031157 0.230438 0.073513 0.263435 -0.130994 -0.087496 0.032331 0.037132 0.152187 0.117653 0.192103 0.077379 0.015332 -0.048262 0.085731 0.134101 0.036728 -0.039129 -0.318717 -0.107739 -0.229194 0.063922 0.125558 0.246864 0.088073 -0.047683 0.127038 0.184435 0.091191 -0.219954 -0.094841 0.093241 0.041352 0.184642 0.017896 -0.199731 0.212464 -0.027304 0.043555 0.101138 0.205511 -0.088775 0.123029 -0.141779
standards 0.165927 0.466619 -0.198756 -0.006795 0.239410 0.035858 -0.009768 0.155216 0.040240 -0.034638 -0.103888 -0.060461 -0.076274 0.050351 -0.066784 0.061209 0.166136 0.022079 -0.273562 -0.025230 0.127746 0.185958 -0.108787 -0.034713 0.065758 0.060359 0.347625 -0.090896 -0.251935 0.088907 -0.045011 -0.076273 -0.063425 0.136265 0.087339 0.025200 -0.165625 -0.078802 0.158053 -0.134280 0.014518 -0.156191 -0.174824 0.091955 -0.030174 0.096999 0.050169 0.031724 -0.153175 -0.079606
starter -0.034981 -0.354059 -0.057447 -0.011967 0.071863 0.011640 0.008281 0.021006 0.057140 -0.031319 0.025416 -0.085717 -0.042928 0.056735 -0.182924 -0.281215 0.044592 -0.131219 -0.175058 0.179132 -0.133266 -0.116532 -0.043692 -0.097695 -0.014245 -0.047053 0.159515 0.092952 -0.094237 -0.003057 0.059558 -0.047310 0.198396 0.072052 0.076248 0.044256 -0.123438 0.030290 -0.149697 0.373083 0.013231 -0.117057 0.149616 -0.366049 0.208845 -0.150056 0.086140 -0.017275 -0.226952 -0.180883
starts 0.041351 0.097196 0.155465 -0.207216 -0.126005 -0.190570 -0.007074 0.062101 0.076535 0.100665 0.054862 0.090171 0.173392 0.039256 -0.101734 0.090047 0.041273 -0.118582 0.251654 -0.336021 -0.161012 0.013193 0.067575 0.167946 -0.189914 0.158998 -0.223186 -0.197704 0.138230 -0.022520 0.047883 0.053242 -0.040426 -0.340600 0.053712 -0.036129 -0.045276 0.049248 -0.140278 0.094489 -0.192884 0.080908 -0.268201 -0.084840 -0.077365 0.117232 -0.010213 0.069875 0.159549 0.186034
startup -0.228319 -0.198161 -0.055283 0.217503 0.063701 -0.344236 0.009654 -0.116636 -0.082609 0.094160 0.306203 0.237719 0.081696 0.007155 0.149695 -0.216425 -0.191910 -0.114966 0.142663 -0.156410 0.277335 -0.206201 -0.279367 0.166870 -0.017475 0.057388 -0.075075 -0.003357 0.005838 0.078532 -0.053685 -0.064760 0.052067 0.069037 -0.129950 0.065226 -0.137981 0.056347 0.078244 -0.015688 0.054635 -0.086472 -0.027120 -0.150478 -0.119304 -0.030442 0.053378 0.123540 -0.000839 0.114124
state 0.079263 -0.117369 0.138995 -0.153379 -0.146397 0.014594 0.067991 -0.051435 0.126512 0.135536 -0.238786 -0.146740 0.106976 0.164976 0.156944 -0.189416 0.262839 -0.089218 0.178973 -0.110753 0.039613 -0.046491 -0.323612 -0.235703 0.034181 0.175056 -0.078384 0.041244 -0.204486 0.003943 -0.077520 -0.217922 -0.003282 -0.042227 0.134960 -0.249154 0.173057 -0.252708 0.008829 -0.003846 0.072539 -0.017529 0.148072 -0.146008 0.094675 0.031300 0.047936 0.073849 -0.181198 -0.020418
states 0.286930 0.027530 -0.070511 0.255536 -0.058591 0.115012 0.148681 -0.044006 -0.088032 -0.046044 0.080383 -0.019958 0.146821 -0.004855 0.023521 0.118600 0.034426 0.332799 -0.056905 -0.174042 0.097995 0.087741 -0.168621 -0.207842 -0.075383 0.155524 0.077232 -0.122811 0.119931 -0.003696 0.157564 0.135712 -0.167102 0.109590 0.210724 0.103923 -0.091202 -0.154273 0.352986 -0.029096 -0.037576 0.167819 0.110637 -0.058086 0.126491 0.141595 0.134043 0.121458 0.004272 0.208260
statewide -0.138122 -0.029808 -0.310909 0.053268 0.016659 -0.124180 0.011782 0.212799 -0.113873 0.129707 0.070276 -0.138362 0.171455 0.087709 0.031222 0.090926 -0.088821 -0.065710 0.189002 -0.237304 0.274198 0.007503 0.018594 0.164529 0.055474 -0.033907 -0.231956 0.073139 0.002934 0.247019 0.018232 0.011829 0.290415 -0.153617 -0.287965 -0.049829 -0.019954 -0.107750 -0.146357 0.105572 -0.014178 0.051786 0.122024 -0.023982 0.041027 -0.074813 0.110963 -0.284566 -0.094977 -0.146868
statistical -0.023415 0.001488 -0.044558 0.010016 0.032264 0.042357 -0.028462 -0.059416 0.043493 -0.040712 0.001593 -0.010936 -0.002834 0.026481 -0.035947 0.026401 -0.077479 -0.029783 0.005364 0.023771 0.283047 0.388255 0.284736 0.302898 0.224205 0.210964 0.370859 0.242529 0.358069 0.309434 -0.021813 0.028126 -0.100213 -0.004072 -0.088318 -0.034608 -0.034885 0.067066 0.024378 0.079632 -0.024462 0.029602 0.051370 -0.092140 0.084891 0.035039 0.052946 -0.025522 -0.006863 0.007009
statistics 0.058104 -0.018811 0.039709 -0.020333 -0.022889 -0.049967 -0.029294 0.030550 -0.021708 0.003094 -0.016911 -0.024704 0.030325 -0.014628 -0.013692 0.022601 0.002681 -0.008245 0.020852 0.019676 0.284952 0.194673 0.419592 0.322763 0.340620 0.271460 0.320991 0.139392 0.363534 0.316823 0.018129 -0.063212 0.031478 -0.009022 -0.023353 0.036081 -0.036185 -0.003506 0.006995 -0.063258 0.064046 -0.073657 -0.005646 -0.000243 -0.101488 -0.049789 -0.035346 0.047973 0.052872 -0.004647
status 0.188777 0.029895 -0.120673 0.151011 -0.095748 0.066348 0.269695 0.023619 -0.128334 0.321563 0.016456 0.132285 -0.004731 0.087931 -0.093322 0.005883 -0.083506 -0.061840 -0.100837 -0.320722 -0.066832 0.056691 -0.285034 -0.014796 -0.088660 -0.021291 0.256859 -0.087425 -0.100823 -0.112675 -0.053267 0.144382 -0.170241 -0.149409 0.206843 -0.281430 0.068248 -0.169256 -0.123443 0.066634 -0.031542 0.005387 -0.089145 0.183653 -0.118570 0.040849 -0.098179 -0.126197 -0.157202 -0.093116
statutes 0.062903 -0.013735 0.031792 0.181520 -0.028367 -0.095852 -0.134814 -0.192297 -0.202840 0.149748 0.027965 -0.282791 0.016362 -0.157635 0.248490 -0.209751 -0.031322 -0.196771 -0.059082 -0.020692 0.012992 0.137194 -0.089437 0.102891 -0.119248 -0.115533 -0.301616 -0.043711 -0.312890 -0.139172 -0.033901 -0.099975 0.105207 0.105806 -0.064667 0.241003 0.093815 -0.013421 0.071441 0.195077 0.104989 -0.076074 -0.006553 -0.105083 -0.110784 -0.001832 0.031003 -0.082920 -0.271400 -0.182136
statutory 0.033327 -0.199501 -0.000819 -0.154903 0.021693 0.066840 0.037389 -0.100851 0.037629 0.165714 0.124941 0.249530 0.156490 0.002222 -0.199245 -0.167032 -0.052324 0.001516 0.052027 0.080576 -0.156307 -0.132919 0.085659 -0.109445 0.032836 -0.102516 0.223297 0.056730 0.218706 -0.075035 0.318013 0.022516 0.318910 0.134343 0.033208 -0.106264 -0.082867 -0.051952 -0.165033 -0.212689 -0.057025 0.076921 -0.019076 0.129333 0.123662 -0.205913 -0.038180 -0.128095 -0.305443 0.131601
steady 0.082081 -0.197381 0.141791 0.271044 0.000689 0.137820 0.039040 0.172947 -0.061077 0.108306 -0.168668 0.231976 0.033470 -0.268973 0.158921 0.136073 -0.070625 -0.028427 0.193038 0.057386 -0.164032 -0.181009 -0.021179 -0.312240 -0.042644 -0.079827 -0.318405 -0.101159 0.288161 0.081604 0.187423 -0.050237 0.105535 0.035191 -0.171385 -0.029568 0.112002 0.025133 0.080752 0.004291 -0.010174 0.034242 -0.019552 -0.000235 -0.112969 0.154953 0.105974 -0.118172 0.134220 -0.015652
steagall -0.014192 -0.001392 -0.123682 -0.175492 0.046711 0.055669 0.032403 -0.310758 0.102805 -0.190071 0.002441 -0.055429 -0.157394 0.116035 0.206336 0.079387 -0.024870 0.098177 0.136785 -0.185356 0.155237 -0.028379 0.079531 0.080280 0.076165 -0.135856 -0.136277 0.333796 -0.157738 -0.109324 -0.162364 -0.065930 -0.127271 0.021204 -0.231940 0.203334 -0.034011 0.184735 -0.085752 0.082311 -0.241790 -0.189022 -0.189902 -0.116596 -0.070065 0.271846 -0.044882 0.020662 -0.065245 0.023796
step -0.096115 0.107178 0.211905 -0.006220 0.218045 0.226954 -0.207158 0.112063 -0.096123 -0.037482 0.074868 -0.000638 -0.218727 0.094930 -0.122763 0.135654 -0.156397 -0.055585 -0.159595 -0.123491 0.267159 0.042916 -0.295796 0.002978 0.051166 0.088859 0.030321 -0.084207 0.100738 -0.273427 -0.074182 0.019512 0.138505 -0.021222 -0.075366 -0.330872 0.095088 -0.142785 -0.094652 0.024136 -0.168198 0.070489 0.021126 -0.070031 0.011313 0.132586 -0.001478 -0.177015 -0.223682 -0.153215
stifle 0.313026 0.004348 0.159263 -0.016548 -0.096729 0.218698 0.058419 0.033906 -0.102076 -0.142961 -0.075885 -0.062128 -0.079804 0.002474 -0.253827 0.130852 -0.120603 0.078683 -0.089379 -0.027395 0.052575 0.172955 -0.043297 0.001485 0.002269 -0.118286 -0.073283 -0.217742 0.041272 0.465275 -0.084241 0.089492 0.050750 0.045288 -0.283844 -0.074602 -0.002695 -0.055245 0.132689 0.032120 0.151878 -0.082658 0.103755 -0.030582 0.137659 0.177790 0.284461 0.036012 -0.185972 0.026372
stifled 0.061566 0.050381 -0.104700 0.232342 0.265575 -0.125919 0.032083 0.106132 0.191056 0.207282 0.036617 -0.062937 0.175059 -0.013239 -0.073561 0.201034 0.037223 -0.119834 -0.033968 0.144842 0.097577 0.002367 0.055125 -0.224607 -0.184051 0.038655 -0.149946 -0.243234 0.222681 -0.101542 0.061265 -0.110020 -0.033691 0.038806 0.152646 -0.085803 -0.004728 -0.050491 -0.365783 0.049978 0.121098 -0.012484 0.044559 0.024183 0.002931 0.084736 0.018279 0.348141 0.223075 0.083179
stock 0.008157 -0.056534 -0.192830 -0.231913 0.254039 0.035177 -0.268894 -0.058578 0.088139 -0.052988 0.005645 -0.056140 -0.039685 0.106578 -0.122394 -0.108598 0.217591 -0.261223 -0.302509 0.007337 -0.039392 0.139807 0.023524 -0.101919 0.122304 -0.110441 -0.018842 -0.051283 -0.140242 0.137237 -0.299580 0.166846 -0.066017 -0.061774 0.001645 -0.049887 0.051196 -0.200936 0.028858 -0.168151 0.123844 -0.049390 -0.073950 -0.015486 -0.119321 -0.134390 -0.285510 -0.042477 0.084903 0.237269
storage 0.340689 0.028968 -0.056122 0.061657 -0.168886 0.049859 0.077560 -0.090620 -0.073403 -0.085723 -0.168304 0.015058 0.047080 -0.007724 0.258607 -0.317354 -0.098375 0.069244 -0.057890 0.158661 -0.148550 0.242546 0.018684 0.037228 0.152251 -0.062511 -0.210642 0.046763 -0.066457 -0.009689 0.208238 -0.241684 0.001802 0.135058 0.010656 -0.051631 -0.298972 0.245887 -0.111270 0.012611 0.214682 0.037151 -0.214492 0.012869 0.084101 -0.002155 -0.105851 -0.013592 -0.099983 0.093155
strains -0.118897 -0.130159 0.211123 -0.173423 0.042425 -0.086081 0.095838 0.014530 -0.056938 -0.111632 -0.002810 -0.164228 -0.094074 0.196375 -0.133923 -0.056102 -0.010742 0.317991 -0.186736 0.124815 -0.173039 0.100098 -0.086679 -0.046876 0.142729 0.212482 0.036278 0.025907 -0.097205 -0.087497 0.133078 0.084096 0.041189 -0.034362 0.041060 -0.286548 0.128888 -0.121406 -0.232356 -0.237777 0.336965 -0.146488 -0.097574 0.003235 -0.004157 0.170570 -0.044229 -0.217121 -0.041379 0.027057
strangle 0.085314 -0.023976 -0.023101 0.023726 -0.165390 -0.124720 0.129541 -0.050055 -0.078599 -0.147282 0.131500 0.011270 0.070571 -0.199007 -0.072649 -0.085763 0.229531 -0.109561 -0.028671 -0.063347 0.057605 -0.233707 -0.057423 0.169457 0.120505 0.178100 0.014469 0.096818 -0.428490 -0.157425 -0.227259 -0.013414 -0.039838 -0.080854 0.110856 -0.316416 -0.064716 0.048115 -0.012058 0.065736 0.226727 -0.091708 -0.036237 0.048727 -0.047844 0.066688 -0.077236 -0.268230 -0.183660 0.193526
strangling -0.018389 0.208370 0.046256 0.114105 -0.052954 -0.067718 0.032579 -0.069515 0.274045 0.025735 0.128297 0.177355 -0.278644 -0.071575 -0.147611 0.275627 0.108376 -0.210019 -0.143610 0.041763 0.053873 0.083714 -0.009931 -0.129025 0.070779 -0.047919 -0.054361 -0.269737 0.147826 0.005587 -0.339601 -0.094223 -0.043910 0.172197 -0.051685 -0.010627 -0.102394 0.063821 -0.164904 0.089078 -0.139350 0.048540 0.192108 -0.204359 0.185773 -0.079972 -0.161736 0.109207 0.116019 0.112541
strategic 0.040774 -0.123372 0.111101 -0.031551 -0.074852 -0.160708 -0.099704 -0.220377 -0.154034 0.063812 -0.198311 -0.124830 0.213432 0.050179 0.078220 0.241533 -0.064095 -0.032210 0.223585 -0.127832 0.169155 -0.064207 0.138526 -0.121315 -0.062874 0.262843 0.021621 0.112084 -0.099034 -0.016484 -0.019170 -0.152791 -0.165463 -0.024182 0.073926 0.002611 0.023157 0.102746 0.138013 0.012188 0.146442 -0.121798 -0.176880 -0.234347 0.239284 0.270819 0.183622 -0.004953 0.019073 -0.275154
strategies -0.079107 -0.102317 -0.169896 -0.306375 -0.008523 0.034054 0.031383 -0.232700 0.055200 -0.041337 0.102143 -0.067624 0.071062 -0.099898 -0.129781 -0.257276 -0.045201 0.142469 0.066068 0.035538 -0.147168 0.211958 0.126491 0.068875 -0.092376 -0.060185 -0.042991 -0.042442 0.052566 0.099267 0.156222 0.108676 -0.228386 -0.059244 -0.281154 -0.127337 -0.182401 -0.244233 0.220269 -0.070048 -0.141003 0.126651 -0.077550 -0.116190 -0.223488 -0.071295 -0.189115 0.073910 -0.222862 0.088194
streamlining 0.035536 -0.178820 0.001477 0.242779 -0.003700 -0.126587 0.246716 0.208682 0.200886 0.120274 0.241237 0.015270 0.054933 0.005376 -0.037077 -0.139792 0.216621 -0.159186 0.021583 -0.140287 -0.006852 -0.087642 0.190642 0.112120 0.087614 0.083034 -0.219406 0.003353 0.087377 -0.091518 0.125501 -0.106933 -0.255607 -0.048004 -0.402200 -0.215637 -0.180557 -0.007433 -0.203059 0.005526 0.016616 -0.031421 0.040057 0.000679 -0.053760 0.092014 -0.033890 -0.033511 -0.080912 -0.149373
street 0.191890 -0.019544 0.089088 0.179290 0.144402 0.018130 -0.048371 0.152858 -0.085761 -0.005391 0.139923 -0.002799 -0.025923 -0.036694 -0.067658 0.173390 0.061818 -0.170850 0.082127 0.113927 -0.139977 -0.157317 0.030603 0.085320 -0.196789 -0.070325 0.003127 0.272519 0.143167 0.276266 -0.267817 0.090155 0.185213 -0.172287 0.085653 -0.044189 -0.016864 -0.110623 0.164046 -0.145259 0.091305 0.170248 0.066285 0.168663 0.067017 0.013803 0.196597 -0.248972 -0.311202 -0.078406
strength -0.003973 0.150714 0.322059 -0.057296 -0.025978 -0.049754 0.110776 -0.093345 -0.078363 0.024116 -0.192911 0.032465 0.025091 0.063373 0.018670 -0.018866 0.282680 0.110054 -0.042949 0.029350 -0.005344 -0.001485 0.099738 -0.036780 0.019397 0.146396 0.062884 -0.092228 -0.089725 -0.051420 -0.074674 -0.021301 0.028202 0.200812 -0.271011 0.129816 0.164847 -0.199641 0.051171 0.167207 0.522902 -0.061037 0.139219 -0.062486 0.188986 -0.045245 -0.027603 -0.144404 -0.221383 0.029745
strengthening 0.221607 -0.053716 -0.070842 0.304300 -0.004167 0.088287 -0.082704 -0.188367 -0.026148 -0.058813 -0.091117 0.167193 -0.040620 -0.291302 -0.132900 0.040674 0.115363 0.020457 0.079166 -0.147801 -0.057553 -0.111711 0.136072 0.181929 0.104419 0.137180 0.078870 0.063459 0.052778 0.034151 0.208181 -0.084243 0.063668 -0.015936 0.076553 0.093357 0.130986 0.075119 0.131034 0.187917 -0.320623 -0.017130 -0.076563 0.145079 -0.117491 0.296506 -0.014102 0.293453 0.004916 0.195456
strengthens -0.131177 0.063205 0.065571 -0.109130 -0.198935 -0.063483 0.157164 0.397659 -0.114283 0.102636 -0.075169 0.137996 -0.053256 -0.193187 0.021150 0.034639 -0.052614 -0.096110 -0.136089 0.268863 0.024571 0.036142 0.047205 -0.124384 0.154604 -0.104325 0.061855 -0.074039 -0.007266 0.242429 -0.004352 -0.028829 -0.075870 0.207023 0.140366 0.036628 0.067527 0.095753 0.001384 -0.236764 -0.035888 -0.056899 -0.112894 0.074309 0.373690 -0.186689 -0.045242 -0.177041 0.204180 0.089727
strict 0.069122 -0.022356 -0.109404 0.321893 0.088886 -0.173389 0.165424 0.058116 -0.011945 -0.034967 -0.105679 0.035200 0.043647 0.355558 0.075315 -0.323427 -0.281208 0.063531 -0.057846 0.166507 0.244214 0.220916 -0.011571 -0.010804 0.197411 0.042115 0.104789 0.002087 -0.078037 0.012467 0.055687 -0.006509 -0.041636 -0.108129 0.152320 0.034394 -0.029304 -0.041169 -0.041342 0.067476 -0.020065 -0.006369 0.208647 -0.183323 0.258854 -0.154661 -0.003395 -0.237168 -0.002909 0.051499
strike -0.073201 0.059707 0.202606 0.139334 -0.019764 -0.034259 -0.031941 -0.056390 -0.107075 -0.101413 0.047474 0.081969 0.160823 0.048642 -0.109184 -0.114167 0.011056 -0.107400 0.018221 -0.264522 -0.046887 -0.100921 -0.106272 0.102722 0.066457 0.072521 0.374634 0.288661 0.002339 -0.089099 0.169929 0.079088 -0.130512 -0.049107 -0.108106 0.151479 -0.159385 0.169445 -0.367267 -0.068839 0.190482 -0.153311 0.195561 0.054777 -0.086889 -0.141206 0.044558 0.101905 0.113092 0.216397
strips -0.031262 0.112821 0.188529 -0.017922 -0.222052 0.078494 0.044409 -0.023344 -0.007716 0.063199 -0.053602 0.193760 0.046170 0.194932 -0.119569 -0.191237 -0.035243 -0.015994 -0.027822 0.172157 0.018697 0.122760 0.001936 0.250825 -0.066530 0.042128 -0.184848 -0.261289 0.259209 0.124709 -0.070104 0.232329 -0.097192 0.043601 -0.220701 0.070641 0.016985 0.162882 0.107990 -0.063632 0.324604 -0.042424 0.181790 -0.041825 -0.016770 -0.184415 -0.074951 -0.184791 0.065501 0.261854
strong -0.080676 0.052450 0.060556 -0.181069 0.024960 -0.009925 0.119898 -0.217316 -0.349825 0.055777 -0.000002 -0.028825 -0.001926 -0.073005 0.075360 0.106527 0.021409 0.068970 0.134180 -0.093535 0.127661 0.061247 0.147815 -0.038026 -0.144520 0.299677 -0.163085 -0.013108 0.196313 0.014575 -0.129607 -0.194851 -0.058260 -0.299701 -0.043398 -0.059065 0.013390 0.290709 -0.073326 0.076206 -0.227320 -0.040415 -0.051613 0.124481 -0.092759 -0.155155 -0.025582 -0.163704 -0.083022 -0.322556
structural 0.148458 -0.034900 0.051945 -0.259837 0.128168 -0.011995 0.018008 0.234432 -0.226540 0.055094 0.130539 0.063364 0.002910 -0.020162 -0.138052 0.078932 0.341348 -0.223918 -0.167330 -0.213302 0.141136 0.043826 0.061300 -0.137858 0.156913 0.017676 0.026467 -0.021299 -0.140414 0.087372 -0.119231 0.064563 0.107617 0.223005 -0.076203 0.048154 -0.003584 0.238656 0.203333 0.034488 0.086690 -0.108770 -0.259271 -0.011218 -0.007431 -0.043186 -0.165676 0.080402 -0.129666 -0.262104
structures -0.095628 -0.022554 -0.071778 0.200238 0.229952 -0.283702 0.122844 -0.185309 -0.091613 0.284691 -0.065380 -0.067873 -0.233130 -0.035785 -0.071693 0.050450 -0.286194 -0.131166 -0.040174 0.270783 0.073297 -0.008141 0.020268 0.000029 -0.173251 -0.096948 -0.079098 -0.213525 0.067261 0.230629 0.038599 -0.135312 0.164918 0.054929 0.003889 -0.287447 -0.130466 -0.035247 0.071478 0.087530 0.082708 0.220518 0.047245 -0.143750 -0.009222 0.043889 -0.086714 0.098708 0.037444 -0.095176
student -0.134241 0.084204 0.075365 0.172013 -0.090261 0.231881 -0.112798 0.167511 -0.259182 0.122139 0.011920 0.156762 -0.174502 -0.265216 0.340540 0.025889 0.193627 -0.132705 -0.137194 -0.007285 -0.097054 0.020321 0.191672 0.172937 0.059745 0.055579 -0.120537 0.203428 -0.154926 0.149466 -0.021404 -0.055599 0.024749 -0.014038 0.223707 -0.141056 -0.060145 0.044185 0.020833 -0.148282 -0.233879 -0.084164 0.009819 0.127159 -0.156573 -0.066681 0.126602 -0.119883 -0.084721 -0.080224
study -0.013775 0.036756 0.009559 0.010240 0.037026 0.021028 0.029958 -0.019168 0.069843 0.005322 0.020864 0.025103 -0.012524 0.056032 -0.071698 -0.056306 -0.015226 0.031535 0.008166 0.040199 0.253309 0.321337 0.263641 0.332434 0.308456 0.404957 0.226961 0.302234 0.346844 0.280119 0.049700 0.015146 -0.051388 0.048047 0.027760 0.001023 -0.028080 0.019715 -0.044234 0.027640 0.029878 -0.004548 0.060609 0.012128 -0.038228 0.012003 0.008545 0.064196 -0.044422 -0.040872
style -0.223432 0.044910 -0.247709 0.062500 0.034162 0.276835 -0.048329 0.076057 0.099008 0.131028 -0.120705 -0.051086 0.071386 0.194913 0.113995 -0.111558 0.107860 -0.140312 -0.137689 0.047492 0.115663 -0.061181 -0.104482 0.055082 -0.260273 0.193179 0.052846 0.017437 0.315793 -0.318287 0.151940 -0.030185 -0.161629 -0.030574 0.102719 -0.080101 0.057538 -0.061633 -0.010826 0.003494 -0.013246 -0.194502 0.022152 0.266372 -0.022500 0.079095 0.093475 0.179226 0.240416 -0.035542
subject -0.036272 0.257667 0.108671 -0.011565 0.166447 0.052927 -0.194410 0.033630 0.103738 0.063933 -0.058551 0.090271 0.071875 0.134328 -0.069513 -0.115546 -0.254727 -0.021833 0.055505 0.131328 -0.142338 0.081967 0.201565 0.012056 -0.291592 -0.188117 0.127169 -0.067344 -0.115229 0.346879 0.204846 0.011162 -0.056332 -0.068487 -0.051668 0.013999 0.155306 0.179583 -0.223732 -0.069543 -0.196829 -0.085361 0.143408 0.151121 -0.244744 -0.105044 0.029780 -0.150297 -0.065097 -0.052668
subsidies 0.280096 0.360242 0.195913 0.314959 0.235978 0.183471 0.256677 0.262040 0.226561 0.368695 -0.190719 -0.185051 -0.099313 -0.245962 -0.041963 -0.096824 -0.130080 -0.051173 -0.074225 -0.186840 0.050633 0.012715 0.002901 -0.009663 -0.005146 -0.003995 0.003106 0.004473 0.027657 -0.027054 -0.028799 0.025584 0.020669 0.039039 -0.000835 0.003240 0.033332 0.019680 -0.054602 -0.010666 -0.041583 -0.015470 0.027757 0.090026 -0.030292 0.027844 -0.063444 0.032751 -0.029558 -0.003879
subsidize -0.169632 -0.218567 0.122636 0.045907 -0.062777 0.213096 -0.102186 -0.132583 0.107855 0.093971 -0.187061 0.035932 0.154550 0.196759 0.053517 -0.064023 0.230250 -0.012982 0.008460 0.122284 0.249610 0.308585 -0.192454 0.229018 0.012664 0.119477 0.115662 0.002631 0.329242 0.113366 -0.007513 0.098402 -0.049461 0.032500 -0.023754 -0.026516 0.115029 -0.043681 0.028725 -0.247660 -0.074285 0.040124 0.123908 0.131851 0.021776 0.256176 -0.160085 0.110645 -0.011107 -0.050594
substandard -0.122942 -0.132436 0.077107 0.198482 0.029382 0.189266 0.207767 0.107999 0.342081 -0.165668 -0.034688 0.099051 -0.356259 -0.020372 -0.124338 0.079157 -0.107317 0.211773 -0.112027 0.094790 0.136506 -0.097600 0.113820 0.090434 -0.095022 0.094256 0.301182 -0.007648 0.062452 -0.100160 0.130632 -0.098776 -0.041718 -0.040555 0.203462 0.177869 -0.092136 0.061011 0.013377 -0.046712 0.001328 -0.081884 -0.175159 0.023289 -0.045407 0.090016 -0.007242 -0.126435 0.294974 0.084764
substantial -0.095929 -0.176090 -0.107614 -0.197109 0.136005 -0.253700 -0.038667 -0.057793 -0.094058 0.099395 0.069530 0.123116 0.125592 -0.045650 -0.164226 -0.273791 0.179478 -0.186756 -0.067060 0.089512 -0.079014 -0.121989 0.034063 0.142488 -0.182108 0.074916 -0.031906 0.082907 -0.326673 0.100549 0.227412 0.150884 0.080790 0.171114 0.184392 0.063013 -0.145573 0.076104 0.018723 -0.040373 0.076115 -0.073442 0.307063 -0.056997 0.088376 0.177851 -0.118644 -0.080944 0.156010 0.084365
suburban -0.058897 0.032448 -0.054254 -0.220361 0.217681 0.082945 -0.296800 -0.075495 0.167960 -0.244163 -0.052632 0.177762 -0.186166 -0.075055 0.000882 0.000439 -0.108659 -0.157979 0.339222 0.036020 -0.163372 0.086270 -0.207105 0.013329 -0.186586 -0.007006 0.053581 0.053148 -0.285382 0.085561 -0.131936 0.107801 0.138173 0.091539 0.055185 -0.089866 -0.002288 -0.117576 0.102726 0.111579 0.056889 0.144672 0.042755 -0.072570 0.076370 -0.012385 0.020277 0.242816 0.076834 0.258461
summarizes -0.008504 0.329336 -0.279884 0.013320 0.044353 0.008820 0.096639 0.000063 -0.129319 -0.126279 0.116977 -0.223941 -0.133765 0.195672 -0.026758 -0.008815 0.168789 0.194569 0.099530 0.207928 -0.128022 0.007124 0.007161 -0.007044 0.065668 -0.256326 0.028857 -0.084696 0.076983 -0.068830 -0.087351 -0.095928 0.158903 0.194043 0.044351 0.130212 0.174490 -0.284852 -0.115255 -0.035514 0.003597 -0.043900 -0.147021 -0.145067 -0.189862 -0.090467 0.233963 0.039352 -0.027636 -0.229576
summarizing -0.092269 -0.094335 0.129155 -0.159257 -0.040417 0.010011 0.032749 -0.174300 0.062885 0.163764 -0.089867 -0.030475 0.268931 -0.187519 -0.027264 -0.039427 0.190304 -0.096096 -0.000216 0.097338 -0.189625 0.002893 -0.255831 -0.270373 0.102481 0.003207 -0.038761 0.112876 -0.158147 0.160977 -0.013812 -0.063940 -0.156231 -0.041617 0.122050 -0.079399 0.033215 -0.009706 -0.169913 -0.025849 0.081578 -0.080066 0.155126 -0.414517 -0.004914 -0.129641 0.070823 0.257584 -0.126660 -0.239004
summit 0.060464 -0.217847 -0.018238 0.133216 0.033293 0.190760 0.168787 -0.098543 0.264100 0.060409 -0.095966 -0.200590 0.025865 -0.183980 0.171164 0.026411 -0.008333 0.079553 -0.228723 -0.045961 -0.354116 -0.098700 0.061304 0.062081 -0.237263 -0.099872 -0.132952 -0.067648 0.154997 -0.036574 -0.209267 0.064385 -0.104878 -0.044075 0.310766 0.082942 0.016322 0.198498 0.206612 -0.029240 -0.071500 0.152416 0.066704 -0.119394 -0.082811 0.001397 0.093525 0.040404 0.058569 -0.187166
supply 0.146572 -0.243597 0.089352 -0.295664 -0.201443 0.094291 -0.060916 0.117671 0.285810 -0.202210 -0.113171 -0.136969 0.322602 -0.000081 0.092314 -0.067835 0.004082 -0.063377 0.120300 -0.158571 -0.074160 -0.066934 0.003436 -0.060862 0.121395 -0.089731 -0.104251 0.130747 -0.154177 0.006302 -0.011794 0.250431 -0.188890 0.072456 0.025565 -0.134846 0.087133 0.135894 0.056206 -0.298822 -0.078140 -0.074353 0.111676 -0.074740 0.055739 -0.137303 -0.082380 -0.113889 0.200439 -0.027987
support 0.161673 0.074410 0.171848 0.111690 -0.113576 -0.075106 0.063052 0.157931 0.181305 0.009628 0.309084 0.035807 -0.066947 0.070675 0.092550 0.029946 -0.014424 -0.076291 -0.119994 -0.151183 0.195575 0.082844 -0.065003 0.318811 -0.011353 0.031095 -0.029116 -0.044903 0.228898 -0.037523 0.057335 -0.073654 0.373646 -0.064696 -0.000516 0.333302 -0.137791 0.067100 -0.039507 0.058065 -0.178185 -0.165617 -0.168483 -0.192000 0.080329 0.154165 -0.049914 -0.037912 -0.108239 0.125710
supported 0.060732 -0.228006 0.042234 0.058967 0.020885 0.223165 -0.184928 0.066700 -0.156445 -0.310939 0.036661 -0.184699 0.128030 -0.008664 -0.043295 -0.050013 0.141537 -0.074847 -0.118452 -0.069545 0.036427 -0.022254 0.196933 -0.249820 0.104222 -0.167002 -0.055549 0.141948 0.128677 -0.114606 -0.110908 -0.427903 -0.061631 -0.266619 0.148484 -0.088222 -0.052016 0.013629 0.022145 0.191195 -0.040702 0.051517 0.038823 -0.196239 0.113432 -0.000319 0.021888 -0.070953 -0.038974 -0.171007
suppressing 0.050821 0.081253 -0.128270 -0.164855 -0.215673 -0.216519 0.046904 0.078250 -0.101612 -0.046336 0.102269 0.187266 -0.028677 0.020954 0.095465 0.144577 -0.017012 0.169570 -0.104062 0.016524 -0.150512 0.071042 -0.099311 0.237303 0.125344 -0.126467 -0.128715 0.081864 -0.026282 0.126167 0.179985 0.113434 0.238211 -0.027013 -0.169408 0.152346 -0.215736 0.137446 0.305233 0.289399 0.227707 0.046264 -0.019832 0.062483 0.084882 0.123324 -0.076582 0.256803 -0.031834 0.007796
suppression -0.103037 0.101355 0.065401 -0.048365 -0.261423 -0.002379 0.192211 -0.050209 0.103999 0.289931 -0.140951 0.083427 -0.273923 0.015777 -0.076916 0.089527 0.228152 0.046983 -0.038385 -0.080236 -0.028521 0.256849 -0.005298 -0.049554 0.210571 -0.102521 0.030638 -0.193238 -0.146039 -0.028860 0.072689 0.203652 0.165446 -0.026864 -0.067620 0.053646 -0.163455 -0.095094 0.046917 -0.118572 -0.091868 -0.365700 0.073142 0.304770 0.056127 0.016503 0.016143 0.092290 -0.094145 -0.105993
supreme -0.065015 0.154425 -0.219715 -0.105906 -0.206927 0.035307 -0.196429 0.010683 0.028452 -0.119807 0.110793 -0.034940 -0.016171 0.093843 -0.205574 0.057503 -0.120587 0.058497 0.191469 0.097490 -0.173590 -0.015643 -0.041293 -0.176625 0.088248 0.113555 0.088970 0.050665 -0.183265 0.140496 -0.101846 -0.293418 0.122758 -0.092982 -0.232558 -0.004650 0.016666 -0.161251 -0.146083 0.056658 -0.121027 0.025138 -0.008494 -0.202787 -0.149948 0.164580 -0.242434 -0.220066 -0.064414 0.303257
surpassed -0.101858 0.037464 -0.006965 -0.021609 0.284762 -0.022132 -0.000508 0.322572 -0.201268 -0.003722 0.000456 -0.047581 -0.020392 -0.017294 0.168805 -0.046473 0.056387 0.228059 -0.092047 -0.148925 0.027991 0.004120 0.037241 -0.067072 0.103883 -0.020326 -0.184345 -0.052845 0.132625 0.212640 0.103793 0.089240 -0.230680 -0.012147 -0.265919 0.023547 0.217383 0.363988 0.109264 -0.189365 0.045150 0.058492 -0.335874 0.083034 -0.096155 0.119665 0.059289 -0.007100 0.034039 -0.015575
surrender 0.119500 0.073621 0.008007 0.033683 0.104703 0.271482 0.140487 0.244422 0.104477 -0.204238 0.091906 -0.070483 -0.284677 -0.189605 -0.099278 -0.074715 -0.044808 -0.120981 -0.055156 0.111983 0.020051 0.031415 0.154470 -0.239110 0.150791 0.003501 -0.130311 0.298327 -0.033271 0.104744 0.130200 0.146042 -0.180046 -0.129206 -0.061635 -0.026338 -0.034423 0.228529 -0.015066 0.054747 -0.173164 0.141649 -0.037111 -0.211446 0.262387 -0.037290 -0.067678 -0.133527 -0.146183 0.048529
surveillance -0.177968 0.008679 -0.091786 0.135130 -0.038211 -0.153512 -0.061357 0.203073 -0.142172 -0.054222 -0.075887 -0.067609 -0.174315 0.256946 0.108138 0.102474 0.348342 -0.021167 -0.172171 -0.138448 0.046782 -0.099265 0.134789 -0.003319 0.181265 -0.151479 0.076020 0.154912 0.194302 -0.195372 -0.074952 0.027112 0.184174 0.278762 -0.026970 0.065192 -0.086016 0.035266 -0.002688 0.033565 -0.120261 -0.040198 0.096617 0.302169 0.073637 0.162794 -0.262180 -0.076695 -0.024155 -0.023359
sustainable -0.010207 0.314329 0.234337 -0.018968 -0.106366 -0.055259 0.112121 -0.218092 0.053820 0.007860 0.002048 0.141397 0.129001 0.021546 0.009478 0.073568 -0.148026 -0.172669 -0.029339 -0.095292 -0.242763 -0.124391 -0.265700 -0.049398 -0.076645 -0.330381 -0.100003 -0.287546 0.090253 -0.054986 -0.228894 -0.020736 -0.085150 0.009681 -0.053777 0.186255 0.010483 -0.120468 -0.148799 -0.140607 -0.233499 -0.062971 -0.107037 0.009064 0.037496 -0.058855 -0.010461 0.174464 -0.126124 0.148766
swelling -0.135092 -0.201660 0.188708 0.085291 0.098167 -0.196108 -0.096263 -0.257485 -0.062949 -0.122936 -0.094804 -0.001686 0.052779 0.018006 0.197202 0.030826 -0.016427 0.149503 -0.049106 -0.116682 -0.219905 0.074199 -0.043968 -0.205399 -0.116001 0.007692 -0.103491 0.082737 0.038951 0.123201 -0.131953 0.132267 -0.115362 -0.073821 0.199969 -0.145220 -0.227284 0.331452 0.105515 -0.068722 -0.069426 0.058143 -0.064635 -0.040207 -0.098466 0.228118 -0.091822 0.286049 0.100606 0.225619
synchronized -0.137804 0.097725 -0.030428 0.132974 0.070124 -0.048961 -0.431870 0.107160 -0.069944 -0.062595 0.221589 -0.038506 -0.147306 0.348055 0.069657 -0.092874 0.080430 -0.037962 -0.184082 -0.042228 -0.033430 0.059426 0.269267 -0.039786 -0.236961 -0.070683 -0.251905 -0.061524 0.088990 0.263001 0.050367 -0.107192 -0.005382 0.018776 0.008888 -0.057749 0.160549 0.061086 0.189985 0.189495 0.130030 0.022793 -0.144959 0.060277 0.031851 -0.021595 -0.149668 -0.033711 -0.020198 -0.131164
system -0.035233 -0.293208 0.050762 0.029885 0.138492 0.122123 0.352847 -0.117306 -0.177794 0.069947 0.282202 -0.026052 0.139592 -0.124013 0.264324 -0.021208 -0.191777 -0.132045 -0.227678 0.149876 0.117648 0.199284 0.131380 0.093114 -0.075285 -0.156236 -0.159362 -0.133098 -0.108980 -0.002391 0.108078 0.012999 0.063685 0.105460 -0.015735 0.068647 0.126031 -0.229453 -0.183157 0.095907 -0.121953 0.047622 0.050859 0.011182 0.003184 -0.003645 -0.095628 -0.190371 0.101092 0.056061
systemic 0.216844 0.189522 0.193595 0.348878 0.319366 0.244148 0.286125 0.325271 0.258658 0.360760 -0.135867 -0.121567 -0.054024 -0.095061 -0.190590 -0.080960 -0.150287 -0.118523 -0.095181 -0.110477 -0.006280 0.093035 -0.016941 0.018320 -0.040210 0.036606 -0.018482 0.014397 0.021196 -0.035872 0.025504 0.088475 -0.016471 0.026627 0.011144 -0.022605 -0.103509 0.071425 -0.056571 -0.006960 -0.002558 -0.080859 -0.041978 0.028317 0.010693 -0.003801 0.081405 0.039982 -0.066003 0.005749
systems 0.005641 -0.242624 0.270484 -0.254427 -0.090120 0.202900 0.061438 -0.027727 -0.029952 0.113671 0.195882 0.018989 -0.108731 0.046634 0.010497 0.036893 0.021021 0.078557 0.110416 -0.068267 0.114536 0.045688 -0.072111 0.038252 0.344488 -0.094752 -0.014774 -0.110669 -0.157250 -0.026687 0.078762 0.053535 -0.100593 0.084443 -0.091070 -0.116366 -0.220067 -0.045247 0.223958 0.061549 0.018873 0.010171 -0.193934 0.017503 -0.076614 -0.020546 0.012829 -0.480178 0.167178 -0.120578
tape -0.035237 0.099391 -0.095763 -0.148962 0.202756 -0.103382 0.122374 0.041647 -0.097378 0.012619 -0.195364 -0.012939 -0.048597 0.035962 -0.156291 0.002717 0.154606 0.151344 0.078318 0.133759 0.115757 -0.268754 -0.020775 -0.249462 -0.141182 0.088750 0.047007 0.079904 -0.081091 -0.155332 -0.112875 -0.350698 -0.009577 -0.331040 0.078184 -0.022534 -0.045654 -0.161311 -0.016557 -0.092414 0.278146 0.163907 0.126717 0.116198 0.124390 0.050338 0.254770 0.085241 -0.101300 0.059440
targeted 0.068760 -0.142771 -0.169140 -0.216427 -0.021649 -0.080982 0.245432 -0.003439 0.320109 -0.202731 -0.122190 0.107523 -0.065338 -0.186597 -0.126251 0.366886 -0.027184 -0.298384 0.145049 -0.020218 -0.075654 0.054800 -0.232249 0.124502 -0.171601 -0.086762 -0.076391 0.051164 -0.269232 -0.096757 -0.012956 -0.123355 -0.037323 -0.097847 0.062937 -0.060005 -0.071599 -0.138245 -0.001762 0.078275 -0.182681 -0.062502 0.111812 0.094414 0.008395 -0.055814 0.015031 -0.052862 0.023629 -0.161458
tariffs -0.162188 -0.072115 -0.107849 -0.103738 -0.130859 -0.125144 -0.167242 -0.159937 -0.060749 -0.135381 0.315919 0.279261 0.292695 0.309178 0.222133 0.239821 0.257347 0.213880 0.351127 0.280916 0.037301 0.000368 -0.076570 0.015755 0.017581 -0.053481 -0.060466 0.010550 0.007188 -0.109499 -0.015660 -0.053071 -0.037403 -0.011922 0.035005 -0.006040 -0.072663 -0.044376 -0.008659 -0.005295 0.005707 -0.042621 -0.053122 -0.029946 0.068599 -0.040553 -0.038779 -0.018617 0.030344 -0.057222
tax -0.272945 -0.157111 0.046831 -0.011232 0.074151 0.105747 0.246338 -0.144496 0.155085 -0.067963 0.127737 -0.000437 0.073843 0.120510 -0.057603 -0.187845 -0.047922 -0.056565 -0.016556 0.156892 0.096794 -0.164778 -0.004125 -0.001904 -0.116464 0.223752 0.128715 -0.159574 0.162743 0.041207 0.052645 0.021870 0.017158 0.234363 -0.044935 -0.200679 0.086315 -0.150152 -0.134834 -0.115800 -0.298331 0.117057 -0.048158 0.201993 -0.130686 0.073703 -0.131976 -0.036521 -0.380138 -0.044502
taxes 0.036238 0.388169 0.096161 0.099928 0.070856 0.150210 0.046663 0.007842 0.028622 -0.039881 -0.033585 -0.011171 0.047475 -0.220654 0.208734 -0.067921 0.075198 0.003704 0.058726 -0.176753 0.021877 0.015136 0.155549 -0.302250 0.033891 -0.059514 -0.141655 -0.062263 0.010530 -0.001660 0.008521 0.289838 -0.081073 0.170267 0.059474 0.152359 -0.252091 0.056384 0.208178 0.008894 0.115490 -0.109657 -0.296610 0.223813 -0.002565 0.231752 0.080729 0.061686 0.120961 -0.110293
taxpayer -0.098715 -0.257719 -0.029982 -0.014641 -0.139626 -0.018529 -0.150956 0.154867 -0.173329 0.130567 -0.252109 0.188511 0.024967 -0.180235 0.120238 0.144709 -0.090125 0.110573 -0.193476 -0.009387 0.125119 0.207997 0.088382 0.148044 0.099060 0.183973 0.087993 0.155944 -0.027523 -0.316819 -0.136425 0.016719 -0.152277 0.149994 0.041393 -0.088101 0.074936 -0.131948 -0.077630 -0.166924 0.255315 -0.094053 -0.160933 -0.045650 0.064407 0.033220 -0.031820 0.215089 0.120721 -0.134047
taxpayers -0.117701 -0.090634 -0.116202 -0.147511 -0.130985 -0.207804 -0.091335 -0.074475 -0.131495 -0.106691 0.282626 0.234904 0.152357 0.197892 0.284868 0.302936 0.243050 0.370121 0.315987 0.363525 -0.061709 -0.057972 0.053473 0.055606 -0.002874 0.031094 -0.026976 -0.016190 -0.007106 0.046339 -0.042031 -0.018668 -0.042669 0.004259 0.027963 0.044764 -0.000198 0.009224 0.061702 0.008545 -0.007506 -0.014829 0.064971 -0.024848 -0.058021 0.039260 -0.017112 0.002548 -0.039837 0.038200
teacher 0.059511 0.280864 -0.032085 0.302192 0.028587 0.037618 0.117743 -0.112912 -0.056232 0.180060 0.349478 0.274997 0.104740 0.044192 -0.265622 -0.095751 0.021791 0.235279 -0.060457 0.045247 0.025026 0.021754 0.043456 -0.067077 -0.095234 0.110098 -0.076613 0.223007 0.033339 -0.029375 0.004475 -0.227408 0.099924 0.032331 0.025793 -0.040689 0.133185 -0.059485 -0.138644 -0.171830 0.262995 -0.158640 -0.001175 -0.104789 0.046755 -0.209687 0.025644 -0.169132 -0.053359 0.062562
teams -0.035931 0.095841 -0.314813 0.213255 0.054602 0.127515 -0.020944 0.101128 -0.173031 -0.014059 -0.058929 0.214750 -0.055835 -0.048442 0.035603 -0.125894 -0.358583 -0.097087 0.164928 0.136165 0.175047 0.022166 -0.117578 0.013698 -0.021718 0.113850 -0.025414 -0.092137 0.068753 0.040884 -0.321743 -0.051027 -0.222864 0.271934 -0.016239 -0.164779 -0.208121 0.080328 0.129575 0.113869 0.172027 0.057068 0.123008 0.129345 0.029444 0.003567 0.037197 -0.084515 -0.073586 -0.196598
tears 0.055986 0.224958 -0.247133 -0.062480 -0.039759 -0.138033 -0.014785 -0.033220 -0.196461 -0.017335 0.175633 0.000028 0.204133 0.166453 0.153340 0.093409 -0.000283 -0.066120 0.125085 0.036450 -0.007872 0.071493 -0.025963 -0.037911 -0.136929 0.102769 0.296126 0.121022 -0.130565 0.482304 -0.228641 0.043106 0.007151 0.218014 -0.237627 0.084199 0.016415 0.057124 -0.086323 0.032534 0.066241 0.167927 -0.032802 -0.048548 0.058155 -0.046544 0.025918 0.184227 -0.011368 -0.156197
tech -0.124360 -0.029799 -0.084695 -0.080616 0.131777 0.262618 -0.069811 -0.117330 0.260382 0.029226 -0.105402 -0.073194 -0.148467 -0.083454 -0.164268 0.081406 0.154676 -0.114471 0.036116 0.229034 0.067239 -0.017648 0.046133 0.092187 -0.230172 0.009583 0.074384 0.322133 -0.210980 -0.212884 -0.041020 -0.060922 -0.097756 0.217214 -0.187917 -0.100023 0.023065 -0.126704 -0.141042 -0.228809 -0.034066 -0.059840 0.243663 0.044584 -0.207998 -0.022537 0.110257 0.004462 -0.167384 0.111630
technological 0.059720 -0.040893 0.052648 0.101927 -0.070712 -0.243033 0.171859 0.016658 0.030749 -0.028038 0.193986 0.032754 -0.039663 -0.185067 0.005413 0.247015 0.193793 0.158095 0.020756 0.010027 -0.007652 0.112036 0.024376 -0.239271 0.071326 0.307665 -0.206551 0.007491 0.212921 -0.008152 -0.414515 -0.140586 -0.150234 0.127437 -0.067909 -0.074832 -0.037682 0.064486 -0.010041 0.180744 0.099924 0.008669 0.028402 0.022948 0.077356 -0.097999 -0.303293 -0.110913 0.132916 0.033499
technologies -0.165079 -0.207146 0.081703 -0.035209 0.152935 -0.234360 0.038888 0.067518 0.147022 0.103289 -0.029139 -0.327669 0.043835 0.106245 0.034900 -0.019129 -0.101519 0.148624 0.141347 0.272409 0.041983 0.127444 -0.096118 0.086358 0.083035 0.144410 0.402743 0.105073 -0.215270 -0.025352 -0.043793 -0.115561 0.286470 0.033097 -0.038102 -0.044669 -0.030504 -0.026836 -0.159085 -0.044420 0.096230 0.011890 -0.087964 0.039222 -0.146412 -0.159231 -0.054364 -0.132425 -0.155067 -0.179364
technology -0.042379 -0.359586 0.112009 0.081941 0.217070 -0.097434 -0.124686 0.134233 -0.038315 0.092592 -0.079634 -0.051397 0.111376 0.001377 0.140624 0.075234 -0.024429 -0.078681 -0.168995 -0.146327 -0.172353 -0.049626 0.026581 -0.008907 -0.162013 0.066580 0.131829 0.199792 0.212247 0.149305 -0.100780 0.129186 0.247680 -0.164500 0.040584 0.018002 0.195045 -0.095287 0.116188 -0.085385 0.086298 -0.333854 -0.179916 0.028173 0.043588 -0.070283 0.073573 0.276494 -0.158799 0.080276
temporary 0.068153 0.059203 -0.057399 -0.064133 0.244371 0.190807 -0.057444 0.045033 -0.065193 -0.148735 -0.209239 -0.133933 -0.157841 0.211046 -0.111030 -0.167793 0.045388 0.207966 -0.134565 0.029799 0.045006 -0.107629 -0.175063 0.078263 0.070437 0.294685 0.022810 -0.018487 -0.053369 -0.222052 0.058078 -0.269495 0.012355 -0.133987 0.064738 -0.193549 -0.068823 -0.266655 0.265507 -0.081489 0.009564 -0.039571 -0.069340 -0.003637 -0.051356 -0.022333 -0.236995 -0.130880 0.140997 -0.184205
ten 0.025442 -0.156664 -0.048335 -0.208748 -0.045639 0.139149 0.241350 -0.210890 0.011406 0.091484 -0.198390 -0.235972 0.124976 -0.136999 -0.188373 -0.077923 -0.185257 -0.086741 0.123883 -0.267464 -0.148855 -0.254131 0.113156 0.082817 -0.063940 0.123927 0.168959 0.042951 -0.024570 0.106254 -0.090357 0.154174 0.144115 0.047892 -0.148185 0.147695 0.074372 0.151930 -0.231037 -0.068701 -0.114439 -0.081435 0.194514 -0.147256 0.091093 0.003158 0.001548 0.206723 -0.007676 0.112011
term 0.359484 0.024475 -0.077186 -0.025801 -0.005465 -0.354295 0.055008 -0.145062 0.070844 -0.123945 -0.131787 0.141202 0.002442 -0.125953 -0.259139 -0.146577 -0.039827 0.127713 0.052124 0.065429 0.037631 0.126944 -0.120952 -0.196026 0.053044 -0.110935 0.146191 0.026256 0.133512 -0.279917 0.151822 0.072796 -0.059549 -0.269539 -0.194118 -0.191937 -0.225526 0.018958 0.011747 0.017049 -0.185940 -0.119217 -0.083407 0.004421 0.009265 -0.030720 -0.162340 0.075267 -0.026867 0.051349
terms -0.133890 -0.147746 0.061959 0.010081 0.040489 -0.237348 0.046240 -0.096229 -0.178192 0.110813 0.106451 0.224157 0.034703 0.146187 0.179421 0.202071 -0.002902 0.071646 0.073238 -0.044087 -0.024605 -0.030592 0.153550 -0.030363 0.190753 -0.192142 -0.121783 0.087032 -0.127788 0.008398 -0.148678 -0.049194 0.057128 0.328937 -0.184689 -0.260114 0.027277 0.060037 0.135591 0.298902 0.219803 -0.034370 -0.045529 0.080663 -0.196984 0.175986 -0.003864 0.024581 0.217417 -0.097729
territorial 0.087130 0.147513 -0.050381 0.029814 0.162508 0.186930 -0.048961 -0.003622 -0.038231 0.006286 -0.153465 -0.060178 0.027021 0.041473 -0.240965 0.028775 -0.232331 0.295589 -0.083255 -0.015611 0.202476 -0.142899 -0.096775 0.267849 0.050564 -0.162614 0.047343 0.233840 -0.073059 -0.006750 0.203178 -0.009029 -0.059065 -0.104390 0.055847 0.035434 -0.041050 0.107498 0.207479 0.357334 -0.087093 0.016958 0.054080 -0.070408 -0.114743 -0.089326 -0.096617 -0.321956 -0.170293 -0.089991
testing 0.033696 0.113566 0.071156 -0.048929 0.100908 -0.165858 0.017549 -0.007286 -0.112042 0.093900 0.141482 -0.086684 -0.049476 0.020793 -0.110498 -0.034495 -0.139863 -0.020049 0.112948 -0.019247 0.068475 -0.291809 0.064883 -0.011645 -0.076723 0.082425 -0.159045 0.182715 0.216864 -0.016976 -0.074379 -0.192031 0.097123 -0.092213 -0.170718 -0.004073 0.048115 0.049633 -0.101322 -0.549540 0.075467 -0.124237 0.096993 -0.196418 -0.063257 -0.235905 0.225216 -0.180131 0.036216 -0.097590
text 0.032456 -0.112615 -0.126012 -0.091378 -0.187029 0.031085 -0.117187 0.038230 0.011211 0.058656 -0.031976 0.098605 0.020384 0.131634 0.092114 -0.075167 -0.274882 0.084501 -0.249805 -0.132325 -0.091142 0.164908 -0.175478 0.093361 0.057469 0.155756 0.206740 -0.224710 -0.073340 0.045063 -0.152724 -0.126700 -0.235947 -0.066498 0.325774 -0.064406 -0.135115 -0.026477 -0.079936 0.143335 0.196933 0.077860 -0.186935 -0.043173 0.064814 0.215602 -0.126182 -0.113151 -0.234450 -0.164939
than -0.057937 -0.195755 0.232165 -0.105469 0.098589 -0.136808 0.007187 0.370767 0.065963 -0.073907 -0.059661 0.249783 0.196325 0.088861 0.022529 -0.000728 -0.096095 0.193400 0.122650 -0.072421 -0.063145 -0.042681 -0.092825 -0.086550 -0.160644 -0.027414 0.287623 -0.175798 0.114062 0.311766 0.010283 -0.070807 -0.062980 -0.021189 0.072425 -0.271232 0.176010 0.006574 0.039448 -0.228373 0.008781 0.126518 -0.094355 -0.114683 -0.171780 0.089448 -0.059768 0.010104 -0.091383 -0.068104
that 0.051457 -0.181286 -0.055735 -0.088688 0.161193 -0.113837 0.041086 0.017537 0.042039 -0.076589 0.030261 0.232877 0.093826 -0.146988 -0.047041 0.234593 0.157020 -0.064512 0.048610 0.131663 -0.074891 0.120508 0.024338 -0.189421 -0.087842 0.003975 0.212419 0.088323 0.096426 0.085747 -0.262114 0.009841 -0.037464 -0.157121 -0.133514 -0.184707 -0.264588 0.144506 0.068539 -0.141138 -0.173594 0.027865 0.036879 0.131815 0.268329 -0.003878 0.131245 -0.418793 0.032205 0.045447
the -0.293006 0.117433 -0.143886 -0.204381 0.078457 -0.067449 -0.141905 -0.117966 0.004210 0.281443 -0.065207 0.068267 -0.013506 0.051105 -0.021249 -0.161630 -0.211314 -0.006382 0.060129 0.104565 0.230968 0.125663 0.235873 -0.030877 0.374057 0.187720 0.127377 0.164672 0.060641 0.180261 -0.037258 0.037738 -0.047522 0.056092 0.270380 0.044658 0.045312 -0.205090 -0.022830 0.024385 0.079400 0.003492 0.129199 -0.081815 -0.060503 -0.030673 0.018254 -0.230354 -0.048456 -0.131824
theft 0.032733 0.162394 -0.121841 0.015353 -0.048258 -0.090217 0.078983 -0.209756 -0.069404 -0.199919 -0.086405 -0.123279 0.201388 -0.123324 -0.110366 -0.223607 0.295713 0.047937 0.190361 0.245649 -0.189117 0.116387 -0.200610 -0.004882 0.128901 0.088198 -0.084256 -0.088142 0.150099 0.107024 0.013717 -0.360436 0.238494 0.010568 0.007839 0.232988 -0.088758 0.105608 -0.061099 -0.066992 0.019920 -0.113379 -0.023449 -0.085228 -0.137896 0.011516 -0.202325 0.020863 0.089733 -0.062444
their -0.029169 -0.170706 0.087491 0.057389 0.154517 -0.028598 -0.022910 0.053268 -0.062478 -0.186535 -0.179257 0.109441 -0.065130 0.066834 0.116438 -0.093561 -0.083919 -0.243193 0.159362 0.083737 -0.128998 0.051422 -0.130869 -0.022033 -0.125402 -0.215024 0.071144 0.219977 0.416241 0.108312 0.051604 -0.075634 -0.000195 0.155693 0.073576 0.019447 0.006459 0.039795 0.157697 0.224408 0.016466 0.088836 -0.145380 0.375705 -0.187184 -0.187332 -0.083984 0.124755 0.020529 0.048929
them 0.047117 -0.192165 -0.252392 -0.280710 -0.152266 -0.206273 0.199688 0.182237 0.033943 -0.147203 0.136473 -0.078499 0.068447 -0.153280 -0.001773 0.067635 0.048449 -0.219677 0.084420 -0.109848 0.010415 -0.039265 -0.094878 0.087136 0.015293 0.160340 -0.149603 0.023130 -0.061649 -0.082984 0.113981 0.120964 -0.049184 -0.105640 -0.012503 -0.078605 -0.055824 0.144100 -0.328547 0.016365 0.091207 0.220282 -0.072533 -0.070448 0.244317 -0.118048 -0.147193 -0.164270 0.218667 0.186524
themselves 0.063133 0.106826 -0.057340 0.170460 0.131740 -0.097449 -0.483078 -0.045719 -0.085465 0.022587 -0.092734 -0.005008 0.098393 0.000277 0.165864 0.003479 0.166525 0.121768 0.307311 -0.066520 0.166250 -0.079033 -0.150686 0.010111 0.339281 0.074326 0.074352 0.065850 -0.104320 0.015670 -0.040967 0.033084 -0.058499 -0.142347 0.126257 -0.210210 -0.058615 0.004203 -0.006124 -0.052005 0.110602 -0.223549 -0.144735 -0.030045 0.197668 0.204137 -0.081911 -0.036140 -0.057888 -0.166167
then 0.024962 -0.026318 0.114490 0.041141 -0.050219 -0.212999 -0.173758 0.090171 -0.290988 0.002497 0.158759 -0.040294 -0.297968 -0.149598 -0.059689 -0.050241 -0.169757 0.100040 0.038313 -0.105233 0.181239 0.031756 0.069991 -0.155596 0.098951 -0.128118 0.111980 0.053409 -0.043288 -0.103633 0.009030 -0.009815 0.082153 -0.036889 -0.186968 -0.103991 -0.108537 0.294311 0.138480 -0.069371 -0.102047 -0.181872 0.002023 -0.206686 -0.159094 0.419236 0.002110 -0.024282 0.076901 -0.173573
there 0.106388 -0.022555 0.012038 0.005297 -0.249906 0.041369 0.096298 -0.003436 0.026372 -0.002772 -0.106039 -0.004541 -0.207585 -0.196669 -0.149672 -0.242487 -0.052102 -0.371784 0.065250 -0.148033 -0.073379 -0.088924 0.117990 0.007191 0.137286 -0.051841 -0.188431 -0.252026 -0.342636 0.062164 0.075570 -0.038637 0.241237 0.004982 0.110295 -0.043383 0.112745 -0.212111 0.135002 0.145312 -0.000417 -0.018264 0.064497 0.066188 -0.058752 -0.131261 -0.081159 -0.176435 -0.236540 0.060625
these -0.043189 -0.044745 0.279403 0.003897 0.101310 -0.054196 -0.011570 0.102973 0.072444 0.273863 0.049253 -0.232513 0.155831 -0.095444 -0.014559 0.041546 0.039922 -0.049826 0.220282 -0.176812 -0.064156 -0.210761 0.274866 -0.076708 0.063251 0.066142 0.031530 0.095281 0.062207 0.159550 -0.136268 -0.396058 0.067597 -0.105552 -0.030389 0.078258 -0.089376 0.017132 0.144278 0.042383 0.325017 0.214307 -0.100517 0.113119 0.232419 0.010299 -0.018765 -0.032234 -0.036887 0.003606
they 0.013149 -0.032634 -0.123048 0.065715 -0.003546 0.250299 -0.050662 -0.114783 -0.037743 -0.076492 -0.042172 0.365235 0.246869 -0.153248 0.079312 0.022852 0.012371 -0.049764 0.045893 -0.089080 -0.248877 0.141572 -0.028893 -0.057460 0.056669 0.113638 -0.014917 0.120668 0.108127 0.072207 -0.112508 -0.017724 0.177843 0.019032 -0.043242 0.043301 0.215748 -0.100043 0.155621 0.083039 -0.158160 -0.181831 -0.381597 0.065802 0.193416 -0.202276 0.266502 -0.159581 0.035797 0.010341
thirty 0.024430 0.176096 -0.031983 -0.052177 -0.061220 0.195313 0.423009 -0.078955 0.066161 0.112819 -0.061675 -0.023722 -0.075933 0.327860 -0.112194 -0.013558 -0.274311 0.049269 0.099862 -0.149422 -0.086895 -0.042082 -0.055963 -0.087583 0.230331 -0.057327 -0.031805 -0.031190 -0.032684 0.052902 0.135714 -0.127329 -0.204743 0.031058 0.041706 -0.117824 0.080407 -0.095842 -0.040938 -0.132024 0.064816 0.158059 0.050497 -0.039562 -0.081684 -0.046274 -0.200669 0.295149 -0.315044 0.033948
this 0.053267 -0.059176 -0.070642 -0.030882 0.107068 0.057896 0.242680 -0.029975 -0.147362 0.171349 0.266544 -0.012004 -0.206631 0.250972 -0.010256 0.244401 0.214469 0.016072 -0.138647 0.007224 0.107242 0.096513 -0.066452 0.264533 0.079356 -0.202088 0.083264 -0.121329 0.055226 -0.046873 -0.041850 0.094520 0.256591 -0.060674 0.054252 -0.075248 -0.225642 -0.212460 0.085066 -0.218241 -0.140238 -0.028537 0.104421 -0.149939 0.057695 0.113763 0.148580 0.067140 -0.124694 0.196328
those -0.126906 0.164623 0.022288 -0.037890 -0.153257 0.039743 -0.217188 -0.284323 0.089934 -0.054220 -0.056038 0.150163 -0.052314 0.051004 -0.037853 0.082055 -0.152907 -0.098417 0.269914 -0.017317 -0.035969 -0.278054 -0.042151 -0.140133 -0.076486 -0.135504 0.112331 -0.147083 -0.130865 0.105216 0.040715 0.060394 0.244001 -0.308411 0.079918 -0.148603 -0.207483 -0.071495 0.136547 -0.123287 0.161815 -0.070066 0.127606 -0.035888 -0.050263 -0.071626 0.274161 0.125647 -0.160684 -0.123025
thousand 0.085814 -0.061653 -0.151365 -0.162569 0.174786 0.045335 0.034589 0.095347 -0.118433 -0.280207 0.111260 -0.014690 0.210113 -0.268940 -0.030113 0.011680 -0.181337 -0.096896 0.189112 -0.299643 -0.184369 -0.033133 -0.023118 -0.101993 -0.076086 0.095008 0.054101 -0.144904 0.108417 0.008013 0.027012 0.173581 -0.044563 -0.042899 0.044410 -0.038792 -0.085422 0.054876 0.244695 -0.216885 0.145170 0.037228 -0.272959 0.241936 -0.102429 0.129742 0.072932 0.194366 0.026026 0.165994
threaten -0.165769 0.116853 -0.255208 0.125837 -0.192839 0.220520 0.021836 -0.080528 0.051764 -0.081947 0.002729 0.217493 -0.140550 0.087149 -0.037411 0.102810 -0.005631 0.094418 0.111652 -0.067970 -0.120558 -0.119432 -0.030957 -0.255713 -0.020103 0.279378 -0.057460 -0.146218 -0.104215 -0.143448 0.102838 -0.016548 0.116069 0.142494 0.021384 -0.064843 -0.010546 0.079278 0.036675 -0.040700 0.001004 0.373685 0.053774 0.086893 -0.149078 -0.024770 0.150668 -0.095252 0.031536 -0.411059
threats -0.054187 -0.006853 -0.237807 0.112507 -0.191468 0.077517 0.111730 -0.103279 0.031906 0.182444 0.139170 0.274257 -0.095370 -0.261897 -0.211311 -0.079001 -0.035913 0.087501 -0.003730 -0.082661 0.035931 -0.108922 -0.074725 -0.077769 -0.164579 0.162329 0.103558 0.053372 -0.176626 -0.024726 0.040038 0.373732 -0.187247 -0.075830 -0.019230 -0.094917 -0.080447 -0.219243 0.014686 0.320855 -0.045229 0.218039 -0.008321 0.053175 0.094495 -0.088593 -0.091860 -0.101627 0.160722 -0.045726
three 0.360485 0.015742 -0.078419 0.130133 -0.297105 -0.012301 0.078751 0.053915 -0.026905 -0.058057 -0.018739 -0.239129 0.029617 0.046827 -0.023630 -0.052647 0.146994 -0.074411 0.070302 0.086627 0.377392 -0.041792 0.065982 0.033439 0.185222 0.226547 0.137642 0.119164 0.208939 0.170933 -0.071911 0.070997 0.030295 -0.026178 -0.003829 0.024178 0.012843 -0.072547 -0.306544 -0.057774 -0.063415 0.237734 0.110336 -0.068656 0.054856 -0.057193 0.122259 0.064591 -0.274400 0.083695
through 0.103386 0.168275 -0.046076 0.038539 0.025576 -0.065125 -0.022786 -0.088394 0.269573 0.009312 -0.055522 0.050889 -0.221254 0.141185 -0.061002 -0.043187 -0.124537 -0.131698 0.119878 0.102768 0.264254 0.046090 -0.204748 -0.195296 0.178115 -0.226750 0.108970 -0.080479 -0.215629 -0.354112 -0.123849 0.125421 0.047386 0.008449 -0.100386 -0.103161 -0.037575 -0.006660 -0.016756 0.107400 0.003989 0.015374 -0.264825 -0.033880 0.081969 0.116815 -0.068200 0.345655 0.149685 -0.047564
tiers 0.013863 0.088783 -0.147337 0.068336 0.191157 -0.134014 0.104207 0.114417 -0.022209 0.115859 -0.285989 -0.027958 0.002770 0.121574 -0.078736 -0.138476 -0.109460 -0.242697 -0.155961 0.230493 0.095950 -0.076608 0.261913 0.176359 0.064036 -0.050945 -0.206463 -0.161401 -0.110326 -0.279048 0.075398 -0.204436 -0.174896 -0.177348 -0.101479 0.035478 0.107973 0.069992 0.204280 0.126105 0.005293 -0.080112 0.104599 -0.233445 0.147619 0.054898 -0.093600 -0.092597 0.062791 0.093218
time 0.091861 -0.039364 -0.050868 0.444682 0.164053 -0.026536 -0.049928 -0.336354 0.211769 -0.087499 -0.059243 0.153133 -0.037298 -0.074403 -0.090678 0.100810 0.032144 0.050814 0.036225 0.038300 0.077259 0.034345 -0.108875 -0.012801 0.162398 0.300806 0.193054 0.088301 0.258512 0.014833 -0.064769 0.222357 0.041405 -0.067004 0.143665 0.023335 0.105908 0.091574 -0.187596 0.095138 0.070866 -0.230572 -0.145709 -0.197982 0.045302 -0.085921 -0.114382 -0.000399 -0.019516 -0.027332
timelines 0.090579 -0.043302 -0.125544 0.088506 0.086228 -0.005031 -0.116736 -0.096899 0.075510 0.087803 -0.028670 0.023428 0.170751 -0.197140 0.131143 0.281697 -0.091524 0.123391 0.118445 -0.278793 0.061434 0.086234 -0.254096 -0.276942 0.211385 -0.046053 -0.130238 -0.101035 -0.192730 0.120702 0.220178 -0.149252 0.028953 0.351989 -0.105672 0.165963 0.079248 -0.122994 0.103382 0.154650 0.202536 -0.041782 0.035221 -0.085704 0.085760 -0.038875 0.094100 -0.040880 0.044092 -0.008890
times 0.175771 -0.010744 -0.247609 -0.041755 -0.110368 0.122756 0.278381 0.021514 0.115141 -0.082786 -0.032372 -0.098060 -0.089601 -0.038497 0.008142 -0.132124 -0.073416 0.044137 0.022346 0.218777 0.181962 -0.034576 0.093841 -0.001296 -0.100034 0.007509 0.048722 -0.394907 0.115435 0.058099 -0.131127 -0.085123 0.178628 -0.232029 -0.157528 0.141286 0.337940 0.117673 0.014255 -0.074102 0.167922 0.076284 0.072441 -0.027757 -0.091393 0.033339 -0.097036 -0.313774 -0.052169 0.101078
to 0.122813 -0.222232 -0.013244 0.185172 -0.048948 0.045992 0.044769 -0.146316 0.136363 0.161624 -0.048447 0.118106 -0.124560 0.112755 -0.144052 -0.033752 -0.043361 -0.224772 -0.008922 0.101901 0.177390 0.125711 0.189044 0.323066 -0.074893 -0.291732 0.106010 -0.184673 0.025865 -0.017290 0.091238 0.237939 0.030498 0.140499 0.191716 0.070951 -0.093486 0.039169 0.001828 -0.207213 0.117759 0.129760 0.039759 -0.081325 0.181126 0.221321 -0.013142 0.112766 0.171180 -0.176758
toll 0.117464 0.028648 0.063555 0.140741 -0.182627 0.048219 0.163354 0.238418 -0.121068 0.025267 0.000955 -0.134240 -0.290719 0.263935 -0.262166 -0.239259 0.036405 0.101859 -0.030578 0.089494 0.176148 -0.126408 -0.121272 -0.117608 0.102693 -0.088607 -0.126230 -0.168438 -0.156963 0.103790 -0.175160 0.026034 0.049264 -0.281284 -0.066371 0.031417 0.022239 0.083654 -0.227853 0.156692 -0.105968 0.014280 -0.186998 0.138002 -0.104363 -0.051087 0.003914 0.023712 0.155201 -0.169356
top -0.017251 0.126029 -0.168851 -0.171824 -0.032633 0.107867 0.077271 -0.049838 -0.098191 0.022165 0.072706 -0.027491 0.230757 -0.045916 0.387171 0.121829 0.085113 -0.037931 0.098980 0.187791 -0.082055 -0.152130 0.031372 0.041122 0.076099 0.240526 0.008796 -0.077073 0.071476 -0.123758 0.036950 0.145429 -0.244601 0.076645 0.062111 0.019977 0.077898 0.075685 -0.145850 -0.259524 -0.011565 -0.312411 -0.013421 -0.107350 -0.044900 -0.211672 0.056330 0.036481 -0.360445 -0.091594
toward -0.032154 0.070661 0.116885 0.056502 -0.058332 0.234610 -0.200857 0.203648 -0.085899 0.006677 -0.052497 0.121375 0.116297 0.171523 -0.065204 0.346360 -0.123828 -0.097779 0.057624 0.139620 -0.072156 0.021205 -0.175559 -0.212301 -0.196143 0.054043 0.176970 -0.095975 -0.044490 -0.133358 -0.055432 -0.034096 0.006595 0.034287 -0.027048 0.020061 -0.008456 -0.114471 0.068365 0.093104 0.260234 -0.065760 0.218892 0.047615 0.039832 -0.173341 -0.196426 -0.342099 0.161643 0.212440
toxic -0.093232 -0.158545 -0.002951 -0.021771 0.123763 0.212036 0.123426 -0.168248 -0.244050 -0.403817 0.026202 -0.061645 -0.157913 0.136158 -0.227637 0.105692 -0.028687 0.074258 0.132421 0.054890 0.233423 -0.159120 0.140321 -0.119836 -0.217544 -0.076931 -0.096144 0.219800 0.139263 0.112184 -0.085640 0.039807 -0.033369 -0.032109 -0.080103 -0.014573 -0.170486 -0.076322 -0.107247 -0.040156 0.076819 -0.023638 -0.015763 0.100210 0.042563 -0.108700 0.283265 0.100432 -0.241585 0.002480
tracking 0.181525 0.120531 -0.076885 0.024265 0.260002 -0.071838 0.115882 -0.076390 0.041139 -0.062350 -0.041757 0.142005 0.068623 0.118455 0.050317 0.150253 -0.104120 0.289954 0.112524 0.249842 -0.134242 -0.112772 -0.030629 -0.103820 0.250709 -0.252244 -0.006640 0.219558 0.185547 0.213490 -0.052796 -0.059813 -0.001905 -0.112377 0.028222 0.007997 0.208749 0.050356 0.120811 -0.110519 -0.048607 -0.079365 0.233826 -0.094804 0.152704 -0.027413 0.253056 0.135045 -0.110079 0.178614
trade 0.283153 0.248478 -0.082843 0.018880 -0.055581 0.168038 -0.000084 -0.021173 -0.041091 -0.007064 0.165450 0.000592 0.201595 0.003454 0.024128 -0.187332 -0.029167 -0.090118 -0.019380 0.018599 -0.181568 0.030310 0.162559 0.132041 -0.071327 -0.107869 -0.057465 0.114485 0.259696 -0.073209 0.067324 0.216824 -0.155753 0.154256 -0.057924 -0.356662 0.180872 -0.031725 -0.142087 0.098103 -0.025441 0.012452 -0.261863 0.213069 -0.154336 0.030220 -0.220000 -0.173654 -0.024510 0.088979
trading -0.010188 0.022555 0.123591 -0.044815 -0.138802 0.075011 0.068571 0.029428 -0.121277 -0.353949 -0.119823 -0.147295 0.239781 -0.361660 0.121149 0.120142 -0.014081 -0.211561 -0.105026 0.207581 -0.016570 0.281102 0.074838 -0.019528 -0.093548 0.043738 0.023665 0.186880 -0.025542 -0.021179 -0.069750 0.180805 -0.014318 -0.204877 0.057199 0.067002 0.034223 0.005617 -0.099266 -0.182918 -0.173202 -0.085368 -0.023945 0.146709 -0.206511 -0.110431 0.064981 -0.266198 -0.029688 -0.066300
tradition 0.024166 0.196406 -0.025697 0.319061 0.052906 0.179286 -0.089842 0.126590 -0.027163 -0.073139 -0.108597 0.211051 -0.098584 -0.076070 0.112718 -0.324890 -0.078997 -0.068196 0.145546 -0.074877 -0.096149 0.058401 0.159226 -0.047034 0.242778 -0.154901 0.004308 0.057914 0.183339 0.118946 -0.141546 -0.209093 -0.076800 0.238244 -0.091943 0.035584 -0.072447 0.078961 0.160508 -0.038750 -0.129660 -0.271833 0.188943 0.030028 0.150235 0.053531 -0.162161 -0.064539 -0.151890 -0.100139
traditional -0.029660 -0.246092 0.120670 0.054551 -0.029588 -0.059640 -0.063618 0.071215 0.020649 0.217169 -0.245668 0.200005 0.044476 0.123394 -0.011537 -0.061478 -0.125892 -0.055146 0.142883 0.107879 -0.204718 -0.175478 -0.091884 -0.128922 0.205498 -0.022156 0.172388 0.255997 0.099966 -0.170011 -0.134160 0.001500 -0.079989 -0.004964 0.131872 0.052245 -0.329218 -0.115135 -0.044979 0.175635 0.042429 0.165291 -0.008067 -0.241394 -0.126784 0.038047 0.209203 0.043658 0.250420 0.020402
traffic -0.086599 -0.275210 0.041532 -0.132750 -0.205882 -0.076125 0.017496 0.010731 0.037992 0.044329 0.013906 -0.123398 0.147447 -0.126392 0.170622 0.079645 -0.094124 0.011141 -0.170139 0.163311 -0.178607 0.134915 -0.046245 -0.119999 -0.054427 -0.057665 -0.082451 0.186521 0.186033 -0.089995 0.091599 -0.151566 -0.174616 0.117353 -0.205211 0.009913 0.248052 0.391904 -0.142161 0.255017 0.094182 -0.040086 -0.147508 -0.092058 -0.156673 -0.102185 0.078464 0.132910 0.093295 -0.092537
trafficking -0.265904 -0.213211 -0.093278 -0.076259 -0.269168 0.082848 0.057008 0.078207 0.166521 0.107044 -0.023364 0.056303 -0.046669 -0.075151 -0.196892 0.065250 -0.146862 -0.187717 -0.015684 0.033808 -0.211225 0.056302 -0.067245 -0.081248 -0.193216 0.067735 -0.269180 -0.226378 0.119042 -0.018179 0.022711 0.050500 -0.040950 -0.041474 -0.033121 0.123225 0.059665 -0.036867 0.101611 -0.332581 -0.273969 -0.116076 -0.033287 -0.288482 0.008715 0.087049 -0.118392 0.113491 0.055401 -0.174852
training -0.126069 0.138009 -0.170446 -0.109890 -0.173136 -0.118188 -0.075986 -0.013631 -0.227280 0.082742 0.044246 0.029299 -0.182583 0.039840 0.011083 0.076582 -0.126762 -0.036955 0.029903 -0.109660 0.199703 0.022895 -0.153953 0.163723 -0.110760 -0.014470 -0.063780 -0.007397 0.259882 -0.036097 0.041027 -0.158588 0.299172 0.279148 -0.052849 0.041128 -0.253387 -0.243237 0.011623 0.185689 -0.096092 -0.177331 -0.109917 -0.089386 -0.082318 0.084618 -0.327911 0.063222 0.137523 0.056906
transfers -0.217860 -0.137273 0.009516 -0.026590 -0.039449 -0.282375 -0.314373 -0.011383 0.009244 -0.095573 0.057024 0.095056 0.145672 0.059476 -0.209458 -0.128852 -0.129177 0.006490 0.168615 0.221996 0.240634 0.009466 0.012904 -0.085194 -0.040895 -0.156354 0.057706 -0.230737 0.139247 0.130894 -0.037922 -0.180383 0.100560 -0.113569 -0.195375 0.004010 0.078161 0.315078 -0.007341 0.093740 0.076484 0.063422 -0.209952 -0.052682 0.173746 0.113095 0.109275 0.076059 0.132708 0.149633
transformative 0.140246 -0.106973 0.007169 0.145617 0.081816 0.094914 0.066784 0.019568 -0.109492 0.250321 0.009503 0.221242 -0.166729 0.190058 0.065531 0.068819 -0.083058 -0.085234 0.090702 -0.075890 -0.156625 -0.046379 0.047068 -0.175186 -0.040526 0.331422 0.212159 -0.133954 -0.020719 0.223565 -0.215017 -0.057851 0.146711 0.261458 -0.083048 0.038290 -0.003244 -0.177529 -0.275505 0.222582 -0.027782 -0.082634 -0.049140 0.038805 0.265356 0.025566 -0.039690 0.015413 0.090692 -0.142955
transit -0.176205 -0.068063 -0.033009 -0.021658 0.352127 -0.035447 -0.139822 0.101398 0.047237 0.199300 -0.203040 -0.132589 -0.053166 0.029318 0.110559 -0.059618 -0.081463 0.079308 0.028376 0.394565 -0.159304 -0.134714 -0.028158 0.118023 0.120299 0.117956 0.084460 -0.101182 0.261238 -0.097360 -0.297589 0.090464 -0.006499 -0.247865 0.074639 0.201266 -0.119279 0.081257 0.003228 -0.085832 -0.072138 0.054741 0.061749 -0.234628 -0.114327 -0.098642 -0.029286 0.039408 0.062760 -0.087145
transition -0.094254 -0.118860 0.070888 0.099462 0.012025 -0.058415 -0.181229 0.221254 -0.365735 -0.125441 -0.075581 -0.007912 -0.026467 0.013208 -0.068876 -0.156609 0.001213 -0.150671 0.157018 0.153687 -0.018932 0.053926 0.053788 -0.255022 -0.181819 0.191918 0.013303 0.091720 0.144173 0.200511 -0.081307 -0.071539 -0.059112 -0.133538 0.301240 -0.309622 -0.061556 0.225500 0.041850 -0.053713 0.106554 0.060605 -0.177942 0.234492 -0.125185 -0.047199 0.096016 0.019518 -0.039109 0.002681
transitions 0.054985 0.125310 0.057398 -0.129330 -0.074057 -0.120383 0.035610 -0.061014 -0.048448 0.079966 -0.127316 -0.212394 0.160493 0.183116 0.272009 -0.219586 -0.125039 -0.119328 -0.005795 0.036283 -0.102818 0.165189 -0.069710 0.041752 -0.250917 0.005805 0.093475 0.095120 -0.369907 0.032790 0.227606 -0.209185 0.000878 0.108529 -0.176171 0.099231 0.088447 -0.136582 0.103887 0.052096 -0.157091 -0.045183 -0.200131 0.255468 0.109300 -0.073148 -0.070540 -0.003417 0.035824 -0.215742
transmission 0.127265 -0.010777 -0.189443 -0.170541 0.055547 -0.116534 0.005351 0.136724 0.169325 -0.022258 0.068432 0.225026 0.089462 -0.078466 -0.285282 -0.212144 0.082080 -0.083779 0.043719 0.014981 -0.061258 -0.012705 -0.069595 -0.212439 0.044671 -0.097516 -0.215828 0.069357 0.074154 0.137722 0.107680 0.162279 0.063829 -0.296156 -0.233869 0.098540 0.217876 -0.330687 0.080052 -0.077702 0.195842 0.141376 0.135757 -0.011201 -0.097872 -0.039225 0.208727 -0.010145 -0.070129 -0.034027
transparency 0.052994 0.086463 0.408929 -0.106151 -0.078596 0.165212 -0.031940 0.215762 -0.018469 0.184797 -0.019576 0.147116 -0.008948 0.184749 0.055203 -0.333288 -0.091069 0.090240 0.054664 -0.164212 -0.104577 -0.086969 -0.117819 -0.128692 -0.228910 -0.086063 0.087268 -0.122051 0.037308 -0.169190 0.090183 -0.181794 -0.085682 -0.087331 -0.030202 -0.031536 0.284879 -0.010337 0.076469 -0.058450 -0.058708 0.062605 0.159433 0.268708 0.056563 0.085260 0.201229 -0.021639 -0.081361 -0.077653
transportation 0.110673 -0.045435 0.159392 0.130662 -0.025276 0.075177 0.215112 -0.100310 -0.095161 0.081779 0.146920 -0.039957 0.013612 -0.078793 -0.257575 0.058125 0.235151 -0.140050 0.037648 -0.030877 -0.060999 -0.063747 0.005603 -0.147537 0.016613 -0.221574 -0.282867 -0.140591 -0.167706 0.062528 0.023082 -0.044079 0.033054 -0.099712 -0.127494 0.347813 -0.191596 0.163651 0.017470 0.009890 -0.034298 0.260889 -0.006723 0.003732 -0.068734 0.294407 -0.117111 -0.135836 -0.251850 -0.081023
travel -0.182370 0.106961 -0.014530 0.180428 0.041319 -0.076363 -0.054257 0.014913 -0.174416 0.018954 -0.091451 -0.268498 0.115313 -0.160002 0.205245 0.072692 0.123683 -0.137473 0.039391 -0.126396 -0.242152 0.052012 0.310677 0.039919 -0.189017 0.086549 -0.065612 -0.132938 -0.028354 -0.044937 -0.041318 0.360293 -0.142667 -0.107948 0.203590 -0.059470 0.163608 -0.206414 0.056032 0.128010 0.012446 -0.014231 0.064915 -0.131456 -0.078609 0.011861 0.018578 -0.223960 -0.011819 -0.242617
treated 0.107060 -0.034175 -0.073208 0.065643 0.129384 0.031313 0.042710 -0.029122 0.144740 -0.031399 0.187146 0.132296 0.051219 -0.014355 0.075183 -0.339159 0.020721 -0.174278 -0.147120 -0.021363 -0.022278 -0.267119 -0.193379 0.163113 0.013888 -0.076149 -0.005352 -0.121783 -0.201555 0.058325 0.058560 -0.185957 0.145974 0.148724 -0.185237 0.012270 0.130681 0.152820 0.076968 -0.059920 -0.069806 -0.216914 -0.104445 0.084351 -0.217050 0.116202 -0.138649 -0.257306 0.290325 0.198947
treaties 0.101380 0.213699 -0.167436 0.279639 -0.157923 -0.066103 -0.154774 -0.011267 0.028660 -0.080552 -0.073354 0.074159 0.289473 0.167978 -0.230016 0.020175 0.099965 0.045704 0.092499 0.160203 -0.021588 0.111110 -0.241576 0.034894 0.041002 0.091764 0.086860 0.053685 0.018711 0.092991 -0.242867 0.127184 0.099132 0.020489 0.101619 -0.041530 0.298352 0.161856 0.043781 0.199290 0.138605 -0.014691 -0.040058 0.075796 0.083307 0.028711 0.327907 0.194916 0.000478 0.135418
trends 0.106057 0.004261 -0.019879 -0.056182 0.001539 0.026748 -0.043183 0.015297 0.018706 0.047172 -0.000815 0.001512 0.004281 0.126308 0.025110 0.018474 0.069674 -0.092262 -0.015474 0.008984 0.209413 0.283453 0.250741 0.340578 0.346223 0.343578 0.336449 0.212657 0.296150 0.345933 0.016505 0.014854 -0.032664 0.058255 -0.062152 0.054589 -0.050993 0.011060 0.039274 -0.019569 0.015324 -0.024466 0.091099 0.112291 0.050724 0.001755 0.028628 0.003583 0.005757 0.027462
trial 0.183896 -0.000312 -0.161555 -0.100630 0.117339 -0.120926 0.049432 0.063660 -0.196985 -0.174453 0.267717 0.090675 -0.079819 -0.111981 -0.165973 0.039970 -0.141841 -0.271090 0.163601 0.126170 -0.054095 0.007773 -0.012073 -0.039607 0.049379 -0.284467 -0.256845 -0.076460 -0.082600 0.146955 0.122040 -0.043488 -0.171504 -0.132493 0.069769 0.141545 0.065639 -0.032716 -0.073127 -0.173912 0.058034 0.001703 0.029339 -0.000434 -0.270517 -0.084499 0.367582 -0.100739 0.100438 -0.061334
trickle 0.084411 0.056924 0.013056 0.121682 -0.147981 0.063109 0.186706 0.123516 0.043919 0.075750 0.178040 0.153408 -0.143207 0.147737 -0.043292 0.037574 0.213706 0.020074 0.086034 -0.358325 0.266506 -0.145013 -0.285266 0.076233 -0.033274 -0.281768 0.068578 0.073389 -0.146365 0.034409 -0.008714 -0.091976 -0.003984 0.033245 0.087958 0.269243 -0.122234 -0.109360 0.357793 0.062302 -0.005453 -0.017970 0.096406 -0.025954 -0.041188 -0.155571 -0.075487 0.019654 0.119965 0.102235
triggers -0.116546 0.146005 -0.120481 -0.078269 -0.095002 -0.098278 -0.139674 -0.105310 0.129471 0.304817 -0.051352 -0.115125 -0.279820 -0.147600 -0.201631 0.050616 -0.098075 -0.159992 -0.088725 -0.121144 -0.020406 0.035638 -0.265756 -0.198034 0.000570 -0.086315 -0.197289 -0.008513 -0.067860 0.046513 0.002551 -0.142443 0.129896 0.179971 0.043914 0.166309 0.094562 0.408444 -0.203658 0.046516 0.045605 0.100767 -0.018679 -0.202617 -0.002811 -0.015267 0.077070 -0.084591 -0.005596 0.135046
true 0.039565 -0.020026 -0.038800 -0.358635 0.064215 0.010259 -0.071683 0.244667 0.116606 -0.044625 -0.201256 -0.220459 -0.126922 -0.093005 -0.117826 0.197021 0.012053 0.200660 0.122153 0.094258 -0.066474 0.074813 -0.097251 0.082442 0.014989 -0.015307 -0.267301 0.011522 -0.030809 0.245938 0.131501 -0.023693 0.061803 0.221770 0.048235 -0.121539 -0.055526 -0.189257 0.245972 0.102759 0.167683 -0.022007 0.181844 -0.280408 -0.025354 -0.125821 0.067690 0.042693 0.170309 -0.049665
trusts -0.156946 -0.084410 -0.096617 -0.023939 -0.095977 0.122307 0.197536 -0.155383 -0.168868 -0.049610 0.133346 -0.060297 -0.014170 -0.224108 0.218314 -0.121641 -0.111854 0.094106 -0.069137 0.223985 -0.062283 -0.183690 -0.218222 -0.133352 0.144954 0.107076 -0.122672 0.031130 -0.210490 -0.101163 -0.175120 -0.025917 -0.166478 -0.025892 0.023719 0.021632 0.150847 -0.227333 0.144041 0.016660 0.243974 -0.218760 -0.136523 -0.019642 -0.054544 -0.304771 0.177513 0.004425 0.096139 -0.063992
tuition -0.003049 0.215838 -0.167202 -0.257625 0.064905 0.135322 0.072592 -0.237443 -0.114156 0.261852 -0.050244 -0.154592 -0.173786 -0.159247 0.171992 0.034227 0.202904 0.082893 0.047159 0.189584 0.009030 -0.010227 0.195393 -0.091591 0.051479 -0.111683 0.140325 -0.053234 0.017730 0.331350 -0.173995 0.087567 -0.059734 -0.112667 0.080003 -0.065012 -0.012690 -0.084234 -0.043670 0.087588 -0.144871 -0.164628 -0.035570 -0.040693 -0.113614 0.024929 -0.111100 0.096605 -0.307121 0.194025
twelve 0.032514 -0.322305 0.074456 0.028330 0.076573 0.016109 -0.127338 -0.275592 0.059891 0.221323 -0.016953 -0.043480 0.102437 -0.030761 0.155234 0.055623 0.015226 0.035034 -0.010944 0.003289 0.018053 0.230193 0.014748 -0.127984 -0.143113 -0.118021 -0.355166 0.094401 0.269086 0.089004 -0.187554 -0.002662 0.205669 -0.181640 0.048937 -0.026450 -0.090752 -0.167127 0.002920 0.212317 -0.137879 0.194211 -0.022541 0.147775 -0.000435 -0.067049 0.027361 0.027889 0.286065 0.118312
two 0.069782 0.080846 -0.102546 0.255150 -0.013957 -0.007818 0.040224 0.023754 -0.049904 -0.060686 0.009123 -0.090838 0.019712 0.035151 0.017855 -0.024992 0.180218 0.082179 -0.000331 -0.113274 0.009081 0.286856 -0.095307 0.101818 0.036975 -0.019180 0.169202 0.161380 0.066947 -0.107552 0.118526 -0.324010 -0.020758 -0.244587 -0.029671 -0.066129 -0.095956 0.055351 0.228707 0.363386 -0.001681 -0.013753 -0.155405 0.169259 0.100786 0.083119 0.427089 -0.098465 0.141756 0.060880
tyranny -0.175561 -0.113958 -0.051695 -0.142362 -0.078317 -0.157761 -0.073420 -0.181331 -0.095019 -0.122402 0.333105 0.306757 0.348496 0.245937 0.339702 0.188464 0.158467 0.248429 0.276194 0.308962 0.028288 -0.000867 0.058237 -0.003772 0.058112 -0.002796 -0.012659 -0.008211 0.025580 0.076149 0.083324 0.037400 -0.030866 0.006701 0.032878 0.004705 0.033713 -0.052480 0.051328 0.036684 0.031719 -0.044845 -0.007844 0.014456 -0.055576 0.013091 -0.028604 -0.049143 0.002781 -0.033096
unaffordable -0.004907 -0.070596 -0.048741 -0.071309 -0.294928 -0.102359 0.197798 0.207163 -0.260805 -0.074003 0.065280 -0.160272 -0.112631 -0.008658 -0.056497 0.033394 0.077246 0.108208 -0.056991 0.005646 -0.233585 -0.025526 -0.050122 0.211753 -0.005253 -0.150121 0.020921 0.211910 -0.062732 -0.199714 -0.021621 0.179160 0.382174 -0.276877 -0.077075 -0.070135 0.118269 -0.236286 0.140844 -0.026072 -0.191424 -0.061796 0.043808 0.026918 0.022002 -0.208862 0.085680 0.019617 0.028781 0.004953
unchanged 0.022501 -0.166925 0.080730 -0.208171 -0.139794 0.024259 -0.004669 -0.036242 0.051659 0.221077 -0.012839 0.072549 0.219511 0.066382 -0.187883 -0.021277 0.020242 0.117589 0.156678 0.248855 -0.071677 0.159844 0.199995 -0.068891 -0.092646 -0.241515 0.073101 -0.297954 0.151994 -0.011441 -0.146331 0.122374 -0.042230 0.031850 0.043243 -0.061555 0.079304 0.217224 -0.421979 -0.062815 -0.022275 -0.122356 -0.079173 0.001651 0.050334 0.097879 -0.170680 0.084338 -0.197664 0.071298
unchecked 0.102159 0.027108 -0.078463 -0.154251 -0.004849 -0.109011 0.141228 0.026855 -0.159957 -0.117033 -0.402999 0.005433 0.097821 0.237862 -0.069992 0.072731 0.271218 0.076267 -0.123487 0.032542 -0.047181 -0.188303 -0.064019 0.131791 0.319107 0.196516 0.093183 0.114624 -0.066938 -0.131010 -0.004575 -0.076419 -0.085295 0.202220 0.036285 -0.026236 0.045097 -0.021183 -0.170544 -0.159962 -0.027485 0.061133 -0.059377 -0.089529 -0.042944 0.007055 0.067239 0.199966 -0.138875 0.338509
unconditional 0.229403 -0.142788 -0.131301 -0.094218 -0.005662 -0.010774 -0.049413 0.143020 -0.367571 0.007348 0.002479 0.078795 -0.038008 -0.088706 -0.053320 -0.129293 0.227340 0.289174 -0.116545 0.132423 0.152185 -0.296945 -0.104003 -0.195638 -0.061608 -0.065605 0.099707 0.100848 -0.043075 -0.031408 0.073638 -0.149440 0.100687 -0.062357 -0.049832 0.091393 -0.127632 -0.115642 -0.014955 0.213260 0.114309 -0.140162 -0.217425 0.228016 -0.086943 -0.060615 0.174954 0.064408 -0.107735 0.179196
unconstitutional -0.165850 -0.112185 -0.064158 -0.140176 -0.131446 -0.124721 -0.113304 -0.143973 -0.096095 -0.104502 0.376195 0.237527 0.287715 0.284447 0.290804 0.204529 0.149554 0.327356 0.302693 0.282666 0.033936 -0.022403 0.030463 0.015023 -0.032412 0.035344 0.037208 -0.005806 -0.095241 -0.011845 -0.013950 -0.032044 -0.082132 0.039161 0.048120 -0.013138 0.053309 -0.024361 -0.004641 -0.031587 0.099540 -0.049052 -0.010226 0.045807 0.006533 -0.041674 0.051443 -0.077827 -0.053828 -0.020695
under -0.179163 -0.213195 -0.121222 -0.109076 -0.087757 -0.067503 0.160702 0.080928 0.230032 -0.053617 -0.322285 -0.095373 -0.108502 -0.243654 0.183826 0.054533 0.124539 0.098344 0.025265 -0.164512 0.127155 0.166254 0.072690 -0.135374 -0.143820 -0.151871 0.192545 0.278764 0.063984 0.067405 -0.006677 0.007780 0.033451 0.196379 -0.220857 -0.078602 -0.088664 0.045446 0.024017 -0.081426 -0.052349 0.098661 -0.179672 0.137094 0.148666 0.071469 -0.044009 -0.007784 -0.065243 0.279642
undermines -0.324436 0.031380 0.008383 0.007856 -0.140515 0.050846 -0.086624 0.068332 -0.062898 0.060364 0.119542 -0.143732 0.169343 0.056548 -0.282184 -0.022831 -0.119889 0.013733 0.232474 0.205355 -0.148265 0.114347 -0.225274 -0.052470 0.009058 0.085458 0.046316 -0.012973 -0.028732 0.053793 -0.160045 -0.138400 -0.276474 0.270190 0.016484 -0.090756 -0.239798 -0.126004 -0.188067 -0.022761 -0.010783 0.123367 -0.121820 0.287635 0.032037 -0.166965 0.008030 -0.098623 -0.060445 -0.156691
undermining -0.002203 0.016159 0.146230 0.387634 -0.039845 0.143563 -0.065230 -0.031239 -0.183814 0.019067 0.167987 0.046372 -0.157678 0.068339 -0.062995 0.166858 0.155753 0.148613 0.223170 -0.313588 -0.056722 0.286673 0.114034 -0.012599 0.064965 0.198101 0.168704 0.176916 -0.179875 -0.096435 0.001155 0.170958 -0.064032 0.034933 -0.023712 0.079293 0.082244 0.019838 0.073891 0.055156 0.188206 -0.088281 -0.008907 0.038701 0.147475 -0.000757 -0.174948 0.202333 0.169711 -0.113682
undocumented 0.134980 0.121031 -0.006436 0.037398 -0.027749 -0.159534 0.214665 -0.121935 -0.103788 -0.030879 0.140878 -0.040455 0.129176 0.128575 0.084329 -0.047157 0.071641 0.293505 0.126483 -0.170830 0.085553 -0.026750 0.204452 0.083243 -0.082249 -0.130862 0.126795 -0.146186 -0.032992 -0.133902 -0.009546 0.215514 -0.054553 -0.077815 0.053054 -0.015925 -0.067295 -0.269453 0.046607 -0.147471 0.342621 0.024402 -0.052947 0.115485 -0.108506 0.027899 -0.186596 -0.070397 -0.319443 -0.284598
unelected -0.117985 0.033508 -0.137556 -0.005224 -0.062767 -0.041297 -0.302083 0.101219 -0.090819 -0.211290 -0.143507 0.176834 0.074598 0.163640 -0.029156 0.035825 -0.024004 -0.332604 -0.090723 0.129968 -0.370181 0.131128 -0.127513 -0.217271 0.098862 -0.067849 -0.018931 0.111699 -0.002445 -0.140403 0.094881 0.186542 0.057329 -0.153893 0.115031 -0.086173 -0.037103 -0.080190 0.125636 -0.110165 -0.292391 0.099432 -0.107851 -0.065242 0.166404 0.114063 0.013672 -0.094011 0.064334 0.162460
unemployment -0.335049 0.044443 -0.004816 0.030595 0.050016 -0.009875 -0.133042 -0.388572 -0.197264 -0.004030 0.017281 0.028715 0.203583 -0.208692 0.129881 0.021129 0.331677 0.195180 -0.015849 0.004517 -0.067334 -0.309706 -0.012374 -0.006387 -0.094296 -0.079065 0.141707 -0.102964 0.023907 0.078260 -0.002591 -0.070754 0.061197 0.071289 0.032792 -0.089460 0.191932 -0.145909 -0.103025 0.299715 -0.068931 -0.134439 0.113791 0.030167 -0.055365 0.037753 0.071082 -0.178566 0.085616 0.051739
unfair 0.070411 0.006300 0.137047 0.001745 -0.011892 -0.276897 -0.073912 0.045595 -0.090845 -0.260433 -0.057696 0.016825 -0.271766 0.132748 0.156490 0.279654 -0.190153 0.209116 -0.241121 -0.104170 0.038135 -0.150985 0.101569 0.061480 -0.011622 0.047642 0.316488 0.167778 0.046950 -0.160317 -0.032686 0.010274 -0.151545 0.111725 0.007421 0.268410 -0.030946 -0.075843 0.043607 0.012035 -0.055811 0.069207 -0.127360 0.010119 0.108356 -0.180819 -0.052230 -0.016665 -0.046289 -0.284356
unfairly 0.118631 -0.064456 -0.168301 -0.200152 -0.091004 0.074754 0.097536 0.086096 -0.039957 -0.068767 0.183206 0.036621 -0.078546 -0.110028 0.148914 0.104161 0.228382 0.046576 0.055156 -0.015260 0.185900 -0.140046 -0.078579 0.054516 0.048175 -0.011419 -0.020244 0.051607 -0.198419 -0.056226 -0.133621 0.112129 0.262628 -0.164266 0.171661 -0.088513 0.162051 -0.104159 0.195955 0.349018 -0.264268 -0.048443 -0.157804 0.171179 0.017514 -0.000928 0.256799 0.030924 0.039206 -0.254831
unhindered -0.053256 -0.123713 -0.255097 -0.055253 0.020858 -0.046282 -0.132615 0.020365 0.031405 0.082353 0.025885 0.010417 0.154455 0.008400 0.089567 0.270620 0.057477 -0.138155 -0.055078 0.303082 0.242894 0.005623 -0.368666 -0.125569 0.153000 -0.231736 0.043182 0.075505 -0.242140 -0.071617 -0.038372 0.303868 -0.163748 0.136230 0.081919 -0.200243 -0.088023 0.086330 -0.057191 0.004739 -0.049937 -0.067269 -0.077257 0.172202 -0.170005 -0.089821 -0.002126 -0.099536 0.061558 0.072088
uniform 0.333338 -0.175186 -0.214854 0.040269 0.126817 0.158784 -0.079105 -0.006638 0.177663 -0.199103 0.217603 0.032274 -0.115985 0.065879 -0.294386 0.048854 0.062855 0.144837 -0.010894 -0.024489 -0.164677 0.052854 -0.016577 -0.120369 -0.182889 -0.114185 -0.090166 0.060118 -0.043809 0.016189 -0.103885 -0.148723 -0.009821 0.064774 0.143972 0.130079 -0.109193 -0.024942 0.014923 0.251043 0.136731 -0.191988 -0.100033 0.017139 -0.301555 0.227135 0.026370 -0.083097 -0.031608 0.194981
unilateral -0.051930 0.260108 0.030801 0.142777 0.113409 -0.079350 -0.146372 0.052654 0.029925 0.218575 0.066439 0.008296 -0.025848 -0.104474 -0.413983 0.085218 -0.137961 -0.292941 0.078799 -0.007330 -0.042688 -0.096334 -0.095120 -0.064342 -0.134392 -0.061083 0.049424 0.070636 -0.084373 0.093346 -0.290417 -0.105054 0.002686 -0.114999 -0.013887 -0.072028 0.040205 -0.128959 -0.147563 -0.137565 0.122497 0.259410 0.073397 0.337928 0.050749 -0.014409 0.009452 0.123954 -0.217674 0.026129
uninsured 0.001529 0.164844 -0.079706 -0.015056 -0.085905 0.153332 -0.246312 0.020072 -0.078470 0.070912 -0.073560 0.124855 0.038409 -0.325839 0.194846 0.035115 -0.215774 0.261860 -0.069834 -0.021536 0.052758 -0.253992 -0.165006 0.023096 0.290286 0.131839 0.102610 -0.055565 0.078149 -0.055036 -0.064360 -0.226005 -0.013983 -0.176809 -0.040282 0.058514 0.063699 0.114150 0.084469 -0.069502 -0.191672 0.018934 -0.062914 0.265330 -0.241229 -0.063555 0.114977 -0.076220 0.031741 0.202056
union 0.173152 0.178390 0.297652 0.389549 0.299374 0.283765 0.195316 0.256065 0.358894 0.313905 -0.038531 -0.085040 -0.120011 -0.070664 -0.183686 -0.108616 -0.119471 -0.108611 -0.113718 -0.149540 0.022602 -0.076321 -0.008974 0.002038 -0.028084 -0.049295 -0.016253 0.018696 0.008771 0.029444 0.052947 0.054057 0.033067 -0.044170 -0.084226 0.056139 0.059179 -0.059726 0.016163 -0.083344 0.025931 -0.004943 -0.054328 -0.070627 0.018872 0.018619 0.057859 -0.001448 -0.066584 -0.004258
unionized 0.249531 0.293019 0.274788 0.252727 0.281635 0.299014 0.289650 0.235907 0.232639 0.316106 -0.156508 -0.136836 -0.157050 -0.154260 -0.099996 -0.132163 -0.149342 -0.050036 -0.122401 -0.034764 0.004991 -0.052870 -0.105055 0.082256 0.073001 0.032448 0.080408 -0.137183 -0.000876 -0.004625 -0.040795 -0.036995 0.019600 0.040341 0.013057 0.035408 0.003951 -0.009907 -0.012841 -0.002526 0.045665 -0.018826 0.080309 -0.001257 -0.018642 -0.005986 -0.040996 -0.113567 0.071516 0.044712
unions 0.319545 0.243893 0.244509 0.299735 0.370295 0.304968 0.311759 0.248719 0.256136 0.233955 -0.173771 -0.134718 -0.120593 -0.109025 -0.017815 -0.160337 -0.095532 -0.127215 -0.090878 -0.095312 0.027653 -0.050295 0.005496 -0.021293 -0.067998 -0.025960 -0.029678 -0.044019 0.069075 -0.023277 -0.010507 0.066809 0.017747 0.027265 0.033519 -0.061435 -0.016136 0.029104 0.039344 0.000775 0.000718 0.004484 -0.010398 -0.032114 0.026134 0.049565 0.000047 -0.009358 -0.022606 0.022780
universal 0.298451 0.231427 0.307180 0.261760 0.280155 0.234485 0.224460 0.267092 0.333840 0.332118 -0.176402 -0.050491 -0.131765 -0.180244 -0.011984 -0.068175 -0.128997 -0.205175 -0.093211 -0.131725 0.049955 -0.015950 -0.005582 0.035821 -0.001698 0.076481 -0.017386 -0.018410 0.047088 0.017408 0.015066 0.058174 0.011287 -0.017372 -0.055644 0.034597 0.040541 -0.049868 -0.038722 0.037725 -0.018848 -0.008649 -0.064939 -0.033577 -0.000141 0.029191 0.044679 -0.029417 0.054324 0.059659
university 0.015896 0.212297 0.193301 0.241802 -0.218664 -0.032275 0.194462 0.161365 0.048881 -0.369950 -0.160693 0.110669 -0.069400 0.051446 -0.157653 -0.066958 0.032934 0.105286 -0.021975 -0.003611 -0.076801 -0.195745 -0.290415 -0.109696 0.126778 0.045349 -0.040512 0.217480 0.283791 0.122915 -0.058777 -0.035478 0.087362 -0.093698 -0.015834 -0.025038 0.010907 -0.218823 0.091547 0.112453 -0.231036 -0.064911 0.112790 -0.052306 -0.155985 -0.096079 -0.028885 0.046068 0.123105 0.017014
unleash 0.044672 -0.035623 0.127319 -0.199680 -0.120174 0.187362 -0.134695 -0.215058 -0.031955 -0.164058 -0.222347 0.154174 -0.157241 0.100171 -0.044699 0.125715 -0.133493 -0.166937 -0.134613 -0.036971 -0.032399 0.003218 0.166868 -0.227922 0.157757 0.042724 0.043406 0.017866 0.246030 0.122509 0.197970 0.184451 0.129117 0.045858 -0.039398 0.143134 -0.008614 -0.075577 0.125417 0.240480 0.031675 -0.037456 0.137563 0.222144 0.172621 0.101992 0.219699 0.090373 -0.085787 0.233406
unmistakable 0.030823 0.092976 -0.012921 -0.177307 0.316560 0.036837 0.012239 0.124070 -0.043561 0.237673 -0.110832 -0.049339 -0.031230 0.055773 0.020334 0.078929 0.083852 -0.088020 -0.109004 -0.119688 0.224426 -0.027270 0.121758 -0.098265 0.204729 0.034295 -0.228506 0.032350 -0.083507 -0.121087 -0.086944 -0.096828 0.172655 0.089970 -0.032483 -0.238423 0.235516 0.100090 0.063593 -0.032553 0.009623 0.018178 0.020965 0.112873 -0.453415 -0.064868 0.334590 0.038548 -0.002907 -0.055863
unprecedented -0.024697 0.021165 0.131517 -0.055429 -0.198261 -0.148871 0.189140 -0.014719 0.137991 -0.111877 -0.039975 0.058325 -0.142812 -0.049566 -0.165684 0.011383 -0.033286 0.281170 -0.034422 -0.066690 -0.098417 0.086317 -0.036717 -0.079081 0.377343 0.051533 0.182694 0.355210 -0.154913 -0.048028 0.027634 0.058176 0.144923 -0.113246 0.197768 -0.279333 0.009131 -0.294371 0.158234 0.116708 -0.007348 -0.131333 0.010200 -0.005481 -0.015611 0.081432 0.141552 0.144077 0.050842 -0.066975
unrealistic -0.004095 -0.085186 0.159691 0.066533 -0.137201 0.127202 0.136545 0.157937 0.008037 0.109342 -0.233295 0.237661 0.017892 0.230025 0.035698 0.067238 -0.087348 0.198181 0.062559 0.013142 -0.053065 -0.045764 0.115923 -0.032062 -0.055731 0.336321 0.056841 0.030879 0.230181 -0.105632 -0.191241 -0.175127 -0.003451 0.280920 -0.039072 0.174337 -0.100890 -0.010955 0.045730 0.119891 -0.080201 0.204544 -0.092710 -0.162862 0.014530 0.127084 -0.077120 -0.064136 -0.166925 0.323738
unregulated -0.083331 -0.070162 -0.380936 -0.021965 -0.226309 0.136171 0.062312 -0.235554 0.180937 0.017513 -0.031249 0.212045 -0.120855 -0.197916 -0.086656 0.227269 0.146466 0.042376 -0.034049 0.124707 0.243131 0.145349 -0.071281 -0.164565 -0.243705 -0.242136 -0.020212 0.038521 0.010498 -0.063789 -0.159514 0.031798 0.070495 0.071194 0.088092 0.057084 -0.195930 -0.014368 0.142477 -0.072714 0.079133 0.070400 0.163241 0.192294 -0.198421 -0.086532 -0.074808 0.045995 0.047794 0.040540
unwavering -0.202781 0.032213 0.198620 0.109938 0.345695 -0.114690 -0.069538 -0.059901 0.041055 0.080694 -0.244045 -0.022261 -0.151389 0.031857 -0.106154 0.083388 -0.115524 -0.083459 0.207023 -0.101412 -0.021145 -0.177229 -0.022980 -0.163264 0.027989 -0.237099 -0.117236 -0.076048 -0.091651 0.041301 0.181443 -0.125308 0.018125 -0.069557 0.097263 0.059696 -0.116601 0.070400 -0.109299 -0.034783 0.127104 -0.079415 -0.068536 -0.468926 -0.053391 -0.016129 -0.284736 0.014357 0.025641 0.071189
up -0.098304 0.101995 -0.371112 -0.080044 -0.169352 -0.270456 -0.144870 -0.036634 -0.072886 -0.031509 -0.041384 -0.191192 0.020801 0.074441 0.110151 0.098296 -0.051878 0.103097 0.003738 -0.110302 0.046507 0.055117 0.072723 -0.130134 0.129600 -0.029594 -0.191377 -0.046483 -0.142046 0.267915 -0.153827 0.161852 -0.041639 0.146812 0.068765 -0.080247 -0.281457 0.139038 0.089044 -0.180896 -0.070154 0.252893 0.049685 -0.189269 0.291447 -0.049615 -0.051059 -0.039043 -0.120046 -0.036565
updated -0.183261 0.160943 0.111780 0.095125 -0.140219 -0.164392 0.320395 0.072893 -0.089679 -0.025402 0.167942 0.172923 0.221579 -0.067365 -0.111903 -0.079194 -0.108964 -0.095906 0.135062 0.211458 -0.027460 -0.062994 0.088458 0.099502 -0.085626 0.124661 0.016551 -0.017235 0.023466 0.084311 0.029573 0.106659 0.026345 0.007153 -0.045956 -0.017703 0.095304 -0.087426 0.297219 0.011367 -0.263602 -0.300976 0.105492 -0.193085 0.032496 0.059533 -0.083062 -0.278983 0.024381 -0.261708
upgrade 0.071699 -0.005158 0.175832 0.080937 -0.224575 0.054140 0.156030 -0.018824 0.056699 0.023404 -0.170222 -0.002229 -0.067509 -0.096462 0.012164 0.290210 -0.040432 -0.170949 -0.037691 0.115208 -0.184114 0.208648 0.085900 0.075122 0.005913 -0.218149 -0.041142 0.060683 -0.164749 -0.341277 -0.036241 0.285554 0.264097 -0.065585 -0.187495 0.142050 0.102391 0.059516 -0.061300 0.148607 -0.143874 0.025904 -0.245266 0.095091 0.108440 0.155067 -0.065964 -0.088648 -0.157933 -0.008783
upholding 0.061593 -0.072098 0.142761 -0.113349 -0.046139 -0.058251 -0.117630 0.087844 -0.000176 -0.246554 -0.057134 -0.047555 0.066925 -0.021168 0.151454 0.058144 -0.094754 0.064075 0.197114 -0.092004 0.009316 -0.180169 0.163773 -0.241050 -0.041002 -0.359021 -0.158363 0.151182 0.015194 -0.327624 0.072230 -0.008737 0.000055 -0.082095 0.055949 0.335088 -0.031511 0.026987 0.133525 0.049006 -0.170767 0.008625 0.239553 0.273764 -0.017597 -0.026742 0.066829 0.028861 -0.028605 0.225999
urban -0.201857 0.108839 -0.121313 -0.008315 0.147157 -0.046342 0.055383 0.012732 0.052982 -0.074973 -0.221416 -0.165733 0.095872 0.034273 0.087016 -0.161462 0.000661 -0.056289 0.176021 -0.101221 0.010659 0.247850 0.325153 -0.111950 0.001740 0.088293 0.285408 -0.006486 -0.107123 0.033785 0.062320 -0.206198 0.084193 -0.197864 0.133592 0.250744 -0.065448 -0.028221 0.145510 0.194915 0.250680 0.166171 -0.161625 -0.021095 -0.178279 -0.126745 0.056180 0.171325 0.079289 0.096336
urgent -0.089567 0.331508 -0.085558 -0.059714 -0.042733 0.217181 0.202761 -0.154266 -0.021661 -0.050258 -0.006007 0.282097 -0.128152 -0.031442 0.063556 0.028714 -0.232346 0.143461 0.189267 0.211171 -0.287557 0.139978 -0.237923 0.186834 -0.026306 -0.024828 -0.011033 0.096119 0.157697 -0.023634 0.098702 -0.014008 -0.002119 0.080265 -0.110315 0.002255 -0.064843 0.139655 0.089960 -0.005879 -0.222065 -0.062374 0.015135 0.034805 0.085330 -0.040743 0.151280 0.095340 0.200970 -0.266807
use 0.117297 -0.212022 -0.044166 -0.196360 -0.224890 0.023189 0.127157 0.002867 0.069643 -0.004333 0.128849 -0.310926 -0.197486 0.106243 0.063564 -0.162227 0.016573 -0.122180 -0.118849 -0.012761 -0.069066 0.212106 -0.010560 -0.068823 -0.173895 -0.026330 0.106870 -0.029049 0.131485 0.162670 0.269961 0.122101 0.073994 0.262234 0.141024 0.057958 0.005506 0.022371 0.171302 -0.313479 0.122012 -0.184602 0.051407 0.110304 -0.000023 0.144449 0.202571 0.109077 0.008721 -0.112173
user -0.066427 -0.252998 -0.162763 -0.005346 0.003447 -0.113054 -0.134059 0.046991 0.140354 0.176510 -0.047775 -0.081931 0.102111 -0.026115 0.111843 0.193791 -0.390124 -0.010245 -0.084471 0.057986 0.172110 -0.025989 0.011706 -0.168951 0.012171 -0.120706 0.075083 0.018671 0.256204 -0.243923 0.149453 0.170800 -0.067636 -0.054157 -0.122582 0.033374 -0.058535 -0.181956 -0.109490 0.149629 -0.048689 -0.036359 -0.158713 -0.075644 0.019235 -0.057429 0.185800 0.037926 0.237949 0.326377
utility -0.195437 -0.071098 0.207581 -0.048761 0.126308 -0.131326 0.000849 0.169403 0.062609 0.151523 0.033907 0.257850 -0.174507 0.142915 0.082842 0.007385 0.200324 0.148876 0.095224 -0.022116 -0.034286 0.076041 0.180028 -0.083164 0.067315 -0.097767 0.107564 -0.084155 0.249052 -0.118443 -0.126948 0.229574 -0.030970 0.015383 0.130042 0.017695 0.280482 0.041829 -0.062103 -0.004472 -0.093323 0.387967 0.148003 -0.204619 0.173275 -0.142871 0.050075 0.099637 0.047384 0.102405
vacancies 0.102101 -0.105039 0.060169 0.087728 -0.172093 0.142394 -0.007945 -0.035235 -0.164266 0.180024 -0.234707 0.027304 0.062108 -0.077264 0.026931 0.038327 -0.173471 -0.192273 -0.018955 -0.294601 0.015479 0.015343 -0.247229 -0.129083 0.225814 0.117513 -0.194266 -0.026829 -0.044953 0.093068 -0.125878 0.006990 0.095559 0.291611 -0.191220 -0.093294 0.081692 0.114060 0.145190 -0.109915 0.123782 0.035224 0.072102 0.097088 -0.071602 -0.223359 0.148702 0.320111 0.034357 -0.149087
vaccine -0.226142 -0.068034 -0.099450 0.042527 -0.086090 -0.078388 0.048322 -0.113728 -0.243322 0.005923 -0.215524 0.073240 -0.163188 -0.027570 0.166245 0.088715 -0.007395 0.129050 -0.067454 0.125880 0.017859 0.017551 -0.007829 -0.241043 0.025296 -0.228081 0.031515 0.355870 -0.025422 0.138169 0.226279 0.104918 -0.120806 0.138503 0.050328 -0.057273 -0.001642 -0.120021 -0.229048 -0.074033 -0.065557 -0.001051 -0.007034 0.162209 -0.411292 -0.173457 0.085943 -0.084353 0.068414 -0.102870
values -0.129311 -0.021229 -0.034050 0.263522 -0.233873 0.137397 0.122007 0.284255 0.006456 -0.163974 0.097614 -0.124629 0.049738 0.071828 -0.054534 0.032816 -0.082471 -0.161323 -0.037921 0.150060 0.157517 -0.258552 -0.144378 0.115443 0.204447 0.166311 -0.002378 0.214512 -0.168598 0.058810 0.076492 0.093194 -0.100409 0.005656 0.131735 -0.099200 0.214318 -0.028415 -0.239208 0.002691 0.116198 -0.193510 -0.227586 -0.225969 0.098544 -0.078586 -0.024055 0.078556 -0.037518 0.125093
variations -0.023720 0.082369 -0.101825 -0.007890 0.150248 -0.044435 0.085430 0.104424 0.218112 -0.172461 -0.057754 -0.081016 0.085109 0.054738 0.124988 0.313897 -0.053366 -0.067428 -0.134361 0.011984 0.212871 -0.193960 0.037157 0.026908 -0.114480 0.032559 0.271133 0.125017 0.058464 -0.011002 0.095319 0.084371 -0.072723 0.103012 -0.208491 -0.168016 0.054246 -0.204869 -0.127795 0.099746 -0.352316 0.109409 0.061288 0.091524 -0.102985 -0.057171 -0.178190 0.334492 -0.154649 -0.075710
varied -0.086113 0.003737 0.142108 -0.116957 -0.044492 -0.085297 0.298022 -0.009250 0.330332 -0.027632 0.060406 -0.195320 0.316111 -0.112039 -0.084340 -0.000424 0.009764 -0.055633 0.252500 -0.212807 -0.257767 0.025646 0.061302 -0.130904 0.093151 0.076524 -0.225248 -0.022019 -0.189512 -0.027555 -0.072409 0.189901 0.020734 -0.164359 -0.075822 -0.079630 0.102954 0.097260 -0.012939 -0.058102 0.037843 -0.179463 -0.190930 -0.111619 -0.116035 0.101055 0.210332 0.077918 0.142242 0.073454
varying -0.058371 0.035512 0.204917 0.273549 0.149443 -0.136740 -0.194113 -0.097745 0.034818 -0.223872 -0.050180 0.002049 0.224802 0.055880 0.068228 0.111963 0.029786 0.173485 -0.098623 0.121792 -0.126592 -0.176880 -0.068650 0.230679 -0.018635 -0.073109 0.049931 0.064590 -0.034211 0.055224 0.047484 0.066458 0.038612 0.123888 0.458900 -0.231631 -0.084254 -0.055911 -0.191041 0.120467 -0.016260 0.172895 0.063232 -0.143441 0.124803 -0.086369 -0.059367 -0.143307 -0.128610 -0.144329
venture 0.085515 0.024151 0.021143 -0.108150 0.011583 0.120901 -0.022431 0.300722 -0.078129 -0.056084 0.053443 -0.251228 0.244658 -0.086849 0.013086 -0.177084 0.054558 -0.088322 0.039918 0.049985 -0.260004 -0.174923 -0.062313 0.072194 -0.257757 -0.035416 0.111817 -0.022135 -0.161852 0.325116 -0.158328 -0.116271 0.183414 -0.053041 -0.119364 -0.134352 0.007549 -0.099015 -0.095090 0.197905 0.219715 -0.018452 -0.067915 0.066204 0.089930 0.055395 0.184564 -0.244905 -0.064708 -0.181572
verification -0.013354 0.199021 0.036973 -0.004594 -0.002256 -0.138443 0.013682 0.238230 0.239312 -0.007380 0.117280 0.067371 0.049728 0.006975 0.107801 0.284021 -0.012033 0.068264 -0.061829 0.007952 0.021365 -0.205350 -0.244101 -0.149811 0.052341 0.233975 0.053793 0.160918 -0.167847 -0.265115 -0.154073 -0.039897 0.120379 -0.060836 0.056332 -0.048396 0.008814 -0.017228 -0.234613 0.211041 -0.259319 -0.254706 -0.005406 0.025953 0.199747 -0.033680 -0.056146 -0.191986 -0.133863 0.115872
vetting 0.199729 -0.177009 0.161922 0.196730 -0.083627 0.167370 -0.023336 -0.260300 0.095732 -0.057746 0.396959 -0.397680 0.186840 0.032442 -0.014822 -0.019467 -0.282040 -0.080060 0.103548 -0.137624 -0.193544 -0.069578 0.039242 0.073864 0.028414 0.051100 -0.032587 0.039679 -0.124660 0.092832 -0.226263 0.243689 0.138351 -0.023003 0.011714 0.069979 0.012380 0.107475 -0.101791 0.021547 -0.071600 -0.002035 0.011723 -0.022033 -0.107452 0.055111 0.065769 -0.004775 -0.043877 -0.127324
vibrant -0.004751 -0.063577 -0.127989 0.096030 0.028223 0.105858 -0.170664 0.125700 0.213773 0.237350 -0.023560 -0.133359 0.160797 0.007692 0.055051 -0.045174 -0.097894 -0.142687 0.035533 -0.273116 -0.211607 -0.000740 -0.124590 0.131283 0.208445 -0.067340 0.005783 0.205670 0.061240 -0.028619 -0.219464 0.087875 -0.152885 -0.038123 -0.242031 0.116833 -0.170071 0.084328 0.127691 -0.075506 0.018887 -0.373503 -0.054222 -0.030428 -0.179734 0.065752 -0.114988 -0.121763 -0.032506 0.251753
violate -0.037785 0.100770 0.214559 0.125846 -0.014512 -0.111937 -0.073673 0.116390 -0.287557 0.056745 0.025526 -0.065730 0.121848 -0.207798 0.114098 0.291197 -0.150352 -0.112599 -0.008317 0.236619 -0.034569 0.122915 0.017077 0.205669 -0.018023 -0.009363 0.009906 0.054810 -0.157666 0.026662 -0.057980 0.282310 0.107323 -0.243377 -0.249495 -0.024026 0.108574 0.021285 0.195956 0.070238 -0.065995 0.159358 -0.145956 0.033091 -0.206064 0.050484 -0.267758 0.150773 0.070345 0.006551
violates -0.057797 -0.165255 -0.001718 -0.009591 -0.145721 0.157840 -0.166078 0.101537 -0.023182 0.055842 0.155908 0.064899 0.286432 0.125778 -0.121251 -0.156962 -0.028668 -0.024329 -0.151184 -0.001251 0.138117 0.003066 0.142478 0.087105 0.306557 0.063168 -0.094326 0.072785 -0.011755 0.020178 -0.120345 0.054702 0.074646 0.113458 -0.229790 -0.112565 0.134469 0.427986 0.120601 0.082643 0.108400 0.027556 -0.235488 -0.007853 -0.160852 0.131388 0.182455 0.091934 -0.215053 0.093335
violence 0.054456 0.003009 -0.152544 -0.099860 -0.088881 -0.031623 0.059707 0.036724 0.177899 0.158004 -0.187370 -0.003642 -0.017134 0.018097 0.255693 0.048606 -0.001529 0.005464 0.099378 0.101025 0.057904 -0.014459 -0.072539 0.044782 -0.007764 -0.029091 0.259562 0.084196 -0.108417 0.288295 0.041964 -0.140739 -0.107936 -0.126870 -0.145809 0.008541 -0.064784 0.382880 0.077639 0.104057 -0.043538 -0.102346 0.011884 -0.338741 -0.206695 -0.021284 -0.397380 0.107914 -0.101807 -0.006538
violent 0.097245 0.042173 -0.132354 0.078115 0.192907 0.024382 -0.052020 0.121480 -0.096082 0.053447 0.120269 -0.131079 -0.224713 0.033931 0.080030 -0.183569 -0.043330 -0.076766 0.054305 0.046916 0.247900 -0.082569 0.303074 -0.093654 0.014060 0.082194 0.051526 0.149860 -0.027515 -0.023446 0.062924 -0.009757 0.043292 0.332241 -0.118103 0.072852 0.268731 0.033802 0.228830 0.106014 0.258059 0.220843 0.113019 -0.232367 -0.060472 0.088291 -0.029169 -0.034285 0.089114 0.288298
vital -0.151413 0.092068 0.094979 0.070669 0.183789 -0.066970 -0.164785 -0.008706 0.154669 -0.075432 0.154125 -0.032168 -0.220969 -0.146049 -0.172777 -0.258516 -0.208104 -0.047653 -0.008833 0.376593 -0.055062 0.086807 0.078436 0.111784 0.016734 0.274359 -0.118113 -0.164987 0.050591 0.176991 0.141018 -0.069197 -0.138831 -0.194702 0.177462 0.135422 -0.058224 -0.052741 -0.036781 -0.064962 0.113630 -0.156461 0.117061 0.106488 -0.088631 0.202398 -0.069859 -0.157905 0.121339 0.036308
vocational -0.142035 0.024386 -0.128232 -0.160043 0.244296 -0.189098 -0.074664 0.061619 -0.188518 -0.041735 0.138445 0.236040 -0.055559 -0.092612 0.047929 0.072025 -0.066666 0.159867 0.030977 0.011303 -0.009746 -0.082044 0.331771 0.043708 -0.067037 0.004134 -0.008789 -0.129788 -0.197738 -0.131742 -0.035010 0.056971 0.084626 0.160978 0.098638 -0.134676 -0.116329 -0.133490 0.047238 -0.023419 0.001354 -0.351406 -0.262984 -0.131772 0.076139 0.011383 -0.199242 -0.246529 0.138329 -0.195377
voices 0.054859 -0.055962 -0.041109 0.004434 -0.097183 -0.231724 -0.088901 0.001955 -0.043349 0.083155 0.009271 0.204344 -0.357684 -0.086165 0.077945 -0.068226 -0.007082 0.151067 0.260276 0.157350 -0.107602 0.014008 0.063315 0.210145 0.134219 -0.006641 -0.111669 0.186127 0.194750 -0.194879 -0.087016 -0.015425 0.112277 -0.030315 -0.132807 0.199611 0.079212 -0.113433 -0.094715 0.183259 -0.260109 0.012253 0.351798 -0.105431 0.149661 -0.086662 0.092771 -0.155744 0.014291 0.042476
volume -0.145715 -0.390257 -0.134855 -0.076840 -0.175303 -0.092237 0.278281 0.195142 0.125131 0.103526 -0.037495 -0.206989 -0.081654 -0.023302 -0.055988 0.022318 0.114009 -0.022932 0.079978 0.418933 0.040056 -0.062006 0.087284 -0.004528 -0.089917 -0.070760 0.007862 -0.269389 0.038468 0.115248 -0.296533 -0.104148 -0.027823 -0.011085 0.013747 0.010974 0.076254 -0.089041 0.072674 0.045569 -0.289564 -0.153844 -0.062924 -0.106785 0.023441 -0.041699 0.015427 -0.083860 -0.016075 -0.058033
volumes -0.159575 -0.039651 -0.128129 -0.003866 -0.145749 0.081727 0.202779 -0.205182 -0.248161 -0.073972 0.037338 0.008156 -0.106401 -0.011356 0.129500 -0.110131 0.251924 -0.107934 0.128256 -0.180904 -0.111684 -0.011570 -0.153887 -0.110899 0.132545 0.155280 0.159699 -0.062059 0.053974 0.142505 -0.189464 -0.032168 -0.141528 -0.156769 -0.190339 -0.272257 0.088176 0.288424 -0.143925 -0.060903 -0.041243 -0.005755 0.067328 0.121432 0.095788 -0.018375 -0.022190 -0.105610 0.019856 0.345755
vote 0.045277 0.040421 0.041742 0.079140 -0.145956 -0.071760 0.088549 -0.033187 0.292224 -0.058974 -0.176130 -0.128748 -0.109104 -0.138678 0.141114 0.053405 0.051949 0.163519 0.204050 -0.148150 0.278149 -0.073106 0.050124 -0.065699 -0.095383 0.096029 0.326686 -0.324615 -0.157230 0.017191 -0.047151 0.108284 0.143544 -0.035485 0.009982 0.185932 0.231244 0.004644 -0.042719 -0.103076 -0.019470 -0.060091 0.129043 -0.240762 -0.139930 -0.039539 0.014282 0.274177 0.109105 0.032947
voter -0.002748 0.180728 -0.302795 -0.126597 0.127679 0.287974 -0.267814 0.079599 -0.053101 -0.082928 -0.027885 -0.037115 -0.306887 -0.080781 -0.108291 0.308382 -0.006518 0.045890 -0.115285 -0.134574 -0.044897 0.020675 -0.226766 0.128105 0.160374 -0.129001 0.027112 -0.191753 0.031455 -0.282674 0.083070 0.063521 -0.051679 -0.065274 -0.072198 -0.052243 -0.059874 -0.054867 -0.102598 0.004316 -0.074978 -0.256979 0.043324 0.152942 -0.117160 0.095059 -0.152546 0.081880 0.057157 -0.049759
votes -0.038440 -0.045569 0.191940 0.278759 0.208128 0.112835 -0.074296 0.185671 -0.272728 0.087390 -0.091607 0.168665 -0.030990 0.117875 -0.185667 -0.181426 0.059876 -0.089524 0.037594 -0.029615 0.199369 0.117668 -0.074652 0.020865 0.004123 -0.084020 -0.077811 0.044605 0.038483 0.051340 -0.046937 0.244843 0.203244 0.001218 -0.176766 0.206988 -0.020666 -0.073407 0.222303 0.028525 0.077003 -0.024696 0.200822 0.170439 -0.311344 -0.165284 -0.042204 -0.103343 -0.186912 -0.104202
voting 0.112602 0.334880 -0.344127 0.001424 0.267829 -0.001773 -0.168840 0.094107 -0.074199 0.324836 0.096750 -0.278131 0.068718 0.049805 0.057204 0.088069 0.148884 0.024776 0.140196 0.074273 0.026530 -0.229341 0.059827 0.024101 -0.105483 0.057878 0.060764 -0.017831 -0.074483 0.029285 -0.032617 -0.109953 -0.169206 -0.085123 0.324927 -0.145902 0.135054 0.080905 0.069394 -0.028046 -0.082652 0.027578 -0.099275 -0.073560 0.051884 0.151059 0.156424 -0.062528 -0.134260 -0.017891
voucher 0.084129 0.105726 0.294819 0.156399 0.175214 -0.220452 -0.166520 0.011057 -0.184976 0.107482 -0.156034 0.054017 0.039349 -0.013399 0.256290 -0.030593 -0.134396 -0.134570 0.190299 -0.013249 0.029397 -0.066981 0.065661 -0.093972 0.053996 -0.070989 -0.028906 0.002216 -0.037963 0.046028 0.181610 0.014644 -0.226833 0.195028 -0.154880 -0.031536 -0.097945 0.102674 0.293255 0.195876 -0.085697 -0.214223 -0.200306 0.072374 -0.231158 -0.032991 -0.015303 0.076722 0.255352 0.042568
vouchers -0.129771 -0.101325 -0.059525 -0.194009 -0.056853 -0.200240 -0.035927 -0.170622 -0.092246 -0.106862 0.264869 0.299692 0.229542 0.253571 0.219759 0.311067 0.235645 0.320147 0.368970 0.261896 -0.055172 -0.040893 -0.045487 0.044651 -0.006239 -0.052461 0.003606 0.043960 0.014716 0.050306 -0.021727 0.070816 0.003537 -0.089686 0.027032 0.049133 -0.038029 0.024838 -0.011960 -0.000829 -0.025733 0.082740 -0.052853 -0.031422 -0.047138 0.014381 -0.010139 -0.009234 0.064378 0.008707
vulnerable -0.068735 0.256572 -0.119310 0.266533 -0.063129 -0.095433 0.176397 -0.085469 0.001399 -0.013438 0.012629 -0.375146 -0.114382 -0.372962 -0.090972 0.150817 0.106797 0.154071 0.099014 0.139917 -0.179767 -0.099498 0.084261 0.260899 0.098903 -0.056720 -0.140035 0.096583 -0.130752 0.020377 0.067691 0.190188 -0.163564 -0.059428 -0.069569 0.081030 0.020047 -0.117554 0.085468 0.109215 -0.180486 -0.115940 0.016888 0.036235 -0.082736 -0.123594 0.065428 -0.014488 0.061015 -0.182130
wage 0.185599 0.347986 0.248800 0.261537 0.326334 0.308526 0.291239 0.312282 0.237315 0.263432 -0.201712 -0.151457 -0.108683 -0.114782 -0.149092 -0.166364 -0.117104 -0.080362 -0.086341 -0.033336 0.046952 0.011369 -0.097488 0.001451 -0.029340 0.032632 -0.028900 0.021248 -0.031866 0.001291 -0.059242 -0.018336 -0.025254 0.027370 -0.011460 0.030660 -0.024443 0.034535 -0.021433 -0.055649 0.012770 -0.042337 -0.042459 0.004418 -0.003714 -0.048706 -0.025989 0.036524 0.018516 0.030429
wages -0.037509 0.138780 0.160564 0.026062 -0.024950 -0.062143 0.141312 -0.124363 0.124308 0.105757 0.000125 0.125516 0.074362 0.092163 -0.152848 0.032095 0.192782 0.015681 0.194181 0.039181 -0.045165 0.155347 0.004452 -0.112457 -0.194922 -0.188714 -0.108053 -0.180056 -0.275098 0.301364 -0.109906 -0.098444 0.213545 0.091468 0.038182 -0.135368 -0.045032 0.042678 0.032278 -0.001939 0.041207 0.233781 0.186440 0.077182 0.293293 -0.217126 0.316843 0.011099 -0.033648 0.012575
waitlists -0.075811 0.187725 -0.137220 -0.219464 0.007824 0.061135 0.427095 -0.013000 -0.090808 -0.021507 -0.159517 0.036345 0.165846 -0.101717 -0.229723 -0.012610 0.285913 -0.035269 0.078111 -0.070990 0.036415 0.041262 0.007620 -0.119331 -0.091476 0.091887 -0.132201 -0.179215 0.008180 -0.134819 -0.102115 -0.071179 0.052173 0.085239 -0.063026 -0.181367 -0.306491 -0.022865 -0.103832 -0.210505 0.021143 0.158480 0.116964 -0.140766 -0.131441 0.149860 0.021851 0.164571 -0.088237 -0.192960
waiving -0.038855 0.009684 -0.037883 -0.084322 -0.165743 0.125188 0.214810 0.359927 -0.089358 -0.078149 -0.043502 -0.051798 0.203753 0.041057 -0.051003 0.144999 0.039093 -0.130485 0.173690 -0.151886 -0.065238 -0.185361 -0.056579 -0.021435 -0.183554 -0.258905 -0.097047 0.011181 -0.023594 0.159077 0.301498 0.009922 0.109057 -0.060852 0.254861 -0.043749 -0.057476 -0.255332 0.068591 0.160745 0.032426 0.172690 -0.150935 -0.065297 0.122114 0.146166 0.079672 -0.101560 -0.206269 0.097038
wall -0.170495 0.021354 -0.134499 -0.153924 -0.158614 0.162599 0.219071 0.153459 0.174591 -0.048560 -0.009203 0.047291 0.120257 -0.007953 -0.235413 0.255027 0.090188 0.089033 -0.179766 -0.115881 -0.179188 0.019739 0.079227 -0.252832 -0.064008 -0.229028 0.105307 0.102089 -0.016272 -0.088701 0.040790 -0.058841 -0.114545 -0.076146 -0.057760 0.079814 -0.295837 0.037565 0.152768 -0.063340 0.185963 0.239241 0.015564 0.207101 0.080876 0.084584 0.055777 0.083000 -0.272350 -0.043098
warehouse -0.007334 0.010715 0.014245 -0.061095 -0.065308 -0.007584 -0.215384 0.131941 0.133501 -0.419923 0.072514 -0.088757 -0.056662 -0.067550 0.178678 -0.020255 -0.161755 0.335588 0.052716 0.270024 -0.047586 -0.134077 0.009039 0.143690 -0.079165 -0.022919 0.068488 0.080108 -0.222721 -0.013062 0.110739 0.059080 -0.101055 0.276611 -0.275420 -0.008898 -0.102505 0.178534 -0.045092 -0.043700 -0.100260 -0.150504 -0.195682 -0.206164 0.028162 -0.017344 -0.005365 -0.126434 0.040131 -0.017121
warming -0.167667 -0.016790 0.166600 0.060858 0.250786 0.282610 0.052019 -0.032490 0.198767 -0.070911 -0.019250 0.082189 -0.155768 -0.014392 -0.053987 0.084684 -0.105881 -0.077090 -0.224674 -0.209358 -0.142396 0.002357 0.026885 0.055825 0.236303 -0.057314 -0.112726 0.077010 0.116394 0.073408 -0.157417 0.048752 -0.248069 -0.118065 -0.300236 0.028224 -0.160141 0.065084 0.260059 -0.057993 0.020558 0.255274 0.141348 -0.131232 -0.206482 0.119096 -0.103749 -0.004721 -0.005405 0.101249
was 0.002396 -0.211801 -0.140313 -0.137950 -0.052931 0.199103 -0.046997 0.058783 0.017605 -0.039070 -0.069398 0.223018 -0.256022 -0.093183 0.091305 0.046177 0.112198 0.105240 -0.310572 0.006748 0.085037 0.155501 0.248063 0.031052 -0.063698 0.087782 -0.112275 0.107618 -0.196418 -0.236568 0.059689 0.000747 -0.256670 0.013784 -0.123274 -0.082633 0.045515 0.030819 0.194976 -0.115249 0.006096 0.342157 0.200862 -0.090740 0.112848 -0.089877 0.107094 0.142212 -0.025825 -0.133460
waste -0.033592 -0.001071 -0.007153 -0.013807 -0.286491 0.291876 -0.083406 0.041255 0.164945 0.142296 0.190140 0.017716 0.079705 0.175301 0.212094 0.029727 0.132986 -0.116243 0.022757 0.064680 0.151016 0.133763 0.019245 0.221441 0.063460 -0.023423 -0.162420 0.004385 0.111453 -0.165883 0.039380 0.271202 -0.330968 -0.196260 0.137018 0.236418 -0.145480 0.089415 0.010570 0.050428 0.211758 -0.064763 0.134868 0.020388 0.063014 0.034836 -0.057658 0.173866 0.150464 -0.015869
water -0.448253 0.017198 0.222461 -0.105588 0.278463 -0.049222 -0.112552 0.328178 -0.092859 0.000123 -0.051162 -0.153413 -0.140169 -0.195176 -0.132101 0.062953 -0.051172 0.033246 0.030055 -0.136803 -0.018459 -0.092768 0.151969 -0.051668 0.035061 0.188286 0.110339 0.041503 0.078339 0.071752 0.044809 0.109331 -0.058926 0.208925 0.027063 -0.033194 0.109314 0.015894 0.140953 -0.051606 0.040175 -0.140113 -0.304786 -0.013217 0.147522 -0.017102 -0.049894 0.201867 0.156740 -0.046144
waterways -0.210601 0.009989 -0.122544 0.126152 0.235177 0.167408 -0.321884 -0.081771 -0.155974 0.128355 0.015439 -0.067692 -0.086982 0.058353 -0.075983 0.149579 0.417707 0.129938 0.208731 0.020340 0.168064 -0.172850 0.021039 -0.067225 -0.187171 0.077243 0.144782 -0.084075 -0.074844 0.141620 -0.041339 -0.105269 0.027960 0.022823 0.150542 -0.014529 0.178327 -0.024332 0.070635 0.227119 -0.050059 0.122233 -0.087112 -0.115890 -0.133206 -0.011427 0.103108 -0.063016 -0.135537 -0.194632
way 0.110001 0.055410 0.262249 -0.148858 0.116649 -0.054819 -0.258368 0.018668 -0.165844 -0.173409 -0.279343 -0.007392 0.099945 -0.165969 0.072505 0.154264 0.056829 0.174580 -0.027528 0.064651 0.179884 0.023760 0.147273 0.097117 -0.034179 -0.096405 0.207040 0.109723 0.052086 0.022705 0.045637 0.269835 0.004288 -0.074657 0.093438 -0.007764 -0.078572 0.082815 -0.018081 0.191393 -0.074624 0.212113 0.184320 -0.159765 0.090193 0.058963 0.142858 0.007819 -0.065869 -0.388459
we 0.031206 0.101930 -0.051780 -0.097647 -0.044443 -0.285625 0.054166 -0.106072 -0.126805 -0.101437 -0.064476 0.075828 0.184321 -0.077957 0.140872 0.149950 0.013036 0.192353 0.226790 0.037063 0.079934 0.044936 -0.266529 0.020533 0.240123 0.106417 0.053714 -0.091489 -0.109517 -0.003929 -0.152075 0.034320 -0.210271 -0.037192 -0.019215 -0.023681 0.029779 0.076171 0.176220 0.176462 -0.170202 -0.083201 0.085943 0.360707 0.156790 -0.110117 0.038317 -0.098086 -0.364714 0.063350
weak -0.068576 0.093421 0.209451 -0.039718 0.023991 -0.045457 0.004948 0.052168 -0.267519 -0.012746 0.314613 0.010519 -0.079281 0.073044 0.217609 0.006319 -0.150484 -0.014732 -0.027140 -0.075660 -0.100272 0.001215 -0.292947 -0.160528 -0.050495 0.217223 -0.005249 -0.077156 -0.121905 -0.219063 -0.050213 0.107119 0.094534 0.153808 -0.009940 -0.034501 0.293105 0.163304 0.023858 -0.096167 -0.135045 -0.087921 0.049717 0.216167 -0.174331 0.273419 -0.283047 0.060234 -0.043339 -0.012408
weaken 0.174997 -0.081760 0.011086 0.139751 -0.101982 -0.196582 -0.004239 -0.120751 -0.179186 0.059902 0.287824 0.090452 0.035634 -0.066892 0.056385 -0.069258 0.207712 0.089634 -0.102162 0.046357 0.125084 0.151560 -0.236170 -0.120228 0.083055 0.205245 0.047329 -0.169617 0.028238 0.205604 0.035412 0.334132 0.000219 -0.274905 -0.178612 0.061553 0.080374 0.086201 0.080887 0.018957 0.108490 0.115097 -0.195708 -0.249768 -0.161219 0.172765 0.102771 0.055214 0.030915 0.046645
weakening 0.064044 -0.013149 0.089378 0.029548 -0.161655 -0.033954 -0.080965 0.246625 -0.011900 -0.101069 0.058381 -0.089278 -0.076575 0.139278 0.047134 0.136402 0.474729 0.035707 0.172120 -0.064231 -0.027971 -0.193847 -0.012655 -0.073736 -0.076781 0.060035 -0.055497 0.190966 0.212318 -0.202659 0.135196 -0.107843 -0.171413 0.276993 0.002656 -0.042030 -0.278520 0.043993 -0.017672 0.130786 0.154481 0.098328 -0.084092 0.048608 -0.131486 -0.072274 0.147656 -0.106591 -0.185408 -0.130745
wealth -0.219025 0.020579 -0.107479 0.205877 0.091797 -0.051880 0.296217 -0.049201 -0.195970 0.040029 0.233455 -0.026197 0.042348 0.290784 -0.333500 0.035868 -0.014363 0.056230 0.052579 -0.061827 0.153724 0.187686 0.019387 0.041067 -0.075155 -0.084742 -0.120222 -0.102498 -0.218717 -0.140738 -0.013006 0.054446 -0.025554 -0.082022 -0.122078 0.215671 0.195768 0.064399 0.153176 0.099419 -0.184726 -0.017561 -0.096652 -0.052664 -0.009146 0.171080 -0.011084 -0.126446 0.059331 0.287652
weapons -0.201479 0.134173 0.172648 -0.156032 -0.168270 0.013579 -0.041064 0.017106 0.088355 -0.069212 -0.161800 0.106336 -0.040875 0.071581 -0.263320 -0.005970 0.018184 0.127281 -0.043366 0.195470 -0.195893 -0.037774 0.215571 -0.025807 0.416875 -0.096717 0.288818 0.107984 -0.088037 -0.037316 0.056967 0.068325 0.117030 -0.048240 0.166103 -0.139118 -0.087820 -0.025029 0.041630 0.034576 -0.097027 -0.180686 -0.126827 0.235637 0.022708 0.131684 0.137208 -0.121058 -0.131376 0.187583
welcoming 0.034313 0.116129 0.063873 0.146527 0.128402 -0.084488 0.186085 0.246802 0.033257 -0.068437 -0.240519 0.057321 0.001690 0.015964 -0.054632 0.162089 0.148267 -0.210789 -0.052704 -0.342673 0.086783 0.044337 -0.069221 -0.069829 -0.159291 -0.037888 -0.086804 -0.171554 -0.119309 0.168730 -0.124497 0.246750 0.176580 -0.261171 -0.014828 0.291892 0.020857 -0.164565 0.023164 0.119509 -0.075538 -0.020215 -0.090842 0.007654 0.239548 -0.091153 -0.108658 -0.172026 0.043475 -0.070582
welfare 0.370474 0.248058 0.266563 0.264658 0.292814 0.351921 0.248990 0.168794 0.319006 0.311354 -0.080813 -0.096017 -0.058439 -0.049608 -0.122639 -0.162869 -0.100309 -0.136938 -0.081534 -0.099059 -0.004865 0.021170 0.041481 0.001110 -0.035841 0.054829 -0.001229 0.041194 -0.000273 0.033362 -0.004713 -0.008304 0.072702 -0.014595 0.095334 -0.015748 0.041759 -0.053712 -0.043937 0.008625 -0.040583 0.032047 -0.059052 0.021801 0.001592 0.054672 -0.039825 -0.094868 0.036098 -0.022223
well -0.053902 -0.083385 -0.347546 0.127776 -0.136531 -0.083425 0.076109 0.127141 -0.203968 -0.000447 -0.204328 -0.063692 0.050029 -0.180392 0.255568 0.161554 -0.050392 0.056663 0.200612 -0.097733 -0.202721 -0.148919 0.017610 0.160819 0.190344 0.052946 0.151767 -0.107678 0.116354 -0.220550 -0.103520 0.188117 0.076166 -0.162432 -0.040628 0.067198 0.143814 0.085167 0.174272 0.028582 0.073943 -0.005805 -0.026069 0.026642 0.086429 -0.320550 -0.081701 0.188272 -0.069956 -0.055301
were 0.214872 0.065809 0.264226 -0.173762 0.005606 0.098287 0.227617 0.097390 -0.153322 -0.174813 0.154822 -0.008503 -0.042244 0.034548 0.157302 0.114371 -0.175229 -0.047226 0.054054 0.005460 0.052430 0.006601 -0.088543 0.011087 0.162044 0.056150 0.168210 0.260286 0.010057 0.011439 -0.059751 -0.135751 0.054158 0.063968 0.068036 0.348002 -0.082103 -0.083961 -0.059340 -0.120608 0.053946 0.148073 0.235968 -0.108589 0.248090 0.066206 -0.022334 -0.089023 -0.357860 -0.076942
what -0.130266 -0.122524 -0.108189 -0.025111 -0.327471 -0.013811 0.085521 -0.106084 0.001618 -0.226540 0.247646 0.226431 -0.304638 -0.017576 0.162009 0.144570 0.149662 0.036281 -0.047743 -0.012992 0.140923 0.019191 -0.020164 0.025710 0.073144 -0.277160 0.001555 0.104194 0.176269 0.057771 0.115193 0.149155 -0.073559 0.010389 0.030265 0.050047 0.013349 -0.137995 -0.097749 0.186687 -0.121373 -0.040720 -0.103214 0.269036 -0.116068 -0.204127 -0.070696 0.211027 -0.023996 0.194573
when -0.018629 0.089140 0.028634 0.025792 -0.033106 0.130961 0.132746 -0.001159 -0.188071 0.040373 -0.011330 0.278794 -0.149739 0.080490 -0.024661 0.042318 0.025653 0.069890 0.001434 0.014496 -0.232032 -0.085352 -0.236446 -0.136705 -0.031521 0.029051 0.109646 -0.080633 0.111632 0.000028 -0.169109 0.353693 0.166352 -0.107465 -0.190347 -0.175691 -0.240548 -0.007532 0.131258 0.140043 0.004978 -0.055501 -0.084669 -0.069991 0.159816 -0.112270 0.404148 0.060484 -0.041403 0.238947
whenever 0.022077 0.053812 -0.072080 0.258313 -0.175704 -0.194214 -0.167498 -0.029654 -0.049004 -0.040186 0.068668 -0.035893 -0.386525 -0.073175 -0.001741 0.035365 0.057164 -0.185987 -0.057836 -0.040576 0.058443 0.117913 0.160708 -0.179779 0.005672 0.055100 0.259973 0.070693 0.009522 -0.220200 0.054230 0.260282 -0.088827 -0.097033 0.098601 0.048411 0.264831 0.120278 0.044466 -0.023294 -0.214211 -0.147183 0.080166 -0.214749 -0.253958 -0.028132 0.173781 -0.038103 -0.057823 0.105058
where 0.019616 0.124316 0.098553 -0.030203 -0.141262 -0.400278 -0.112661 0.191403 0.125172 -0.083219 0.015001 0.041083 -0.017307 -0.108075 0.051268 -0.308397 0.185530 -0.088975 0.038046 0.066878 -0.281721 0.050659 0.254869 -0.155753 0.111159 0.040202 0.189000 -0.201315 0.056109 -0.081221 0.048899 -0.013096 -0.056561 0.347137 0.105945 -0.007469 -0.046421 0.009776 0.028860 0.137403 0.283130 0.051001 -0.029007 -0.034820 0.002391 0.150269 0.136587 -0.042607 -0.038945 0.039137
which 0.103684 -0.205176 0.215388 0.040568 -0.074099 -0.221616 -0.126677 -0.097639 -0.029120 0.084920 0.291756 -0.188810 0.091077 -0.214690 -0.137777 -0.012235 -0.039256 -0.120346 0.198824 -0.046220 0.043011 0.034995 -0.078284 -0.078004 -0.146788 0.109331 -0.179470 -0.067710 0.078845 0.365663 0.005555 0.030328 0.062552 0.082475 -0.078119 0.033222 0.088832 0.345667 -0.011175 0.200510 0.020905 -0.173756 0.100017 -0.193632 0.096354 -0.097581 0.027280 -0.018024 0.198303 -0.097360
while -0.175412 0.142653 -0.121995 -0.036462 0.066814 -0.005997 0.226046 -0.253624 -0.026728 0.146848 0.114695 -0.032184 0.081270 -0.016676 0.251570 0.077411 0.067508 0.040098 0.063337 -0.026771 -0.033409 0.057915 -0.275726 0.012168 -0.157932 0.013721 0.133200 0.039180 -0.094252 -0.049596 0.255679 0.305011 -0.399975 -0.089175 0.125019 -0.238385 -0.016051 -0.077706 -0.042204 -0.008094 0.019956 0.075606 0.002096 0.058553 0.216769 -0.025799 -0.018799 0.143744 -0.064133 0.252113
who -0.054748 -0.179416 -0.198806 -0.190989 -0.046961 0.229945 0.037112 -0.064704 0.077016 0.087566 0.255388 0.292480 -0.224990 -0.146424 0.212189 -0.019437 -0.012605 -0.247705 -0.131683 -0.127080 0.105938 0.267475 -0.135630 0.170309 0.210292 -0.126889 -0.077242 0.020253 -0.037432 0.017510 0.188089 -0.117662 -0.011751 -0.032720 -0.100695 0.127526 -0.088704 0.038805 0.031806 0.108158 -0.101033 -0.251496 0.065031 -0.048660 -0.014597 0.180364 -0.124960 -0.048519 -0.142359 -0.052982
widespread -0.346856 0.021071 0.001593 0.027632 0.255702 0.051194 -0.146758 -0.076251 -0.132926 -0.084796 -0.015526 -0.204498 -0.147581 0.119111 0.014060 -0.104212 -0.106571 0.192863 0.063464 -0.079019 0.138004 0.016279 0.084717 0.271059 0.050378 -0.104191 0.040403 0.028720 0.168930 0.203947 0.006309 0.071539 0.220409 -0.163166 -0.107222 0.124877 -0.274804 -0.225764 0.050388 -0.104337 0.116313 0.065702 -0.035925 -0.167878 -0.109474 -0.150575 0.047558 0.134313 -0.202601 -0.183634
wield 0.063967 0.026975 0.180053 0.209913 -0.003260 -0.166785 0.025401 0.257886 0.050011 0.302522 0.221687 0.058266 0.133006 -0.058982 0.016999 0.089599 0.150635 -0.084441 0.183269 0.218441 -0.040017 -0.197290 -0.230044 -0.184180 -0.061046 0.150381 0.019103 0.044097 0.012481 -0.026960 -0.206209 0.019044 0.011207 0.088141 -0.276965 0.008160 0.037764 -0.222814 -0.091976 -0.143294 0.132992 0.036088 -0.081334 -0.031153 -0.136338 0.069109 -0.080469 0.097475 -0.321982 0.049394
wildfires 0.070451 0.292723 -0.091541 -0.030500 0.038214 -0.073688 0.349984 -0.123361 -0.075354 0.060997 -0.257447 0.292618 -0.102668 0.093695 0.162280 -0.171654 0.072161 -0.024511 0.297174 -0.085266 -0.110628 -0.102893 -0.157735 -0.080209 0.203819 -0.079082 -0.070649 -0.172378 0.020675 -0.046013 -0.008265 -0.116679 -0.114585 -0.123399 0.006750 -0.124780 -0.220060 0.099739 0.099610 -0.009047 0.086874 0.053660 0.187227 0.005402 0.168712 -0.159790 0.006550 0.131426 -0.188624 -0.003068
will 0.160014 -0.131426 0.286869 0.243373 0.072692 -0.166700 0.047408 0.101317 0.097614 0.238588 -0.004054 0.077846 0.252778 0.042739 0.014703 0.091703 -0.089410 0.010403 -0.030761 -0.060772 0.141385 0.092483 0.224402 -0.004856 0.113053 -0.051897 -0.168723 -0.354893 0.088809 0.026676 0.143977 0.041943 0.207579 0.147642 -0.100067 -0.030272 0.086663 -0.112915 0.057320 0.236455 -0.043635 -0.135733 0.118709 -0.102321 0.087006 0.076066 0.112339 0.085026 -0.269508 0.156489
wind -0.115729 0.098506 -0.092840 -0.007390 -0.020367 0.161575 0.234389 -0.127049 0.193202 -0.110198 0.334328 -0.066232 -0.004062 0.031949 0.143484 -0.041050 -0.001301 0.273333 -0.060145 0.242043 0.032756 -0.032643 -0.134284 -0.086530 0.026077 -0.064465 0.044782 0.285898 0.058656 -0.269270 -0.094096 0.274926 0.092092 0.063301 0.194603 -0.332892 -0.070470 0.025422 -0.050761 -0.055692 0.192719 -0.091757 -0.082248 0.088604 0.087643 0.061685 -0.028906 0.009835 -0.145788 0.042843
window 0.088135 0.088577 -0.063420 -0.084719 0.039677 -0.182067 -0.065690 -0.170412 -0.173960 -0.101747 0.100497 0.012148 0.063806 -0.030285 -0.105411 -0.053616 0.053750 -0.188681 0.118207 -0.232622 -0.110190 0.197421 -0.293389 -0.115890 0.120291 0.237660 -0.039383 -0.135513 0.004637 -0.025534 -0.109921 -0.129080 -0.009300 0.278230 -0.204331 0.095241 0.040545 0.043060 0.289183 -0.058355 0.080303 0.098299 -0.048363 -0.196954 0.161147 0.222741 0.238618 0.215983 0.004469 -0.050074
with 0.038361 -0.275516 -0.084653 -0.018351 -0.209971 0.118437 0.008033 0.037591 0.124012 -0.116525 0.087914 0.013474 0.016375 -0.036787 0.045865 0.178340 0.001341 -0.025813 0.125252 0.189462 -0.078610 0.070684 -0.153673 -0.124966 0.146358 0.065966 -0.197295 0.024460 0.203066 -0.254599 -0.099683 0.062743 -0.040161 0.191391 0.025228 -0.309786 -0.077864 -0.056149 -0.088880 0.050739 0.095174 -0.199182 0.205283 -0.075557 0.147729 0.190671 0.244683 0.135030 0.306440 -0.118047
within -0.052237 0.012435 0.021334 -0.127348 0.183857 0.163885 -0.175781 0.028657 -0.133873 -0.124418 -0.023464 0.205387 0.272089 0.011342 0.109366 0.084857 0.138543 0.133860 0.009875 0.241131 0.050963 0.088577 -0.052680 -0.327936 0.301183 -0.160434 -0.128971 -0.184134 -0.142665 -0.035652 0.016919 0.062447 0.034549 0.059986 -0.157920 -0.060961 -0.176573 -0.119514 -0.138495 -0.136423 0.065034 -0.106285 -0.142989 0.086059 0.044524 -0.033766 -0.315586 -0.126571 0.051935 0.167857
without -0.153485 -0.011085 -0.023213 -0.080830 0.158152 -0.115811 -0.053234 -0.131696 0.115597 0.271542 -0.034709 -0.192824 0.140717 -0.140970 -0.070177 -0.146774 0.122632 0.171432 -0.153653 -0.234699 0.064187 0.050703 -0.020638 -0.107384 0.126541 -0.097722 0.230141 0.126976 -0.055237 -0.171571 -0.339362 0.153331 -0.006264 -0.045268 0.314739 -0.020411 0.023130 -0.089434 0.222100 0.225461 -0.129417 0.067455 0.094523 0.127985 0.078512 0.000311 0.079504 0.010822 0.203181 -0.026074
word -0.183860 -0.082566 0.246486 -0.266854 -0.124769 -0.000993 0.083923 0.076116 -0.042638 0.138213 -0.142045 0.080424 -0.238374 0.077849 -0.109325 -0.001709 -0.004719 -0.166574 0.197387 -0.051635 -0.100918 0.135514 -0.025849 -0.169771 0.153057 -0.029896 0.189619 -0.260696 0.125991 0.021852 0.034792 -0.105589 0.247225 0.213516 0.215547 0.116362 -0.113719 0.034749 -0.096541 0.138839 0.090627 -0.038683 -0.117397 0.089610 -0.056329 0.183985 0.070996 -0.046010 0.238702 -0.223814
work 0.007239 0.284253 0.087497 -0.024041 -0.141238 0.005786 -0.101417 -0.224996 0.055915 0.097554 -0.014922 0.008984 0.004374 0.052024 -0.099331 -0.121291 0.004804 -0.058652 -0.144600 -0.008670 -0.190838 0.009479 0.000550 0.011183 -0.134820 0.023492 0.233415 0.063044 0.061172 0.235495 0.165834 -0.121986 -0.083749 -0.162267 -0.026373 0.231981 0.063514 0.009686 -0.473900 0.224178 -0.104921 -0.328078 0.033653 -0.009514 0.068687 -0.071979 0.142468 -0.126310 -0.017186 -0.129586
worker 0.358641 0.343959 0.150160 0.287883 0.306025 0.318224 0.305006 0.338822 0.186633 0.185942 -0.135720 -0.055568 -0.137809 -0.077387 -0.120711 -0.130835 -0.002183 -0.125021 -0.098998 -0.190602 0.091089 -0.001617 0.009021 0.005970 0.001442 0.033539 0.031212 -0.006247 -0.018328 -0.072334 -0.018733 -0.013828 0.039846 0.048734 -0.038509 0.048060 -0.053294 0.020241 -0.007633 0.013257 -0.000763 0.049163 0.000353 -0.034747 0.019246 0.006181 0.024924 -0.042964 -0.011087 0.031940
workers -0.135534 0.066766 -0.026905 0.237906 -0.209165 -0.070835 -0.182119 0.146897 -0.197671 -0.217920 0.186628 -0.047267 0.109127 -0.350351 0.049663 0.125342 -0.448584 0.020615 -0.086193 -0.015238 0.026629 -0.149501 -0.178668 -0.062087 0.041541 -0.189797 0.245630 0.036891 0.116349 0.030442 -0.071068 0.059050 0.032323 -0.008642 0.081876 -0.020481 -0.058867 -0.030316 0.078912 -0.156920 0.010157 0.016742 0.268790 0.155756 -0.007943 -0.068654 0.007956 0.030708 -0.055354 0.008090
workforce -0.112285 -0.147526 0.024191 -0.135535 0.037621 -0.068366 -0.070339 -0.203517 0.056180 -0.251203 0.066252 -0.087428 0.071835 0.038371 -0.138982 -0.114182 -0.133414 -0.065755 0.116075 0.025825 0.153099 0.043717 -0.227241 0.029905 0.049472 0.100878 -0.269162 0.477493 -0.092683 0.146394 -0.028083 -0.025048 0.023693 -0.102526 -0.077764 -0.022335 -0.122711 -0.144816 -0.022794 -0.133459 -0.023674 -0.056620 0.134542 -0.001978 -0.083779 0.001355 -0.177487 0.027542 0.334320 0.270890
working 0.171203 0.184979 0.387022 -0.030414 0.129123 -0.249623 0.036500 -0.049147 -0.086185 0.208417 0.092950 -0.083893 -0.061145 -0.028161 -0.039824 -0.256916 0.003784 0.010164 -0.002170 0.063420 0.263915 -0.158195 0.185733 -0.255946 0.088792 0.079875 0.119123 -0.154116 0.174072 -0.048222 -0.006352 0.140117 -0.126419 0.043680 -0.076321 0.201036 0.226894 0.013792 0.063257 0.075920 -0.045303 -0.156512 -0.148326 -0.100613 -0.124620 -0.091959 -0.119099 0.020308 0.156454 -0.117177
workplace 0.033573 -0.046288 -0.098335 -0.253146 -0.117686 -0.052576 0.101642 -0.162756 -0.211423 0.053061 0.266705 0.074629 -0.035574 -0.017155 -0.037815 -0.110628 -0.011916 0.133031 0.222691 0.100643 -0.075105 0.092094 0.145459 0.203516 0.093502 0.045326 0.281730 0.179847 0.063160 -0.004671 -0.119845 0.045418 0.094920 0.056782 0.015018 0.285942 -0.293817 0.165795 0.114010 0.036247 -0.025967 0.216706 -0.163387 -0.173230 -0.259499 -0.151559 0.006120 0.036874 -0.034774 0.115251
worldwide 0.128551 -0.195711 0.070441 0.088017 0.174068 0.128470 -0.044779 0.014714 0.031560 -0.355164 0.043960 -0.042874 0.108160 -0.174452 0.038647 0.082293 -0.044611 -0.063005 -0.034071 -0.067456 -0.076365 0.235390 -0.246007 0.237386 -0.193545 0.141776 0.209587 -0.046823 -0.144112 0.225293 0.165560 0.137152 -0.053107 0.063716 0.161797 -0.030191 0.084033 -0.147009 0.179096 0.054837 0.005117 -0.062610 -0.038804 0.226741 0.100817 -0.166913 -0.151218 0.082191 -0.247229 -0.086984
would 0.013300 0.032896 -0.044267 -0.071286 -0.079752 -0.137008 -0.179484 0.171318 -0.062403 0.111787 0.247720 -0.166058 -0.009324 -0.062966 -0.019556 -0.020730 -0.014960 0.039364 -0.257071 -0.177847 -0.122050 -0.111920 0.268523 0.276832 -0.061899 0.148121 -0.078620 0.064323 0.264081 0.142875 -0.049722 -0.072989 -0.046413 0.098782 0.139275 -0.082501 0.060566 0.197593 0.125087 -0.080976 -0.171250 0.163467 -0.172354 0.037462 -0.067979 -0.198222 0.330349 0.004498 0.021403 0.203486
write 0.038243 0.037968 0.289971 0.047380 0.087729 0.037861 0.021140 0.205720 -0.019561 -0.175251 -0.256600 -0.249572 0.096268 -0.029323 0.024911 0.203925 0.008096 0.093757 -0.382246 -0.354058 0.105122 -0.104903 0.216526 -0.072609 -0.064623 0.179538 -0.149106 -0.060715 0.173102 -0.154112 0.089576 -0.040550 0.008897 -0.204734 -0.180019 0.062577 0.095310 -0.095099 -0.050538 -0.087418 0.019206 -0.068726 -0.068276 -0.108405 0.023954 0.026132 -0.016215 0.105837 0.124658 -0.103227
year -0.031516 -0.085624 0.120245 0.047383 -0.035772 0.153104 -0.074281 -0.274913 -0.231691 -0.101648 -0.040968 -0.124531 -0.096706 -0.186694 -0.213004 0.183361 -0.070356 -0.076328 -0.116665 -0.144265 0.207554 -0.092362 -0.122994 -0.035053 -0.041363 -0.095944 0.003936 0.044365 0.085488 0.011046 -0.043222 0.078471 -0.020466 -0.040637 -0.084359 0.261512 -0.170357 -0.177476 0.345217 0.127231 -0.038459 0.119190 -0.065732 0.197721 -0.047754 -0.026468 0.098184 0.063275 0.304837 0.284834
you -0.094341 -0.210447 0.019045 -0.049777 0.091728 0.052679 0.059116 0.044604 0.209429 0.322470 -0.202092 -0.093588 0.124890 0.013095 0.007792 0.100437 0.011578 -0.052768 0.201858 0.101315 0.059211 -0.221236 -0.040490 0.256993 -0.105604 0.202766 0.040639 0.199314 0.027207 0.177277 -0.114296 0.046169 0.210250 -0.122738 0.104812 -0.112434 -0.339891 0.014108 -0.047123 -0.057766 0.162335 -0.084062 -0.063722 -0.159986 0.058205 -0.012286 0.026602 -0.090489 -0.229697 -0.237510
young 0.246613 -0.026303 0.077563 0.172221 -0.009382 0.052635 0.069571 0.093894 0.036740 -0.051307 0.060367 0.040489 0.161314 0.142745 0.136731 -0.191179 -0.022311 -0.003385 -0.012623 0.083278 -0.030977 0.109595 -0.043054 0.160913 0.051240 0.239517 0.269034 -0.370675 -0.102361 -0.083331 0.180371 0.010394 0.101855 -0.123520 0.090442 0.254035 -0.157746 0.120817 -0.150606 0.012602 0.160424 0.098771 -0.178958 -0.089378 0.033692 -0.040853 0.168632 0.063428 0.173475 0.325120
your 0.075201 -0.174731 -0.117506 0.016011 0.077549 -0.104076 0.142853 -0.120397 -0.319389 -0.184551 0.051119 -0.000835 0.118777 0.009272 -0.030733 -0.166749 -0.071267 0.090887 0.191344 -0.043485 0.026629 -0.145203 -0.127105 -0.218272 -0.076919 0.108647 -0.029737 -0.020087 0.054227 0.105543 0.115204 -0.104809 -0.155801 0.093394 -0.208832 0.144908 0.050179 -0.141438 -0.128863 -0.114347 -0.275988 0.257735 -0.021466 -0.059496 -0.048558 0.095184 -0.358094 -0.207661 -0.186558 -0.087256
zero -0.105449 0.069657 0.097682 0.066748 0.014510 -0.097930 -0.034200 -0.145824 0.150409 0.012065 0.081755 0.120777 0.292867 0.166235 0.018659 0.001274 0.010788 0.161001 -0.065360 0.087974 -0.048731 -0.194778 -0.061525 -0.151677 0.034341 -0.104707 -0.200438 0.213189 0.201735 -0.203099 0.234664 -0.174796 -0.076269 0.058856 -0.093079 -0.250512 0.024344 0.227274 -0.220620 0.125262 0.083259 0.281787 -0.125690 -0.206545 -0.085914 0.169396 0.069958 -0.082527 0.033272 -0.136085
zoning 0.024328 -0.067065 0.239911 -0.041167 0.220288 -0.015618 0.136986 0.142934 0.031883 -0.145500 0.050031 0.013507 0.016842 -0.121563 0.028893 -0.035712 0.081785 -0.073130 -0.057324 0.046223 -0.447521 0.128328 -0.030798 0.000989 -0.076016 0.063313 -0.040410 0.326033 0.042574 -0.184809 -0.103401 0.310239 -0.148159 -0.072343 0.046856 -0.233660 0.154334 -0.133001 0.119269 0.197382 0.042033 -0.084606 -0.122352 -0.025448 -0.049469 0.240944 -0.166883 0.047514 0.114790 -0.053613
